,Version,Notes,LossFunction,Optimizer,LearningRate,NumberOfEpochs,ModelStructure,Dropout,HiddenDim,HiddenDimSize,DatasetName,BatchSize,TrainTest,MaxSamples,Dataparallel,NumberOfWorkers,Device,AlphaForADMM,RhoForADMM,LayerPruneTargets,WeightPrunePercent,PruningSelection,BERTTheseusStartingLearningRate,BERTTheseusLearningRateModifier,AlphaForTOFD,BetaForTOFD,tForTOFD,LassoForDAIS,LayerIteration,SaveLocation,FromSaveLocation,NumClasses,NumFeatures,ProcessID,StartTime,cpuModel,TimeForPrune,Memory,CudaMemory,LengthOfTrainingData,LengthOfValidationData,total_loss,f1_score_weight,f1_score_macro,mean_loss,val_total_loss,val_f1_score_weight,val_f1_score_macro,val_mean_loss,epoch,Epoch waypoint 0 mean_loss,-Waypoint_0-,Epoch waypoint 1 mean_loss,-Waypoint_1-,Epoch waypoint 2 mean_loss,-Waypoint_2-,Epoch waypoint 3 mean_loss,-Waypoint_3-,Epoch waypoint 4 mean_loss,-Waypoint_4-,TimeForRun,macs,parameters,NumberOfZeros,ModelWeightStructure,ModelWeightStructurePruneZero,GarbageCollectionSizeTotal,AssociatedOriginalRow
0,v0.92 - 92,0,CrossEntropy,Adam,0.0009,150,MainLinear,0.000224328,27,875,ACI,3000,0.2,0,-2,3,cuda,0.001,0.001,"[866, 866, 866, 866, 866, 866, 866, 866, 866, 866, 866, 866, 866, 866, 866, 866, 866, 866, 866, 866, 866, 866, 866, 866, 866, 866, 866, 866, 20]","[0.99, 0.99, 0.99, 0.99, 0.99, 0.99, 0.99, 0.99, 0.99, 0.99, 0.99, 0.99, 0.99, 0.99, 0.99, 0.99, 0.99, 0.99, 0.99, 0.99, 0.99, 0.99, 0.99, 0.99, 0.99, 0.99, 0.99, 0.99, 1.0]",,0.5,0.5,0.05,0.03,3.0,False,"[10, 30, 30, 30, 30, 30, 30, 30, 30, 30, 30, 30, 30, 30, 30, 30, 30, 30, 30, 30, 30, 30, 30, 30, 30, 30, 30, 30, 20]",ModelStateDict1726689934.8762655.pt,,20,1516,2987565,2024-09-18 19:46:26.576141,x86_64,0.039914846420288,-0.7413759999999456,0.0,18113.0,4528.0,2.554810792207718,0.8652874764334546,0.4547810491266881,0.000141048462,0.9935958385467528,0.8476074710536102,0.4427931736922306,0.0002194337099264,149.0,0.0006741351269941,ModelStateDict-Waypoint_0-1726689009.6941183.pt,0.0005232790189991,ModelStateDict-Waypoint_1-1726689237.7338672.pt,0.0005377452469461,ModelStateDict-Waypoint_2-1726689466.6375725.pt,0.0004667726080612,ModelStateDict-Waypoint_3-1726689696.794863.pt,0.0001490074672882,ModelStateDict-Waypoint_4-1726689926.2841961.pt,1147.401573896408,22015875.0,22040395.0,0.0,"1516/875, 875/875, 875/875, 875/875, 875/875, 875/875, 875/875, 875/875, 875/875, 875/875, 875/875, 875/875, 875/875, 875/875, 875/875, 875/875, 875/875, 875/875, 875/875, 875/875, 875/875, 875/875, 875/875, 875/875, 875/875, 875/875, 875/875, 875/875, 875/20","1516/875, 875/875, 875/875, 875/875, 875/875, 875/875, 875/875, 875/875, 875/875, 875/875, 875/875, 875/875, 875/875, 875/875, 875/875, 875/875, 875/875, 875/875, 875/875, 875/875, 875/875, 875/875, 875/875, 875/875, 875/875, 875/875, 875/875, 875/875, 875/20",225280.0,
1,v0.92 - 92,0,CrossEntropy,Adam,0.000904255,100,MainLinear,0.000224328,27,875,ACI,3000,0.2,100,-2,3,cuda,0.001,0.001,"[866, 866, 866, 866, 866, 866, 866, 866, 866, 866, 866, 866, 866, 866, 866, 866, 866, 866, 866, 866, 866, 866, 866, 866, 866, 866, 866, 866, 20]","[0.99, 0.99, 0.99, 0.99, 0.99, 0.99, 0.99, 0.99, 0.99, 0.99, 0.99, 0.99, 0.99, 0.99, 0.99, 0.99, 0.99, 0.99, 0.99, 0.99, 0.99, 0.99, 0.99, 0.99, 0.99, 0.99, 0.99, 0.99, 1.0]",,0.5,0.5,0.05,0.03,3.0,False,"[10, 30, 30, 30, 30, 30, 30, 30, 30, 30, 30, 30, 30, 30, 30, 30, 30, 30, 30, 30, 30, 30, 30, 30, 30, 30, 30, 30, 20]",ModelStateDict1726690086.4886305.pt,,20,1516,1862296,2024-09-18 20:07:27.998988,x86_64,0.0409588813781738,34.43507200000022,0.0,80.0,20.0,12.22166633605957,0.1384615384615384,0.0659340659340659,0.1527708292007446,2.270721912384033,0.0391304347826086,0.0434782608695652,0.1135360956192016,99.0,0.020970407128334,ModelStateDict-Waypoint_0-1726690055.029939.pt,0.0203939467668533,ModelStateDict-Waypoint_1-1726690062.9664404.pt,0.0202671736478805,ModelStateDict-Waypoint_2-1726690070.4236507.pt,0.0243387147784233,ModelStateDict-Waypoint_3-1726690077.3046176.pt,0.0177166476845741,ModelStateDict-Waypoint_4-1726690084.8262737.pt,37.88493061065674,22015875.0,22040395.0,0.0,"1516/875, 875/875, 875/875, 875/875, 875/875, 875/875, 875/875, 875/875, 875/875, 875/875, 875/875, 875/875, 875/875, 875/875, 875/875, 875/875, 875/875, 875/875, 875/875, 875/875, 875/875, 875/875, 875/875, 875/875, 875/875, 875/875, 875/875, 875/875, 875/20","1516/875, 875/875, 875/875, 875/875, 875/875, 875/875, 875/875, 875/875, 875/875, 875/875, 875/875, 875/875, 875/875, 875/875, 875/875, 875/875, 875/875, 875/875, 875/875, 875/875, 875/875, 875/875, 875/875, 875/875, 875/875, 875/875, 875/875, 875/875, 875/20",225280.0,
2,v0.92 - 92,0,CrossEntropy,Adam,0.000904255,100,MainLinear,0.000224328,27,875,ACI,3000,0.2,100,-2,3,cuda,0.001,0.001,"[866, 866, 866, 866, 866, 866, 866, 866, 866, 866, 866, 866, 866, 866, 866, 866, 866, 866, 866, 866, 866, 866, 866, 866, 866, 866, 866, 866, 20]","[0.99, 0.99, 0.99, 0.99, 0.99, 0.99, 0.99, 0.99, 0.99, 0.99, 0.99, 0.99, 0.99, 0.99, 0.99, 0.99, 0.99, 0.99, 0.99, 0.99, 0.99, 0.99, 0.99, 0.99, 0.99, 0.99, 0.99, 0.99, 1.0]",ADDM_Joint,0.5,0.5,0.05,0.03,3.0,False,"[10, 30, 30, 30, 30, 30, 30, 30, 30, 30, 30, 30, 30, 30, 30, 30, 30, 30, 30, 30, 30, 30, 30, 30, 30, 30, 30, 30, 20]",,ModelStateDict1726689934.8762655.pt,20,1516,2988399,2024-09-18 20:08:21.942812,x86_64,63.89127492904663,1095.651328,359326720.0,80.0,20.0,1.2346616983413696,0.4422785547785547,0.2141192141192141,0.0154332712292671,1.5672504901885986,0.3427272727272727,0.2393939393939394,0.0783625245094299,0.0,,,,,,,,,,,1.5222349166870115,22015875.0,22040395.0,444479.0,"1516/875, 875/875, 875/875, 875/875, 875/875, 875/875, 875/875, 875/875, 875/875, 875/875, 875/875, 875/875, 875/875, 875/875, 875/875, 875/875, 875/875, 875/875, 875/875, 875/875, 875/875, 875/875, 875/875, 875/875, 875/875, 875/875, 875/875, 875/875, 875/20","1516/866, 875/866, 875/866, 875/866, 875/866, 875/866, 875/866, 875/866, 875/866, 875/866, 875/866, 875/866, 875/866, 875/866, 875/866, 875/866, 875/866, 875/866, 875/866, 875/866, 875/866, 875/866, 875/866, 875/866, 875/866, 875/866, 875/866, 875/866, 875/20",244836.0,0.0
3,v0.92 - 92,0,CrossEntropy,Adam,0.000904255,100,MainLinear,0.000224328,27,875,ACI,3000,0.2,100,-2,3,cuda,0.001,0.001,"[612, 612, 612, 612, 612, 612, 612, 612, 612, 612, 612, 612, 612, 612, 612, 612, 612, 612, 612, 612, 612, 612, 612, 612, 612, 612, 612, 612, 20]","[0.7, 0.7, 0.7, 0.7, 0.7, 0.7, 0.7, 0.7, 0.7, 0.7, 0.7, 0.7, 0.7, 0.7, 0.7, 0.7, 0.7, 0.7, 0.7, 0.7, 0.7, 0.7, 0.7, 0.7, 0.7, 0.7, 0.7, 0.7, 1.0]",ADDM_Joint,0.5,0.5,0.05,0.03,3.0,False,"[10, 30, 30, 30, 30, 30, 30, 30, 30, 30, 30, 30, 30, 30, 30, 30, 30, 30, 30, 30, 30, 30, 30, 30, 30, 30, 30, 30, 20]",,ModelStateDict1726689934.8762655.pt,20,1516,2988399,2024-09-18 20:09:40.598003,x86_64,70.67106652259827,605.7123840000004,342437888.0,80.0,20.0,1.6610008478164673,0.2745336442371752,0.152279432759113,0.0207625105977058,2.145425796508789,0.094047619047619,0.115079365079365,0.1072712898254394,0.0,,,,,,,,,,,1.5634379386901855,22015875.0,22040395.0,11103167.0,"1516/875, 875/875, 875/875, 875/875, 875/875, 875/875, 875/875, 875/875, 875/875, 875/875, 875/875, 875/875, 875/875, 875/875, 875/875, 875/875, 875/875, 875/875, 875/875, 875/875, 875/875, 875/875, 875/875, 875/875, 875/875, 875/875, 875/875, 875/875, 875/20","1516/612, 875/612, 875/612, 875/612, 875/612, 875/612, 875/612, 875/612, 875/612, 875/612, 875/612, 875/612, 875/612, 875/612, 875/612, 875/612, 875/612, 875/612, 875/612, 875/612, 875/612, 875/612, 875/612, 875/612, 875/612, 875/612, 875/612, 875/612, 875/20",489560.0,0.0
4,v0.92 - 92,0,CrossEntropy,Adam,0.000904255,100,MainLinear,0.000224328,27,875,ACI,3000,0.2,100,-2,3,cuda,0.001,0.001,"[866, 866, 866, 866, 866, 866, 866, 866, 866, 866, 866, 866, 866, 866, 866, 866, 866, 866, 866, 866, 866, 866, 866, 866, 866, 866, 866, 866, 20]","[0.99, 0.99, 0.99, 0.99, 0.99, 0.99, 0.99, 0.99, 0.99, 0.99, 0.99, 0.99, 0.99, 0.99, 0.99, 0.99, 0.99, 0.99, 0.99, 0.99, 0.99, 0.99, 0.99, 0.99, 0.99, 0.99, 0.99, 0.99, 1.0]",BERT_theseus_training|BERT_theseus,0.5,0.5,0.05,0.03,3.0,False,"[10, 30, 30, 30, 30, 30, 30, 30, 30, 30, 30, 30, 30, 30, 30, 30, 30, 30, 30, 30, 30, 30, 30, 30, 30, 30, 30, 30, 20]",,ModelStateDict1726689934.8762655.pt,20,1516,3825485,2024-09-18 20:10:37.275523,x86_64,42.79164385795593,263.79468799999995,459131904.0,80.0,20.0,1.700955152511597,0.1384615384615384,0.0659340659340659,0.0212619394063949,1.8668327331542969,0.0391304347826086,0.0434782608695652,0.0933416366577148,99.0,0.0235336750745773,,0.0224904611706733,,0.0218853428959846,,0.0215148851275444,,0.0212718576192855,,33.60423922538757,22015875.0,22040395.0,2.0,"1516/875, 875/875, 875/875, 875/875, 875/875, 875/875, 875/875, 875/875, 875/875, 875/875, 875/875, 875/875, 875/875, 875/875, 875/875, 875/875, 875/875, 875/875, 875/875, 875/875, 875/875, 875/875, 875/875, 875/875, 875/875, 875/875, 875/875, 875/875, 875/20","1516/875, 875/875, 875/875, 875/875, 875/875, 875/875, 875/875, 875/875, 875/875, 875/875, 875/875, 875/875, 875/875, 875/875, 875/875, 875/875, 875/875, 875/875, 875/875, 875/875, 875/875, 875/875, 875/875, 875/875, 875/875, 875/875, 875/875, 875/875, 875/20",374643.0,0.0
5,v0.92 - 92,0,CrossEntropy,Adam,0.000904255,100,MainLinear,0.000224328,27,875,ACI,3000,0.2,100,-2,3,cuda,0.001,0.001,"[498, 498, 498, 498, 498, 498, 498, 498, 498, 498, 498, 498, 498, 498, 498, 498, 498, 498, 498, 498, 498, 498, 498, 498, 498, 498, 498, 498, 20]","[0.57, 0.57, 0.57, 0.57, 0.57, 0.57, 0.57, 0.57, 0.57, 0.57, 0.57, 0.57, 0.57, 0.57, 0.57, 0.57, 0.57, 0.57, 0.57, 0.57, 0.57, 0.57, 0.57, 0.57, 0.57, 0.57, 0.57, 0.57, 1.0]",ADDM_Joint,0.5,0.5,0.05,0.03,3.0,False,"[10, 30, 30, 30, 30, 30, 30, 30, 30, 30, 30, 30, 30, 30, 30, 30, 30, 30, 30, 30, 30, 30, 30, 30, 30, 30, 30, 30, 20]",,ModelStateDict1726689934.8762655.pt,20,1516,2988399,2024-09-18 20:11:01.439324,x86_64,72.65533900260925,721.3998080000001,342956032.0,80.0,20.0,1.8878902196884155,0.0454301075268817,0.0399385560675883,0.0235986277461051,2.217336177825928,0.0181818181818181,0.0303030303030303,0.1108668088912963,0.0,,,,,,,,,,,1.519012451171875,22015875.0,22040395.0,14714390.0,"1516/875, 875/875, 875/875, 875/875, 875/875, 875/875, 875/875, 875/875, 875/875, 875/875, 875/875, 875/875, 875/875, 875/875, 875/875, 875/875, 875/875, 875/875, 875/875, 875/875, 875/875, 875/875, 875/875, 875/875, 875/875, 875/875, 875/875, 875/875, 875/20","1516/498, 875/498, 875/498, 875/498, 875/498, 875/498, 875/498, 875/498, 875/498, 875/498, 875/498, 875/498, 875/498, 875/498, 875/498, 875/498, 875/498, 875/498, 875/498, 875/498, 875/498, 875/498, 875/498, 875/498, 875/498, 875/498, 875/498, 875/498, 875/20",659228.0,0.0
6,v0.92 - 92,0,CrossEntropy,Adam,0.000904255,100,MainLinear,0.000224328,27,875,ACI,3000,0.2,100,-2,3,cuda,0.001,0.001,"[866, 866, 866, 866, 866, 866, 866, 866, 866, 866, 866, 866, 866, 866, 866, 866, 866, 866, 866, 866, 866, 866, 866, 866, 866, 866, 866, 866, 20]","[0.99, 0.99, 0.99, 0.99, 0.99, 0.99, 0.99, 0.99, 0.99, 0.99, 0.99, 0.99, 0.99, 0.99, 0.99, 0.99, 0.99, 0.99, 0.99, 0.99, 0.99, 0.99, 0.99, 0.99, 0.99, 0.99, 0.99, 0.99, 1.0]",iteritive_full_theseus_training|iteritive_full_theseus,0.5,0.5,0.05,0.03,3.0,False,"[10, 30, 30, 30, 30, 30, 30, 30, 30, 30, 30, 30, 30, 30, 30, 30, 30, 30, 30, 30, 30, 30, 30, 30, 30, 30, 30, 30, 20]",,ModelStateDict1726689934.8762655.pt,20,1516,1862729,2024-09-18 20:11:44.409659,x86_64,180.866681098938,516.775936,364644352.0,80.0,20.0,2.395930528640747,0.1384615384615384,0.0659340659340659,0.0299491316080093,2.4579732418060303,0.0391304347826086,0.0434782608695652,0.1228986620903015,99.0,0.0299491316080093,,0.0299491316080093,,0.0299491316080093,,0.0299491316080093,,0.0299491316080093,,41.552878856658936,21627315.0,21651611.0,2.0,"1516/867, 867/867, 867/867, 867/867, 867/867, 867/867, 867/867, 867/867, 867/867, 867/867, 867/867, 867/867, 867/867, 867/867, 867/867, 867/867, 867/867, 867/867, 867/867, 867/867, 867/867, 867/867, 867/867, 867/867, 867/867, 867/867, 867/867, 867/867, 867/20","1516/867, 867/867, 867/867, 867/867, 867/867, 867/867, 867/867, 867/867, 867/867, 867/867, 867/867, 867/867, 867/867, 867/867, 867/867, 867/867, 867/867, 867/867, 867/867, 867/867, 867/867, 867/867, 867/867, 867/867, 867/867, 867/867, 867/867, 867/867, 867/20",371510.0,0.0
7,v0.92 - 92,0,CrossEntropy,Adam,0.000904255,100,MainLinear,0.000224328,27,875,ACI,3000,0.2,100,-2,3,cuda,0.001,0.001,"[612, 612, 612, 612, 612, 612, 612, 612, 612, 612, 612, 612, 612, 612, 612, 612, 612, 612, 612, 612, 612, 612, 612, 612, 612, 612, 612, 612, 20]","[0.7, 0.7, 0.7, 0.7, 0.7, 0.7, 0.7, 0.7, 0.7, 0.7, 0.7, 0.7, 0.7, 0.7, 0.7, 0.7, 0.7, 0.7, 0.7, 0.7, 0.7, 0.7, 0.7, 0.7, 0.7, 0.7, 0.7, 0.7, 1.0]",BERT_theseus_training|BERT_theseus,0.5,0.5,0.05,0.03,3.0,False,"[10, 30, 30, 30, 30, 30, 30, 30, 30, 30, 30, 30, 30, 30, 30, 30, 30, 30, 30, 30, 30, 30, 30, 30, 30, 30, 30, 30, 20]",,ModelStateDict1726689934.8762655.pt,20,1516,3825485,2024-09-18 20:11:54.654945,x86_64,39.30858778953552,112.56217599999944,441423872.0,80.0,20.0,1.7837806940078735,0.1283980582524271,0.0638002773925104,0.0222972586750984,1.90336549282074,0.1814814814814814,0.0864197530864197,0.0951682746410369,99.0,0.0254557609558105,,0.0242001175880432,,0.0233485847711563,,0.0227508977055549,,0.0223158240318298,,48.42380690574646,22015875.0,22040395.0,4.0,"1516/875, 875/875, 875/875, 875/875, 875/875, 875/875, 875/875, 875/875, 875/875, 875/875, 875/875, 875/875, 875/875, 875/875, 875/875, 875/875, 875/875, 875/875, 875/875, 875/875, 875/875, 875/875, 875/875, 875/875, 875/875, 875/875, 875/875, 875/875, 875/20","1516/875, 875/875, 875/875, 875/875, 875/875, 875/875, 875/875, 875/875, 875/875, 875/875, 875/875, 875/875, 875/875, 875/875, 875/875, 875/875, 875/875, 875/875, 875/875, 875/875, 875/875, 875/875, 875/875, 875/875, 875/875, 875/875, 875/875, 875/875, 875/20",749174.0,0.0
8,v0.92 - 92,0,CrossEntropy,Adam,0.000904255,100,MainLinear,0.000224328,27,875,ACI,3000,0.2,100,-2,3,cuda,0.001,0.001,"[428, 428, 428, 428, 428, 428, 428, 428, 428, 428, 428, 428, 428, 428, 428, 428, 428, 428, 428, 428, 428, 428, 428, 428, 428, 428, 428, 428, 20]","[0.49, 0.49, 0.49, 0.49, 0.49, 0.49, 0.49, 0.49, 0.49, 0.49, 0.49, 0.49, 0.49, 0.49, 0.49, 0.49, 0.49, 0.49, 0.49, 0.49, 0.49, 0.49, 0.49, 0.49, 0.49, 0.49, 0.49, 0.49, 1.0]",ADDM_Joint,0.5,0.5,0.05,0.03,3.0,False,"[10, 30, 30, 30, 30, 30, 30, 30, 30, 30, 30, 30, 30, 30, 30, 30, 30, 30, 30, 30, 30, 30, 30, 30, 30, 30, 30, 30, 20]",,ModelStateDict1726689934.8762655.pt,20,1516,2988399,2024-09-18 20:12:23.013499,x86_64,73.38215923309326,670.0974080000005,342086656.0,80.0,20.0,1.8497930765151973,0.1384615384615384,0.0659340659340659,0.0231224134564399,2.16465163230896,0.0391304347826086,0.0434782608695652,0.1082325816154479,0.0,,,,,,,,,,,2.303905963897705,22015875.0,22040395.0,16654354.0,"1516/875, 875/875, 875/875, 875/875, 875/875, 875/875, 875/875, 875/875, 875/875, 875/875, 875/875, 875/875, 875/875, 875/875, 875/875, 875/875, 875/875, 875/875, 875/875, 875/875, 875/875, 875/875, 875/875, 875/875, 875/875, 875/875, 875/875, 875/875, 875/20","1516/428, 875/428, 875/428, 875/428, 875/428, 875/428, 875/428, 875/428, 875/428, 875/428, 875/428, 875/428, 875/428, 875/428, 875/428, 875/428, 875/428, 875/428, 875/428, 875/428, 875/428, 875/428, 875/428, 875/428, 875/428, 875/428, 875/428, 875/428, 875/20",828896.0,0.0
9,v0.92 - 92,0,CrossEntropy,Adam,0.000904255,100,MainLinear,0.000224328,27,875,ACI,3000,0.2,100,-2,3,cuda,0.001,0.001,"[498, 498, 498, 498, 498, 498, 498, 498, 498, 498, 498, 498, 498, 498, 498, 498, 498, 498, 498, 498, 498, 498, 498, 498, 498, 498, 498, 498, 20]","[0.57, 0.57, 0.57, 0.57, 0.57, 0.57, 0.57, 0.57, 0.57, 0.57, 0.57, 0.57, 0.57, 0.57, 0.57, 0.57, 0.57, 0.57, 0.57, 0.57, 0.57, 0.57, 0.57, 0.57, 0.57, 0.57, 0.57, 0.57, 1.0]",BERT_theseus_training|BERT_theseus,0.5,0.5,0.05,0.03,3.0,False,"[10, 30, 30, 30, 30, 30, 30, 30, 30, 30, 30, 30, 30, 30, 30, 30, 30, 30, 30, 30, 30, 30, 30, 30, 30, 30, 30, 30, 20]",,ModelStateDict1726689934.8762655.pt,20,1516,3825485,2024-09-18 20:13:26.625806,x86_64,39.28040790557861,116.83020800000033,441273344.0,80.0,20.0,1.7255544662475586,0.1283980582524271,0.0638002773925104,0.0215694308280944,1.8850663900375368,0.1814814814814814,0.0864197530864197,0.0942533195018768,99.0,0.0240715458989143,,0.0229760810732841,,0.0223063558340072,,0.0218756839632988,,0.0215816423296928,,37.36643934249878,22015875.0,22040395.0,2.0,"1516/875, 875/875, 875/875, 875/875, 875/875, 875/875, 875/875, 875/875, 875/875, 875/875, 875/875, 875/875, 875/875, 875/875, 875/875, 875/875, 875/875, 875/875, 875/875, 875/875, 875/875, 875/875, 875/875, 875/875, 875/875, 875/875, 875/875, 875/875, 875/20","1516/875, 875/875, 875/875, 875/875, 875/875, 875/875, 875/875, 875/875, 875/875, 875/875, 875/875, 875/875, 875/875, 875/875, 875/875, 875/875, 875/875, 875/875, 875/875, 875/875, 875/875, 875/875, 875/875, 875/875, 875/875, 875/875, 875/875, 875/875, 875/20",1048649.0,0.0
10,v0.92 - 92,0,CrossEntropy,Adam,0.000904255,100,MainLinear,0.000224328,27,875,ACI,3000,0.2,100,-2,3,cuda,0.001,0.001,"[385, 385, 385, 385, 385, 385, 385, 385, 385, 385, 385, 385, 385, 385, 385, 385, 385, 385, 385, 385, 385, 385, 385, 385, 385, 385, 385, 385, 20]","[0.44, 0.44, 0.44, 0.44, 0.44, 0.44, 0.44, 0.44, 0.44, 0.44, 0.44, 0.44, 0.44, 0.44, 0.44, 0.44, 0.44, 0.44, 0.44, 0.44, 0.44, 0.44, 0.44, 0.44, 0.44, 0.44, 0.44, 0.44, 1.0]",ADDM_Joint,0.5,0.5,0.05,0.03,3.0,False,"[10, 30, 30, 30, 30, 30, 30, 30, 30, 30, 30, 30, 30, 30, 30, 30, 30, 30, 30, 30, 30, 30, 30, 30, 30, 30, 30, 30, 20]",,ModelStateDict1726689934.8762655.pt,20,1516,2988399,2024-09-18 20:13:46.442195,x86_64,73.63235425949097,848.1013760000005,342437888.0,80.0,20.0,1.9330745935440063,0.0454301075268817,0.0399385560675883,0.0241634324193,2.2722597122192383,0.0181818181818181,0.0303030303030303,0.1136129856109619,0.0,,,,,,,,,,,1.8266935348510744,22015875.0,22040395.0,17633587.0,"1516/875, 875/875, 875/875, 875/875, 875/875, 875/875, 875/875, 875/875, 875/875, 875/875, 875/875, 875/875, 875/875, 875/875, 875/875, 875/875, 875/875, 875/875, 875/875, 875/875, 875/875, 875/875, 875/875, 875/875, 875/875, 875/875, 875/875, 875/875, 875/20","1516/385, 875/385, 875/385, 875/385, 875/385, 875/385, 875/385, 875/385, 875/385, 875/385, 875/385, 875/385, 875/385, 875/385, 875/385, 875/385, 875/385, 875/385, 875/385, 875/385, 875/385, 875/385, 875/385, 875/385, 875/385, 875/385, 875/385, 875/385, 875/20",998564.0,0.0
11,v0.92 - 92,0,CrossEntropy,Adam,0.000904255,100,MainLinear,0.000224328,27,875,ACI,3000,0.2,100,-2,3,cuda,0.001,0.001,"[428, 428, 428, 428, 428, 428, 428, 428, 428, 428, 428, 428, 428, 428, 428, 428, 428, 428, 428, 428, 428, 428, 428, 428, 428, 428, 428, 428, 20]","[0.49, 0.49, 0.49, 0.49, 0.49, 0.49, 0.49, 0.49, 0.49, 0.49, 0.49, 0.49, 0.49, 0.49, 0.49, 0.49, 0.49, 0.49, 0.49, 0.49, 0.49, 0.49, 0.49, 0.49, 0.49, 0.49, 0.49, 0.49, 1.0]",BERT_theseus_training|BERT_theseus,0.5,0.5,0.05,0.03,3.0,False,"[10, 30, 30, 30, 30, 30, 30, 30, 30, 30, 30, 30, 30, 30, 30, 30, 30, 30, 30, 30, 30, 30, 30, 30, 30, 30, 30, 30, 20]",,ModelStateDict1726689934.8762655.pt,20,1516,3825485,2024-09-18 20:15:48.500917,x86_64,100.08336353302002,-711.9257600000001,-264985600.0,80.0,20.0,1.698349952697754,0.1283980582524271,0.0638002773925104,0.0212293744087219,1.86660385131836,0.1814814814814814,0.0864197530864197,0.0933301925659179,99.0,0.0234205052256584,,0.0224101781845092,,0.0218284517526626,,0.0214728266000747,,0.0212389349937438,,31.65176367759705,22015875.0,22040395.0,1.0,"1516/875, 875/875, 875/875, 875/875, 875/875, 875/875, 875/875, 875/875, 875/875, 875/875, 875/875, 875/875, 875/875, 875/875, 875/875, 875/875, 875/875, 875/875, 875/875, 875/875, 875/875, 875/875, 875/875, 875/875, 875/875, 875/875, 875/875, 875/875, 875/20","1516/875, 875/875, 875/875, 875/875, 875/875, 875/875, 875/875, 875/875, 875/875, 875/875, 875/875, 875/875, 875/875, 875/875, 875/875, 875/875, 875/875, 875/875, 875/875, 875/875, 875/875, 875/875, 875/875, 875/875, 875/875, 875/875, 875/875, 875/875, 875/20",749174.0,0.0
12,v0.92 - 92,0,CrossEntropy,Adam,0.000904255,100,MainLinear,0.000224328,27,875,ACI,3000,0.2,100,-2,3,cuda,0.001,0.001,"[385, 385, 385, 385, 385, 385, 385, 385, 385, 385, 385, 385, 385, 385, 385, 385, 385, 385, 385, 385, 385, 385, 385, 385, 385, 385, 385, 385, 20]","[0.44, 0.44, 0.44, 0.44, 0.44, 0.44, 0.44, 0.44, 0.44, 0.44, 0.44, 0.44, 0.44, 0.44, 0.44, 0.44, 0.44, 0.44, 0.44, 0.44, 0.44, 0.44, 0.44, 0.44, 0.44, 0.44, 0.44, 0.44, 1.0]",BERT_theseus_training|BERT_theseus,0.5,0.5,0.05,0.03,3.0,False,"[10, 30, 30, 30, 30, 30, 30, 30, 30, 30, 30, 30, 30, 30, 30, 30, 30, 30, 30, 30, 30, 30, 30, 30, 30, 30, 30, 30, 20]",,ModelStateDict1726689934.8762655.pt,20,1516,3825485,2024-09-18 20:16:49.365842,x86_64,24.9439377784729,114.94195200000011,356384768.0,80.0,20.0,1.826982855796814,0.1283980582524271,0.0638002773925104,0.0228372856974601,1.8754228353500368,0.1814814814814814,0.0864197530864197,0.0937711417675018,99.0,0.0262046515941619,,0.0249075219035148,,0.0239991039037704,,0.0233460143208503,,0.0228584259748458,,32.91189789772034,11297125.0,11309395.0,0.0,"1516/875, 875/875, 875/875, 875/875, 875/875, 875/875, 875/875, 875/875, 875/875, 875/875, 875/875, 875/875, 875/875, 875/875, 875/20","1516/875, 875/875, 875/875, 875/875, 875/875, 875/875, 875/875, 875/875, 875/875, 875/875, 875/875, 875/875, 875/875, 875/875, 875/20",1011927.0,0.0
13,v0.92 - 92,0,CrossEntropy,Adam,0.000904255,100,MainLinear,0.000224328,27,875,ACI,3000,0.2,100,-2,3,cuda,0.001,0.001,"[866, 866, 866, 866, 866, 866, 866, 866, 866, 866, 866, 866, 866, 866, 866, 866, 866, 866, 866, 866, 866, 866, 866, 866, 866, 866, 866, 866, 20]","[0.99, 0.99, 0.99, 0.99, 0.99, 0.99, 0.99, 0.99, 0.99, 0.99, 0.99, 0.99, 0.99, 0.99, 0.99, 0.99, 0.99, 0.99, 0.99, 0.99, 0.99, 0.99, 0.99, 0.99, 0.99, 0.99, 0.99, 0.99, 1.0]",DAIS_training|DAIS,0.5,0.5,0.05,0.03,3.0,False,"[10, 30, 30, 30, 30, 30, 30, 30, 30, 30, 30, 30, 30, 30, 30, 30, 30, 30, 30, 30, 30, 30, 30, 30, 30, 30, 30, 30, 20]",,ModelStateDict1726689934.8762655.pt,20,1516,2990955,2024-09-18 20:22:59.399616,x86_64,464.34638595581055,309.6002559999997,370833408.0,80.0,20.0,343.49932861328125,0.1384615384615384,0.0659340659340659,4.293741607666016,459.4244995117188,0.0391304347826086,0.0434782608695652,22.971224975585937,0.0,,,,,,,,,,,0.9331259727478028,22015875.0,22040395.0,5250.0,"1516/875, 875/875, 875/875, 875/875, 875/875, 875/875, 875/875, 875/875, 875/875, 875/875, 875/875, 875/875, 875/875, 875/875, 875/875, 875/875, 875/875, 875/875, 875/875, 875/875, 875/875, 875/875, 875/875, 875/875, 875/875, 875/875, 875/875, 875/875, 875/20","1516/875, 875/875, 875/875, 875/875, 875/875, 875/875, 875/875, 875/875, 875/875, 875/875, 875/875, 875/875, 875/875, 875/875, 875/875, 875/875, 875/875, 875/875, 875/875, 875/875, 875/875, 875/875, 875/875, 875/873, 875/875, 875/873, 875/874, 875/874, 875/20",300448.0,0.0
14,v0.92 - 92,0,CrossEntropy,Adam,0.000904255,100,MainLinear,0.000224328,27,875,ACI,3000,0.2,100,-2,3,cuda,0.001,0.001,"[612, 612, 612, 612, 612, 612, 612, 612, 612, 612, 612, 612, 612, 612, 612, 612, 612, 612, 612, 612, 612, 612, 612, 612, 612, 612, 612, 612, 20]","[0.7, 0.7, 0.7, 0.7, 0.7, 0.7, 0.7, 0.7, 0.7, 0.7, 0.7, 0.7, 0.7, 0.7, 0.7, 0.7, 0.7, 0.7, 0.7, 0.7, 0.7, 0.7, 0.7, 0.7, 0.7, 0.7, 0.7, 0.7, 1.0]",DAIS_training|DAIS,0.5,0.5,0.05,0.03,3.0,False,"[10, 30, 30, 30, 30, 30, 30, 30, 30, 30, 30, 30, 30, 30, 30, 30, 30, 30, 30, 30, 30, 30, 30, 30, 30, 30, 30, 30, 20]",,ModelStateDict1726689934.8762655.pt,20,1516,2990955,2024-09-18 20:30:50.273415,x86_64,463.43884897232056,281.30918399999973,353392640.0,80.0,20.0,1.6299772262573242,0.1283980582524271,0.0638002773925104,0.0203747153282165,1.8862224817276,0.1814814814814814,0.0864197530864197,0.09431112408638,0.0,,,,,,,,,,,0.9905850887298584,22015875.0,22040395.0,532173.0,"1516/875, 875/875, 875/875, 875/875, 875/875, 875/875, 875/875, 875/875, 875/875, 875/875, 875/875, 875/875, 875/875, 875/875, 875/875, 875/875, 875/875, 875/875, 875/875, 875/875, 875/875, 875/875, 875/875, 875/875, 875/875, 875/875, 875/875, 875/875, 875/20","1516/872, 875/860, 875/845, 875/853, 875/841, 875/847, 875/843, 875/853, 875/845, 875/838, 875/845, 875/857, 875/863, 875/854, 875/849, 875/812, 875/859, 875/858, 875/853, 875/859, 875/858, 875/868, 875/871, 875/868, 875/856, 875/861, 875/856, 875/850, 875/20",600784.0,0.0
15,v0.92 - 92,0,CrossEntropy,Adam,0.000904255,100,MainLinear,0.000224328,27,875,ACI,3000,0.2,100,-2,3,cuda,0.001,0.001,"[498, 498, 498, 498, 498, 498, 498, 498, 498, 498, 498, 498, 498, 498, 498, 498, 498, 498, 498, 498, 498, 498, 498, 498, 498, 498, 498, 498, 20]","[0.57, 0.57, 0.57, 0.57, 0.57, 0.57, 0.57, 0.57, 0.57, 0.57, 0.57, 0.57, 0.57, 0.57, 0.57, 0.57, 0.57, 0.57, 0.57, 0.57, 0.57, 0.57, 0.57, 0.57, 0.57, 0.57, 0.57, 0.57, 1.0]",DAIS_training|DAIS,0.5,0.5,0.05,0.03,3.0,False,"[10, 30, 30, 30, 30, 30, 30, 30, 30, 30, 30, 30, 30, 30, 30, 30, 30, 30, 30, 30, 30, 30, 30, 30, 30, 30, 30, 30, 20]",,ModelStateDict1726689934.8762655.pt,20,1516,2990955,2024-09-18 20:39:01.149106,x86_64,483.4468283653259,-127.54943999999978,89041920.0,80.0,20.0,4574453.0,0.1384615384615384,0.0659340659340659,57180.6625,5997953.0,0.0391304347826086,0.0434782608695652,299897.65,0.0,,,,,,,,,,,1.138139724731445,22015875.0,22040395.0,1947740.0,"1516/875, 875/875, 875/875, 875/875, 875/875, 875/875, 875/875, 875/875, 875/875, 875/875, 875/875, 875/875, 875/875, 875/875, 875/875, 875/875, 875/875, 875/875, 875/875, 875/875, 875/875, 875/875, 875/875, 875/875, 875/875, 875/875, 875/875, 875/875, 875/20","1516/860, 875/847, 875/758, 875/771, 875/750, 875/777, 875/773, 875/803, 875/793, 875/807, 875/788, 875/822, 875/820, 875/821, 875/780, 875/813, 875/801, 875/802, 875/775, 875/790, 875/798, 875/783, 875/779, 875/772, 875/770, 875/814, 875/792, 875/826, 875/20",600784.0,0.0
16,v0.92 - 92,0,CrossEntropy,Adam,0.000904255,100,MainLinear,0.000224328,27,875,ACI,3000,0.2,100,-2,3,cuda,0.001,0.001,"[612, 612, 612, 612, 612, 612, 612, 612, 612, 612, 612, 612, 612, 612, 612, 612, 612, 612, 612, 612, 612, 612, 612, 612, 612, 612, 612, 612, 20]","[0.7, 0.7, 0.7, 0.7, 0.7, 0.7, 0.7, 0.7, 0.7, 0.7, 0.7, 0.7, 0.7, 0.7, 0.7, 0.7, 0.7, 0.7, 0.7, 0.7, 0.7, 0.7, 0.7, 0.7, 0.7, 0.7, 0.7, 0.7, 1.0]",iteritive_full_theseus_training|iteritive_full_theseus,0.5,0.5,0.05,0.03,3.0,False,"[10, 30, 30, 30, 30, 30, 30, 30, 30, 30, 30, 30, 30, 30, 30, 30, 30, 30, 30, 30, 30, 30, 30, 30, 30, 30, 30, 30, 20]",,ModelStateDict1726689934.8762655.pt,20,1516,1862729,2024-09-18 20:39:57.579793,x86_64,1647.4159433841703,996.6223359999984,311781376.0,80.0,20.0,2.576658248901367,0.1384615384615384,0.0659340659340659,0.032208228111267,2.626864194869995,0.0391304347826086,0.0434782608695652,0.1313432097434997,99.0,0.032208228111267,,0.032208228111267,,0.032208228111267,,0.032208228111267,,0.0322081446647644,,29.274422883987427,11087331.0,11104515.0,0.0,"1516/613, 613/613, 613/613, 613/613, 613/613, 613/613, 613/613, 613/613, 613/613, 613/613, 613/613, 613/613, 613/613, 613/613, 613/613, 613/613, 613/613, 613/613, 613/613, 613/613, 613/613, 613/613, 613/613, 613/613, 613/613, 613/613, 613/613, 613/613, 613/20","1516/613, 613/613, 613/613, 613/613, 613/613, 613/613, 613/613, 613/613, 613/613, 613/613, 613/613, 613/613, 613/613, 613/613, 613/613, 613/613, 613/613, 613/613, 613/613, 613/613, 613/613, 613/613, 613/613, 613/613, 613/613, 613/613, 613/613, 613/613, 613/20",724132.0,0.0
17,v0.92 - 92,0,CrossEntropy,Adam,0.000904255,100,MainLinear,0.000224328,27,875,ACI,3000,0.2,100,-2,3,cuda,0.001,0.001,"[428, 428, 428, 428, 428, 428, 428, 428, 428, 428, 428, 428, 428, 428, 428, 428, 428, 428, 428, 428, 428, 428, 428, 428, 428, 428, 428, 428, 20]","[0.49, 0.49, 0.49, 0.49, 0.49, 0.49, 0.49, 0.49, 0.49, 0.49, 0.49, 0.49, 0.49, 0.49, 0.49, 0.49, 0.49, 0.49, 0.49, 0.49, 0.49, 0.49, 0.49, 0.49, 0.49, 0.49, 0.49, 0.49, 1.0]",DAIS_training|DAIS,0.5,0.5,0.05,0.03,3.0,False,"[10, 30, 30, 30, 30, 30, 30, 30, 30, 30, 30, 30, 30, 30, 30, 30, 30, 30, 30, 30, 30, 30, 30, 30, 30, 30, 30, 30, 20]",,ModelStateDict1726689934.8762655.pt,20,1516,2990955,2024-09-18 20:47:12.798377,x86_64,483.6490540504456,-537.7638400000005,87821312.0,80.0,20.0,53448524.0,0.1283980582524271,0.0638002773925104,668106.55,66232632.0,0.1814814814814814,0.0864197530864197,3311631.6,0.0,,,,,,,,,,,0.957326889038086,22015875.0,22040395.0,1160627.0,"1516/875, 875/875, 875/875, 875/875, 875/875, 875/875, 875/875, 875/875, 875/875, 875/875, 875/875, 875/875, 875/875, 875/875, 875/875, 875/875, 875/875, 875/875, 875/875, 875/875, 875/875, 875/875, 875/875, 875/875, 875/875, 875/875, 875/875, 875/875, 875/20","1516/828, 875/818, 875/823, 875/828, 875/828, 875/833, 875/825, 875/823, 875/825, 875/829, 875/822, 875/829, 875/833, 875/817, 875/819, 875/832, 875/829, 875/821, 875/837, 875/823, 875/831, 875/827, 875/837, 875/830, 875/834, 875/830, 875/850, 875/847, 875/20",600784.0,0.0
18,v0.92 - 92,0,CrossEntropy,Adam,0.000904255,100,MainLinear,0.000224328,27,875,ACI,3000,0.2,100,-2,3,cuda,0.001,0.001,"[385, 385, 385, 385, 385, 385, 385, 385, 385, 385, 385, 385, 385, 385, 385, 385, 385, 385, 385, 385, 385, 385, 385, 385, 385, 385, 385, 385, 20]","[0.44, 0.44, 0.44, 0.44, 0.44, 0.44, 0.44, 0.44, 0.44, 0.44, 0.44, 0.44, 0.44, 0.44, 0.44, 0.44, 0.44, 0.44, 0.44, 0.44, 0.44, 0.44, 0.44, 0.44, 0.44, 0.44, 0.44, 0.44, 1.0]",DAIS_training|DAIS,0.5,0.5,0.05,0.03,3.0,False,"[10, 30, 30, 30, 30, 30, 30, 30, 30, 30, 30, 30, 30, 30, 30, 30, 30, 30, 30, 30, 30, 30, 30, 30, 30, 30, 30, 30, 20]",,ModelStateDict1726689934.8762655.pt,20,1516,2990955,2024-09-18 20:55:23.221145,x86_64,482.9516296386719,-522.7806720000008,87821312.0,80.0,20.0,2264790.0,0.0003571428571428,0.0040816326530612,28309.875,2880980.75,0.0,0.0,144049.0375,0.0,,,,,,,,,,,1.0724802017211914,22015875.0,22040395.0,709961.0,"1516/875, 875/875, 875/875, 875/875, 875/875, 875/875, 875/875, 875/875, 875/875, 875/875, 875/875, 875/875, 875/875, 875/875, 875/875, 875/875, 875/875, 875/875, 875/875, 875/875, 875/875, 875/875, 875/875, 875/875, 875/875, 875/875, 875/875, 875/875, 875/20","1516/854, 875/834, 875/832, 875/850, 875/836, 875/843, 875/850, 875/845, 875/845, 875/846, 875/848, 875/842, 875/838, 875/848, 875/853, 875/855, 875/847, 875/844, 875/852, 875/853, 875/846, 875/852, 875/852, 875/848, 875/853, 875/852, 875/837, 875/849, 875/20",600784.0,0.0
19,v0.92 - 92,0,CrossEntropy,Adam,0.000904255,100,MainLinear,0.000224328,27,875,ACI,3000,0.2,100,-2,3,cuda,0.001,0.001,"[866, 866, 866, 866, 866, 866, 866, 866, 866, 866, 866, 866, 866, 866, 866, 866, 866, 866, 866, 866, 866, 866, 866, 866, 866, 866, 866, 866, 20]","[0.99, 0.99, 0.99, 0.99, 0.99, 0.99, 0.99, 0.99, 0.99, 0.99, 0.99, 0.99, 0.99, 0.99, 0.99, 0.99, 0.99, 0.99, 0.99, 0.99, 0.99, 0.99, 0.99, 0.99, 0.99, 0.99, 0.99, 0.99, 1.0]",RandomStructured,0.5,0.5,0.05,0.03,3.0,False,"[10, 30, 30, 30, 30, 30, 30, 30, 30, 30, 30, 30, 30, 30, 30, 30, 30, 30, 30, 30, 30, 30, 30, 30, 30, 30, 30, 30, 20]",,ModelStateDict1726689934.8762655.pt,20,1516,2995670,2024-09-18 20:55:53.764601,x86_64,0.4889745712280273,14.360576000000036,88523776.0,80.0,20.0,1.11016583442688,0.5183289366883116,0.2770756029684601,0.0138770729303359,1.5973165035247805,0.4292016806722689,0.2724089635854342,0.079865825176239,99.0,0.0143547475337982,,0.0155665412545204,,0.0142352268099784,,0.0118255421519279,,0.0148713141679763,,61.86293721199036,22015875.0,22040395.0,9.0,"1516/875, 875/875, 875/875, 875/875, 875/875, 875/875, 875/875, 875/875, 875/875, 875/875, 875/875, 875/875, 875/875, 875/875, 875/875, 875/875, 875/875, 875/875, 875/875, 875/875, 875/875, 875/875, 875/875, 875/875, 875/875, 875/875, 875/875, 875/875, 875/20","1516/875, 875/875, 875/875, 875/875, 875/875, 875/875, 875/875, 875/875, 875/875, 875/875, 875/875, 875/875, 875/875, 875/875, 875/875, 875/875, 875/875, 875/875, 875/875, 875/875, 875/875, 875/875, 875/875, 875/875, 875/875, 875/875, 875/875, 875/875, 875/20",300448.0,0.0
20,v0.92 - 92,0,CrossEntropy,Adam,0.000904255,100,MainLinear,0.000224328,27,875,ACI,3000,0.2,100,-2,3,cuda,0.001,0.001,"[612, 612, 612, 612, 612, 612, 612, 612, 612, 612, 612, 612, 612, 612, 612, 612, 612, 612, 612, 612, 612, 612, 612, 612, 612, 612, 612, 612, 20]","[0.7, 0.7, 0.7, 0.7, 0.7, 0.7, 0.7, 0.7, 0.7, 0.7, 0.7, 0.7, 0.7, 0.7, 0.7, 0.7, 0.7, 0.7, 0.7, 0.7, 0.7, 0.7, 0.7, 0.7, 0.7, 0.7, 0.7, 0.7, 1.0]",RandomStructured,0.5,0.5,0.05,0.03,3.0,False,"[10, 30, 30, 30, 30, 30, 30, 30, 30, 30, 30, 30, 30, 30, 30, 30, 30, 30, 30, 30, 30, 30, 30, 30, 30, 30, 30, 30, 20]",,ModelStateDict1726689934.8762655.pt,20,1516,2995670,2024-09-18 20:57:02.445719,x86_64,0.118237018585205,-0.0819199999996271,88523776.0,80.0,20.0,1.2568459510803225,0.4127310924369747,0.1997599039615846,0.015710574388504,1.8289378881454468,0.2634615384615384,0.173076923076923,0.0914468944072723,99.0,0.0171276405453681,,0.0156086817383766,,0.0153717428445816,,0.0152631729841232,,0.0153187215328216,,54.09185552597046,22015875.0,22040395.0,263.0,"1516/875, 875/875, 875/875, 875/875, 875/875, 875/875, 875/875, 875/875, 875/875, 875/875, 875/875, 875/875, 875/875, 875/875, 875/875, 875/875, 875/875, 875/875, 875/875, 875/875, 875/875, 875/875, 875/875, 875/875, 875/875, 875/875, 875/875, 875/875, 875/20","1516/875, 875/875, 875/875, 875/875, 875/875, 875/875, 875/875, 875/875, 875/875, 875/875, 875/875, 875/875, 875/875, 875/875, 875/875, 875/875, 875/875, 875/875, 875/875, 875/875, 875/875, 875/875, 875/875, 875/875, 875/875, 875/875, 875/875, 875/875, 875/20",600784.0,0.0
21,v0.92 - 92,1,CrossEntropy,Adam,0.000904255,100,MainLinear,0.000224328,27,875,ACI,3000,0.2,100,-2,3,cuda,0.001,0.001,"[498, 498, 498, 498, 498, 498, 498, 498, 498, 498, 498, 498, 498, 498, 498, 498, 498, 498, 498, 498, 498, 498, 498, 498, 498, 498, 498, 498, 20]","[0.57, 0.57, 0.57, 0.57, 0.57, 0.57, 0.57, 0.57, 0.57, 0.57, 0.57, 0.57, 0.57, 0.57, 0.57, 0.57, 0.57, 0.57, 0.57, 0.57, 0.57, 0.57, 0.57, 0.57, 0.57, 0.57, 0.57, 0.57, 1.0]",RandomStructured,0.5,0.5,0.05,0.03,3.0,False,"[10, 30, 30, 30, 30, 30, 30, 30, 30, 30, 30, 30, 30, 30, 30, 30, 30, 30, 30, 30, 30, 30, 30, 30, 30, 30, 30, 30, 20]",,ModelStateDict1726689934.8762655.pt,20,1516,2995670,2024-09-18 20:58:03.217728,x86_64,0.1031439304351806,0.0,89393152.0,80.0,20.0,0.7358955144882202,0.5239184665908804,0.2868149912484888,0.0091986939311027,1.2298609018325806,0.3288770053475936,0.2085561497326203,0.061493045091629,99.0,0.0203452542424201,,1.4973851203918458,,0.0159647107124328,,0.0121878542006015,,0.0090363442897796,,55.49754357337952,22015875.0,22040395.0,377.0,"1516/875, 875/875, 875/875, 875/875, 875/875, 875/875, 875/875, 875/875, 875/875, 875/875, 875/875, 875/875, 875/875, 875/875, 875/875, 875/875, 875/875, 875/875, 875/875, 875/875, 875/875, 875/875, 875/875, 875/875, 875/875, 875/875, 875/875, 875/875, 875/20","1516/875, 875/875, 875/875, 875/875, 875/875, 875/875, 875/875, 875/875, 875/875, 875/875, 875/875, 875/875, 875/875, 875/875, 875/875, 875/875, 875/875, 875/875, 875/875, 875/875, 875/875, 875/875, 875/875, 875/875, 875/875, 875/875, 875/875, 875/875, 875/20",826064.0,0.0
22,v0.92 - 92,1,CrossEntropy,Adam,0.000904255,100,MainLinear,0.000224328,27,875,ACI,3000,0.2,100,-2,3,cuda,0.001,0.001,"[428, 428, 428, 428, 428, 428, 428, 428, 428, 428, 428, 428, 428, 428, 428, 428, 428, 428, 428, 428, 428, 428, 428, 428, 428, 428, 428, 428, 20]","[0.49, 0.49, 0.49, 0.49, 0.49, 0.49, 0.49, 0.49, 0.49, 0.49, 0.49, 0.49, 0.49, 0.49, 0.49, 0.49, 0.49, 0.49, 0.49, 0.49, 0.49, 0.49, 0.49, 0.49, 0.49, 0.49, 0.49, 0.49, 1.0]",RandomStructured,0.5,0.5,0.05,0.03,3.0,False,"[10, 30, 30, 30, 30, 30, 30, 30, 30, 30, 30, 30, 30, 30, 30, 30, 30, 30, 30, 30, 30, 30, 30, 30, 30, 30, 30, 30, 20]",,ModelStateDict1726689934.8762655.pt,20,1516,2995670,2024-09-18 20:59:05.512108,x86_64,0.1068334579467773,-0.0901120000007722,88172544.0,80.0,20.0,1.2564821243286133,0.4127310924369747,0.1997599039615846,0.0157060265541076,1.8589595556259155,0.2634615384615384,0.173076923076923,0.0929479777812957,99.0,0.0199953526258468,,0.0774684071540832,,0.015500621497631,,0.0157051756978034,,0.0153151750564575,,56.79579973220825,22015875.0,22040395.0,447.0,"1516/875, 875/875, 875/875, 875/875, 875/875, 875/875, 875/875, 875/875, 875/875, 875/875, 875/875, 875/875, 875/875, 875/875, 875/875, 875/875, 875/875, 875/875, 875/875, 875/875, 875/875, 875/875, 875/875, 875/875, 875/875, 875/875, 875/875, 875/875, 875/20","1516/875, 875/875, 875/875, 875/875, 875/875, 875/875, 875/875, 875/875, 875/875, 875/875, 875/875, 875/875, 875/875, 875/875, 875/875, 875/875, 875/875, 875/875, 875/875, 875/875, 875/875, 875/875, 875/875, 875/875, 875/875, 875/875, 875/875, 875/875, 875/20",1051344.0,0.0
23,v0.92 - 92,1,CrossEntropy,Adam,0.000904255,100,MainLinear,0.000224328,27,875,ACI,3000,0.2,100,-2,3,cuda,0.001,0.001,"[385, 385, 385, 385, 385, 385, 385, 385, 385, 385, 385, 385, 385, 385, 385, 385, 385, 385, 385, 385, 385, 385, 385, 385, 385, 385, 385, 385, 20]","[0.44, 0.44, 0.44, 0.44, 0.44, 0.44, 0.44, 0.44, 0.44, 0.44, 0.44, 0.44, 0.44, 0.44, 0.44, 0.44, 0.44, 0.44, 0.44, 0.44, 0.44, 0.44, 0.44, 0.44, 0.44, 0.44, 0.44, 0.44, 1.0]",RandomStructured,0.5,0.5,0.05,0.03,3.0,False,"[10, 30, 30, 30, 30, 30, 30, 30, 30, 30, 30, 30, 30, 30, 30, 30, 30, 30, 30, 30, 30, 30, 30, 30, 30, 30, 30, 30, 20]",,ModelStateDict1726689934.8762655.pt,20,1516,2995670,2024-09-18 21:00:08.802844,x86_64,0.0967230796813964,0.0,88991744.0,80.0,20.0,1.6197675466537476,0.1384615384615384,0.0659340659340659,0.0202470943331718,2.0748181343078613,0.0391304347826086,0.0434782608695652,0.103740906715393,99.0,0.0203586459159851,,0.0202595442533493,,0.0202821016311645,,0.0202472925186157,,0.0202482312917709,,66.67079877853394,22015875.0,22040395.0,490.0,"1516/875, 875/875, 875/875, 875/875, 875/875, 875/875, 875/875, 875/875, 875/875, 875/875, 875/875, 875/875, 875/875, 875/875, 875/875, 875/875, 875/875, 875/875, 875/875, 875/875, 875/875, 875/875, 875/875, 875/875, 875/875, 875/875, 875/875, 875/875, 875/20","1516/875, 875/875, 875/875, 875/875, 875/875, 875/875, 875/875, 875/875, 875/875, 875/875, 875/875, 875/875, 875/875, 875/875, 875/875, 875/875, 875/875, 875/875, 875/875, 875/875, 875/875, 875/875, 875/875, 875/875, 875/875, 875/875, 875/875, 875/875, 875/20",1276624.0,0.0
24,v0.92 - 92,1,CrossEntropy,Adam,0.000904255,100,MainLinear,0.000224328,27,875,ACI,3000,0.2,100,-2,3,cuda,0.001,0.001,"[498, 498, 498, 498, 498, 498, 498, 498, 498, 498, 498, 498, 498, 498, 498, 498, 498, 498, 498, 498, 498, 498, 498, 498, 498, 498, 498, 498, 20]","[0.57, 0.57, 0.57, 0.57, 0.57, 0.57, 0.57, 0.57, 0.57, 0.57, 0.57, 0.57, 0.57, 0.57, 0.57, 0.57, 0.57, 0.57, 0.57, 0.57, 0.57, 0.57, 0.57, 0.57, 0.57, 0.57, 0.57, 0.57, 1.0]",iteritive_full_theseus_training|iteritive_full_theseus,0.5,0.5,0.05,0.03,3.0,False,"[10, 30, 30, 30, 30, 30, 30, 30, 30, 30, 30, 30, 30, 30, 30, 30, 30, 30, 30, 30, 30, 30, 30, 30, 30, 30, 30, 30, 20]",,ModelStateDict1726689934.8762655.pt,20,1516,1862729,2024-09-18 21:19:50.145577,x86_64,2359.670803546905,-2960.248832,295186432.0,80.0,20.0,2.417553424835205,0.1384615384615384,0.0659340659340659,0.03021941781044,2.4737801551818848,0.0391304347826086,0.0434782608695652,0.1236890077590942,99.0,0.03021941781044,,0.03021941781044,,0.03021941781044,,0.0302194118499755,,0.03021941781044,,26.34682822227478,7489491.0,7503483.0,1.0,"1516/499, 499/499, 499/499, 499/499, 499/499, 499/499, 499/499, 499/499, 499/499, 499/499, 499/499, 499/499, 499/499, 499/499, 499/499, 499/499, 499/499, 499/499, 499/499, 499/499, 499/499, 499/499, 499/499, 499/499, 499/499, 499/499, 499/499, 499/499, 499/20","1516/499, 499/499, 499/499, 499/499, 499/499, 499/499, 499/499, 499/499, 499/499, 499/499, 499/499, 499/499, 499/499, 499/499, 499/499, 499/499, 499/499, 499/499, 499/499, 499/499, 499/499, 499/499, 499/499, 499/499, 499/499, 499/499, 499/499, 499/499, 499/20",971458.0,0.0
25,v0.92 - 92,1,CrossEntropy,Adam,0.000904255,100,MainLinear,0.000224328,27,875,ACI,3000,0.2,100,-2,3,cuda,0.001,0.001,"[866, 866, 866, 866, 866, 866, 866, 866, 866, 866, 866, 866, 866, 866, 866, 866, 866, 866, 866, 866, 866, 866, 866, 866, 866, 866, 866, 866, 20]","[0.99, 0.99, 0.99, 0.99, 0.99, 0.99, 0.99, 0.99, 0.99, 0.99, 0.99, 0.99, 0.99, 0.99, 0.99, 0.99, 0.99, 0.99, 0.99, 0.99, 0.99, 0.99, 0.99, 0.99, 0.99, 0.99, 0.99, 0.99, 1.0]",thinet,0.5,0.5,0.05,0.03,3.0,False,"[10, 30, 30, 30, 30, 30, 30, 30, 30, 30, 30, 30, 30, 30, 30, 30, 30, 30, 30, 30, 30, 30, 30, 30, 30, 30, 30, 30, 20]",,ModelStateDict1726689934.8762655.pt,20,1516,3216812,2024-09-18 21:35:25.400244,x86_64,4659.1434597969055,-104.84531199999763,96399872.0,80.0,20.0,117676285952.0,0.065860465116279,0.0512956810631229,1470953574.4,436142964736.0,0.1884615384615384,0.0897435897435897,21807148236.8,99.0,289157362483.2,,13358858240.0,,8763190476.8,,3230419148.8,,1631742873.6,,37.80912470817566,21712233.0,21736582.0,0.0,"1516/866, 866/866, 866/866, 866/866, 866/866, 866/866, 866/866, 866/866, 866/866, 866/866, 866/866, 866/866, 866/866, 866/866, 866/866, 866/866, 866/866, 866/875, 875/875, 875/866, 866/866, 866/875, 875/875, 875/875, 875/875, 875/875, 875/875, 875/875, 875/20","1516/866, 866/866, 866/866, 866/866, 866/866, 866/866, 866/866, 866/866, 866/866, 866/866, 866/866, 866/866, 866/866, 866/866, 866/866, 866/866, 866/866, 866/875, 875/875, 875/866, 866/866, 866/875, 875/875, 875/875, 875/875, 875/875, 875/875, 875/875, 875/20",298909.0,0.0
26,v0.92 - 92,0,CrossEntropy,Adam,0.000904255,100,MainLinear,0.000224328,27,875,ACI,3000,0.2,100,-2,3,cuda,0.001,0.001,"[428, 428, 428, 428, 428, 428, 428, 428, 428, 428, 428, 428, 428, 428, 428, 428, 428, 428, 428, 428, 428, 428, 428, 428, 428, 428, 428, 428, 20]","[0.49, 0.49, 0.49, 0.49, 0.49, 0.49, 0.49, 0.49, 0.49, 0.49, 0.49, 0.49, 0.49, 0.49, 0.49, 0.49, 0.49, 0.49, 0.49, 0.49, 0.49, 0.49, 0.49, 0.49, 0.49, 0.49, 0.49, 0.49, 1.0]",iteritive_full_theseus_training|iteritive_full_theseus,0.5,0.5,0.05,0.03,3.0,False,"[10, 30, 30, 30, 30, 30, 30, 30, 30, 30, 30, 30, 30, 30, 30, 30, 30, 30, 30, 30, 30, 30, 30, 30, 30, 30, 30, 30, 20]",,ModelStateDict1726689934.8762655.pt,20,1516,1862729,2024-09-18 22:06:14.856644,x86_64,2754.7684133052826,14.90943999999945,287747072.0,80.0,20.0,2.5400655269622803,0.1384615384615384,0.0659340659340659,0.0317508190870285,2.5816450119018555,0.0391304347826086,0.0434782608695652,0.1290822505950927,99.0,0.0317508190870285,,0.0317508190870285,,0.0317508190870285,,0.0317500263452529,,0.0317508190870285,,30.109304189682007,5628051.0,5640083.0,0.0,"1516/429, 429/429, 429/429, 429/429, 429/429, 429/429, 429/429, 429/429, 429/429, 429/429, 429/429, 429/429, 429/429, 429/429, 429/429, 429/429, 429/429, 429/429, 429/429, 429/429, 429/429, 429/429, 429/429, 429/429, 429/429, 429/429, 429/429, 429/429, 429/20","1516/429, 429/429, 429/429, 429/429, 429/429, 429/429, 429/429, 429/429, 429/429, 429/429, 429/429, 429/429, 429/429, 429/429, 429/429, 429/429, 429/429, 429/429, 429/429, 429/429, 429/429, 429/429, 429/429, 429/429, 429/429, 429/429, 429/429, 429/429, 429/20",1224664.0,0.0
27,v0.92 - 92,0,CrossEntropy,Adam,0.000904255,100,MainLinear,0.000224328,27,875,ACI,3000,0.2,100,-2,3,cuda,0.001,0.001,"[612, 612, 612, 612, 612, 612, 612, 612, 612, 612, 612, 612, 612, 612, 612, 612, 612, 612, 612, 612, 612, 612, 612, 612, 612, 612, 612, 612, 20]","[0.7, 0.7, 0.7, 0.7, 0.7, 0.7, 0.7, 0.7, 0.7, 0.7, 0.7, 0.7, 0.7, 0.7, 0.7, 0.7, 0.7, 0.7, 0.7, 0.7, 0.7, 0.7, 0.7, 0.7, 0.7, 0.7, 0.7, 0.7, 1.0]",thinet,0.5,0.5,0.05,0.03,3.0,False,"[10, 30, 30, 30, 30, 30, 30, 30, 30, 30, 30, 30, 30, 30, 30, 30, 30, 30, 30, 30, 30, 30, 30, 30, 30, 30, 30, 30, 20]",,ModelStateDict1726689934.8762655.pt,20,1516,3216812,2024-09-18 22:15:44.321102,x86_64,2374.838842868805,10.027007999997297,47349760.0,80.0,20.0,34940690432.0,0.9070526688216658,0.6641929666158932,436758630.4,1203459325952.0,0.8330769230769232,0.6982905982905984,60172966297.6,99.0,1059941829836.8,,38041232998.4,,68384876134.4,,3487877529.6,,900510208.0,,37.34361720085144,11610017.0,11627699.0,0.0,"1516/612, 612/612, 612/612, 612/612, 612/612, 612/612, 612/612, 612/612, 612/612, 612/612, 612/612, 612/612, 612/612, 612/612, 612/612, 612/612, 612/612, 612/612, 612/612, 612/612, 612/612, 612/612, 612/612, 612/612, 612/612, 612/612, 612/875, 875/875, 875/20","1516/612, 612/612, 612/612, 612/612, 612/612, 612/612, 612/612, 612/612, 612/612, 612/612, 612/612, 612/612, 612/612, 612/612, 612/612, 612/612, 612/612, 612/612, 612/612, 612/612, 612/612, 612/612, 612/612, 612/612, 612/612, 612/612, 612/875, 875/875, 875/20",537190.0,0.0
28,v0.92 - 92,0,CrossEntropy,Adam,0.000904255,100,MainLinear,0.000224328,27,875,ACI,3000,0.2,100,-2,3,cuda,0.001,0.001,"[498, 498, 498, 498, 498, 498, 498, 498, 498, 498, 498, 498, 498, 498, 498, 498, 498, 498, 498, 498, 498, 498, 498, 498, 498, 498, 498, 498, 20]","[0.57, 0.57, 0.57, 0.57, 0.57, 0.57, 0.57, 0.57, 0.57, 0.57, 0.57, 0.57, 0.57, 0.57, 0.57, 0.57, 0.57, 0.57, 0.57, 0.57, 0.57, 0.57, 0.57, 0.57, 0.57, 0.57, 0.57, 0.57, 1.0]",thinet,0.5,0.5,0.05,0.03,3.0,False,"[10, 30, 30, 30, 30, 30, 30, 30, 30, 30, 30, 30, 30, 30, 30, 30, 30, 30, 30, 30, 30, 30, 30, 30, 30, 30, 30, 30, 20]",,ModelStateDict1726689934.8762655.pt,20,1516,3216812,2024-09-18 22:45:55.010931,x86_64,1767.2521967887878,43.61420799999905,29919744.0,80.0,20.0,3062176768.0,0.7870512820512819,0.647008547008547,38277209.6,32076529664.0,0.462037962037962,0.3399933399933399,1603826483.2,99.0,10466174566.4,,929359872.0,,683782656.0,,147298444.8,,80090176.0,,38.15978527069092,7461036.0,7475000.0,0.0,"1516/498, 498/498, 498/498, 498/498, 498/498, 498/498, 498/498, 498/498, 498/498, 498/498, 498/498, 498/498, 498/498, 498/498, 498/498, 498/498, 498/498, 498/498, 498/498, 498/498, 498/498, 498/498, 498/498, 498/498, 498/498, 498/498, 498/498, 498/498, 498/20","1516/498, 498/498, 498/498, 498/498, 498/498, 498/498, 498/498, 498/498, 498/498, 498/498, 498/498, 498/498, 498/498, 498/498, 498/498, 498/498, 498/498, 498/498, 498/498, 498/498, 498/498, 498/498, 498/498, 498/498, 498/498, 498/498, 498/498, 498/498, 498/20",647465.0,0.0
29,v0.92 - 92,0,CrossEntropy,Adam,0.000904255,100,MainLinear,0.000224328,27,875,ACI,3000,0.2,100,-2,3,cuda,0.001,0.001,"[385, 385, 385, 385, 385, 385, 385, 385, 385, 385, 385, 385, 385, 385, 385, 385, 385, 385, 385, 385, 385, 385, 385, 385, 385, 385, 385, 385, 20]","[0.44, 0.44, 0.44, 0.44, 0.44, 0.44, 0.44, 0.44, 0.44, 0.44, 0.44, 0.44, 0.44, 0.44, 0.44, 0.44, 0.44, 0.44, 0.44, 0.44, 0.44, 0.44, 0.44, 0.44, 0.44, 0.44, 0.44, 0.44, 1.0]",iteritive_full_theseus_training|iteritive_full_theseus,0.5,0.5,0.05,0.03,3.0,False,"[10, 30, 30, 30, 30, 30, 30, 30, 30, 30, 30, 30, 30, 30, 30, 30, 30, 30, 30, 30, 30, 30, 30, 30, 30, 30, 30, 30, 20]",,ModelStateDict1726689934.8762655.pt,20,1516,1862729,2024-09-18 22:59:33.982712,x86_64,3165.3047354221344,-6548.541440000001,283830272.0,80.0,20.0,2.430969715118408,0.1384615384615384,0.0659340659340659,0.0303871214389801,2.4839487075805664,0.0391304347826086,0.0434782608695652,0.1241974353790283,99.0,0.0303871214389801,,0.0303871214389801,,0.0303871572017669,,0.0303870677947998,,0.0303871214389801,,33.16519069671631,4593435.0,4604235.0,0.0,"1516/385, 385/385, 385/385, 385/385, 385/385, 385/385, 385/385, 385/385, 385/385, 385/385, 385/385, 385/385, 385/385, 385/385, 385/385, 385/385, 385/385, 385/385, 385/385, 385/385, 385/385, 385/385, 385/385, 385/385, 385/385, 385/385, 385/385, 385/385, 385/20","1516/385, 385/385, 385/385, 385/385, 385/385, 385/385, 385/385, 385/385, 385/385, 385/385, 385/385, 385/385, 385/385, 385/385, 385/385, 385/385, 385/385, 385/385, 385/385, 385/385, 385/385, 385/385, 385/385, 385/385, 385/385, 385/385, 385/385, 385/385, 385/20",1477870.0,0.0
30,v0.92 - 92,0,CrossEntropy,Adam,0.000904255,100,MainLinear,0.000224328,27,875,ACI,3000,0.2,100,-2,3,cuda,0.001,0.001,"[428, 428, 428, 428, 428, 428, 428, 428, 428, 428, 428, 428, 428, 428, 428, 428, 428, 428, 428, 428, 428, 428, 428, 428, 428, 428, 428, 428, 20]","[0.49, 0.49, 0.49, 0.49, 0.49, 0.49, 0.49, 0.49, 0.49, 0.49, 0.49, 0.49, 0.49, 0.49, 0.49, 0.49, 0.49, 0.49, 0.49, 0.49, 0.49, 0.49, 0.49, 0.49, 0.49, 0.49, 0.49, 0.49, 1.0]",thinet,0.5,0.5,0.05,0.03,3.0,False,"[10, 30, 30, 30, 30, 30, 30, 30, 30, 30, 30, 30, 30, 30, 30, 30, 30, 30, 30, 30, 30, 30, 30, 30, 30, 30, 30, 30, 20]",,ModelStateDict1726689934.8762655.pt,20,1516,3216812,2024-09-18 23:17:27.263796,x86_64,1847.952406167984,-499.79801600000064,-381210624.0,80.0,20.0,10629164.0,0.8233640350877194,0.5866165413533835,132864.55,71472400.0,0.698076923076923,0.5982905982905983,3573620.0,99.0,60692774.4,,9384843.2,,5606048.8,,748628.5,,108312.075,,36.43416237831116,5603376.0,5615380.0,0.0,"1516/428, 428/428, 428/428, 428/428, 428/428, 428/428, 428/428, 428/428, 428/428, 428/428, 428/428, 428/428, 428/428, 428/428, 428/428, 428/428, 428/428, 428/428, 428/428, 428/428, 428/428, 428/428, 428/428, 428/428, 428/428, 428/428, 428/428, 428/428, 428/20","1516/428, 428/428, 428/428, 428/428, 428/428, 428/428, 428/428, 428/428, 428/428, 428/428, 428/428, 428/428, 428/428, 428/428, 428/428, 428/428, 428/428, 428/428, 428/428, 428/428, 428/428, 428/428, 428/428, 428/428, 428/428, 428/428, 428/428, 428/428, 428/20",361468.0,0.0
31,v0.92 - 92,0,CrossEntropy,Adam,0.000904255,100,MainLinear,0.000224328,27,875,ACI,3000,0.2,100,-2,3,cuda,0.001,0.001,"[385, 385, 385, 385, 385, 385, 385, 385, 385, 385, 385, 385, 385, 385, 385, 385, 385, 385, 385, 385, 385, 385, 385, 385, 385, 385, 385, 385, 20]","[0.44, 0.44, 0.44, 0.44, 0.44, 0.44, 0.44, 0.44, 0.44, 0.44, 0.44, 0.44, 0.44, 0.44, 0.44, 0.44, 0.44, 0.44, 0.44, 0.44, 0.44, 0.44, 0.44, 0.44, 0.44, 0.44, 0.44, 0.44, 1.0]",thinet,0.5,0.5,0.05,0.03,3.0,False,"[10, 30, 30, 30, 30, 30, 30, 30, 30, 30, 30, 30, 30, 30, 30, 30, 30, 30, 30, 30, 30, 30, 30, 30, 30, 30, 30, 30, 20]",,ModelStateDict1726689934.8762655.pt,20,1516,3216812,2024-09-18 23:43:20.219235,x86_64,1510.1997783184052,-26.275840000002063,18705920.0,80.0,20.0,204400912.0,0.7783716801101712,0.5645321941485625,2555011.4,1532990336.0,0.7125,0.5153061224489796,76649516.8,99.0,458574336.0,,39561420.8,,15942152.0,,11272238.4,,2841500.2,,36.854634046554565,4593435.0,4604235.0,0.0,"1516/385, 385/385, 385/385, 385/385, 385/385, 385/385, 385/385, 385/385, 385/385, 385/385, 385/385, 385/385, 385/385, 385/385, 385/385, 385/385, 385/385, 385/385, 385/385, 385/385, 385/385, 385/385, 385/385, 385/385, 385/385, 385/385, 385/385, 385/385, 385/20","1516/385, 385/385, 385/385, 385/385, 385/385, 385/385, 385/385, 385/385, 385/385, 385/385, 385/385, 385/385, 385/385, 385/385, 385/385, 385/385, 385/385, 385/385, 385/385, 385/385, 385/385, 385/385, 385/385, 385/385, 385/385, 385/385, 385/385, 385/385, 385/20",457388.0,0.0
32,v0.93 - 93,0,CrossEntropy,Adam,0.000904255,100,MainLinear,0.000224328,27,875,ACI,3000,0.2,100,-2,3,cuda,0.001,0.001,"[866, 866, 866, 866, 866, 866, 866, 866, 866, 866, 866, 866, 866, 866, 866, 866, 866, 866, 866, 866, 866, 866, 866, 866, 866, 866, 866, 866, 20]","[0.99, 0.99, 0.99, 0.99, 0.99, 0.99, 0.99, 0.99, 0.99, 0.99, 0.99, 0.99, 0.99, 0.99, 0.99, 0.99, 0.99, 0.99, 0.99, 0.99, 0.99, 0.99, 0.99, 0.99, 0.99, 0.99, 0.99, 0.99, 1.0]",RandomStructured,0.5,0.5,0.05,0.03,3.0,False,"[10, 30, 30, 30, 30, 30, 30, 30, 30, 30, 30, 30, 30, 30, 30, 30, 30, 30, 30, 30, 30, 30, 30, 30, 30, 30, 30, 30, 20]",,ModelStateDict1726689934.8762655.pt,20,1516,2877649,2024-09-19 01:52:37.925472,x86_64,13.113861799240112,255.40607999999705,282259456.0,80.0,20.0,0.5268941521644592,0.753458605664488,0.4489573607220666,0.0065861769020557,1.275170087814331,0.6294405594405594,0.4614219114219114,0.0637585043907165,0.0,,,,,,,,,,,0.3489913940429687,22015875.0,22040395.0,226269.0,"1516/875, 875/875, 875/875, 875/875, 875/875, 875/875, 875/875, 875/875, 875/875, 875/875, 875/875, 875/875, 875/875, 875/875, 875/875, 875/875, 875/875, 875/875, 875/875, 875/875, 875/875, 875/875, 875/875, 875/875, 875/875, 875/875, 875/875, 875/875, 875/20","1516/866, 875/866, 875/866, 875/866, 875/866, 875/866, 875/866, 875/866, 875/866, 875/866, 875/866, 875/866, 875/866, 875/866, 875/866, 875/866, 875/866, 875/866, 875/866, 875/866, 875/866, 875/866, 875/866, 875/866, 875/866, 875/866, 875/866, 875/866, 875/20",300448.0,0.0
33,v0.93 - 93,0,CrossEntropy,Adam,0.000904255,100,MainLinear,0.000224328,27,875,ACI,3000,0.2,100,-2,3,cuda,0.001,0.001,"[612, 612, 612, 612, 612, 612, 612, 612, 612, 612, 612, 612, 612, 612, 612, 612, 612, 612, 612, 612, 612, 612, 612, 612, 612, 612, 612, 612, 20]","[0.7, 0.7, 0.7, 0.7, 0.7, 0.7, 0.7, 0.7, 0.7, 0.7, 0.7, 0.7, 0.7, 0.7, 0.7, 0.7, 0.7, 0.7, 0.7, 0.7, 0.7, 0.7, 0.7, 0.7, 0.7, 0.7, 0.7, 0.7, 1.0]",RandomStructured,0.5,0.5,0.05,0.03,3.0,False,"[10, 30, 30, 30, 30, 30, 30, 30, 30, 30, 30, 30, 30, 30, 30, 30, 30, 30, 30, 30, 30, 30, 30, 30, 30, 30, 30, 30, 20]",,ModelStateDict1726689934.8762655.pt,20,1516,2877649,2024-09-19 01:52:51.571939,x86_64,8.832603931427002,122.94963199999984,265220096.0,80.0,20.0,1.3281904458999634,0.4127310924369747,0.1997599039615846,0.0166023805737495,1.8826099634170528,0.2634615384615384,0.173076923076923,0.0941304981708526,0.0,,,,,,,,,,,0.2762434482574463,22015875.0,22040395.0,6612083.0,"1516/875, 875/875, 875/875, 875/875, 875/875, 875/875, 875/875, 875/875, 875/875, 875/875, 875/875, 875/875, 875/875, 875/875, 875/875, 875/875, 875/875, 875/875, 875/875, 875/875, 875/875, 875/875, 875/875, 875/875, 875/875, 875/875, 875/875, 875/875, 875/20","1516/612, 875/612, 875/612, 875/612, 875/612, 875/612, 875/612, 875/612, 875/612, 875/612, 875/612, 875/612, 875/612, 875/612, 875/612, 875/612, 875/612, 875/612, 875/612, 875/612, 875/612, 875/612, 875/612, 875/612, 875/612, 875/612, 875/612, 875/612, 875/20",600784.0,0.0
34,v0.93 - 93,0,CrossEntropy,Adam,0.000904255,100,MainLinear,0.000224328,27,875,ACI,3000,0.2,100,-2,3,cuda,0.001,0.001,"[498, 498, 498, 498, 498, 498, 498, 498, 498, 498, 498, 498, 498, 498, 498, 498, 498, 498, 498, 498, 498, 498, 498, 498, 498, 498, 498, 498, 20]","[0.57, 0.57, 0.57, 0.57, 0.57, 0.57, 0.57, 0.57, 0.57, 0.57, 0.57, 0.57, 0.57, 0.57, 0.57, 0.57, 0.57, 0.57, 0.57, 0.57, 0.57, 0.57, 0.57, 0.57, 0.57, 0.57, 0.57, 0.57, 1.0]",RandomStructured,0.5,0.5,0.05,0.03,3.0,False,"[10, 30, 30, 30, 30, 30, 30, 30, 30, 30, 30, 30, 30, 30, 30, 30, 30, 30, 30, 30, 30, 30, 30, 30, 30, 30, 30, 30, 20]",,ModelStateDict1726689934.8762655.pt,20,1516,2877649,2024-09-19 01:53:04.260168,x86_64,8.815545797348022,113.283072000002,266089472.0,80.0,20.0,1.27283775806427,0.3222108736643621,0.1764388973691299,0.0159104719758033,1.878152132034301,0.094047619047619,0.115079365079365,0.093907606601715,0.0,,,,,,,,,,,0.4944829940795898,22015875.0,22040395.0,9478157.0,"1516/875, 875/875, 875/875, 875/875, 875/875, 875/875, 875/875, 875/875, 875/875, 875/875, 875/875, 875/875, 875/875, 875/875, 875/875, 875/875, 875/875, 875/875, 875/875, 875/875, 875/875, 875/875, 875/875, 875/875, 875/875, 875/875, 875/875, 875/875, 875/20","1516/498, 875/498, 875/498, 875/498, 875/498, 875/498, 875/498, 875/498, 875/498, 875/498, 875/498, 875/498, 875/498, 875/498, 875/498, 875/498, 875/498, 875/498, 875/498, 875/498, 875/498, 875/498, 875/498, 875/498, 875/498, 875/498, 875/498, 875/498, 875/20",826064.0,0.0
35,v0.93 - 93,0,CrossEntropy,Adam,0.000904255,100,MainLinear,0.000224328,27,875,ACI,3000,0.2,100,-2,3,cuda,0.001,0.001,"[428, 428, 428, 428, 428, 428, 428, 428, 428, 428, 428, 428, 428, 428, 428, 428, 428, 428, 428, 428, 428, 428, 428, 428, 428, 428, 428, 428, 20]","[0.49, 0.49, 0.49, 0.49, 0.49, 0.49, 0.49, 0.49, 0.49, 0.49, 0.49, 0.49, 0.49, 0.49, 0.49, 0.49, 0.49, 0.49, 0.49, 0.49, 0.49, 0.49, 0.49, 0.49, 0.49, 0.49, 0.49, 0.49, 1.0]",RandomStructured,0.5,0.5,0.05,0.03,3.0,False,"[10, 30, 30, 30, 30, 30, 30, 30, 30, 30, 30, 30, 30, 30, 30, 30, 30, 30, 30, 30, 30, 30, 30, 30, 30, 30, 30, 30, 20]",,ModelStateDict1726689934.8762655.pt,20,1516,2877649,2024-09-19 01:53:17.486803,x86_64,8.874144315719604,108.73241600000256,264517632.0,80.0,20.0,1.345414400100708,0.4127310924369747,0.1997599039615846,0.0168176800012588,1.917813062667847,0.2634615384615384,0.173076923076923,0.0958906531333923,0.0,,,,,,,,,,,0.3415038585662842,22015875.0,22040395.0,11238027.0,"1516/875, 875/875, 875/875, 875/875, 875/875, 875/875, 875/875, 875/875, 875/875, 875/875, 875/875, 875/875, 875/875, 875/875, 875/875, 875/875, 875/875, 875/875, 875/875, 875/875, 875/875, 875/875, 875/875, 875/875, 875/875, 875/875, 875/875, 875/875, 875/20","1516/428, 875/428, 875/428, 875/428, 875/428, 875/428, 875/428, 875/428, 875/428, 875/428, 875/428, 875/428, 875/428, 875/428, 875/428, 875/428, 875/428, 875/428, 875/428, 875/428, 875/428, 875/428, 875/428, 875/428, 875/428, 875/428, 875/428, 875/428, 875/20",1051344.0,0.0
36,v0.93 - 93,0,CrossEntropy,Adam,0.000904255,100,MainLinear,0.000224328,27,875,ACI,3000,0.2,100,-2,3,cuda,0.001,0.001,"[385, 385, 385, 385, 385, 385, 385, 385, 385, 385, 385, 385, 385, 385, 385, 385, 385, 385, 385, 385, 385, 385, 385, 385, 385, 385, 385, 385, 20]","[0.44, 0.44, 0.44, 0.44, 0.44, 0.44, 0.44, 0.44, 0.44, 0.44, 0.44, 0.44, 0.44, 0.44, 0.44, 0.44, 0.44, 0.44, 0.44, 0.44, 0.44, 0.44, 0.44, 0.44, 0.44, 0.44, 0.44, 0.44, 1.0]",RandomStructured,0.5,0.5,0.05,0.03,3.0,False,"[10, 30, 30, 30, 30, 30, 30, 30, 30, 30, 30, 30, 30, 30, 30, 30, 30, 30, 30, 30, 30, 30, 30, 30, 30, 30, 30, 30, 20]",,ModelStateDict1726689934.8762655.pt,20,1516,2877649,2024-09-19 01:53:30.870995,x86_64,8.948576211929321,118.81267200000002,265336832.0,80.0,20.0,0.7531124949455261,0.5859719319908814,0.3241288536691272,0.009413906186819,1.1943883895874023,0.5142583732057416,0.3470494417862839,0.0597194194793701,0.0,,,,,,,,,,,0.2815394401550293,22015875.0,22040395.0,12319090.0,"1516/875, 875/875, 875/875, 875/875, 875/875, 875/875, 875/875, 875/875, 875/875, 875/875, 875/875, 875/875, 875/875, 875/875, 875/875, 875/875, 875/875, 875/875, 875/875, 875/875, 875/875, 875/875, 875/875, 875/875, 875/875, 875/875, 875/875, 875/875, 875/20","1516/385, 875/385, 875/385, 875/385, 875/385, 875/385, 875/385, 875/385, 875/385, 875/385, 875/385, 875/385, 875/385, 875/385, 875/385, 875/385, 875/385, 875/385, 875/385, 875/385, 875/385, 875/385, 875/385, 875/385, 875/385, 875/385, 875/385, 875/385, 875/20",1276624.0,0.0
37,v0.93 - 93,0,CrossEntropy,Adam,0.000904255,100,MainLinear,0.000224328,27,875,ACI,3000,0.2,100,-2,3,cuda,0.001,0.001,"[866, 866, 866, 866, 866, 866, 866, 866, 866, 866, 866, 866, 866, 866, 866, 866, 866, 866, 866, 866, 866, 866, 866, 866, 866, 866, 866, 866, 20]","[0.99, 0.99, 0.99, 0.99, 0.99, 0.99, 0.99, 0.99, 0.99, 0.99, 0.99, 0.99, 0.99, 0.99, 0.99, 0.99, 0.99, 0.99, 0.99, 0.99, 0.99, 0.99, 0.99, 0.99, 0.99, 0.99, 0.99, 0.99, 1.0]",,0.5,0.5,0.05,0.03,3.0,False,"[10, 30, 30, 30, 30, 30, 30, 30, 30, 30, 30, 30, 30, 30, 30, 30, 30, 30, 30, 30, 30, 30, 30, 30, 30, 30, 30, 30, 20]",ModelStateDict1726793761.5774798.pt,,20,1516,3470573,2024-09-20 00:55:12.338651,x86_64,0.1222000122070312,1.011711999999534,0.0,80.0,20.0,1.6234197616577148,0.1283980582524271,0.0638002773925104,0.0202927470207214,2.0871968269348145,0.1814814814814814,0.0864197530864197,0.1043598413467407,99.0,0.0206033945083618,ModelStateDict-Waypoint_0-1726793723.984535.pt,0.0203063696622848,ModelStateDict-Waypoint_1-1726793732.2141225.pt,0.0211669877171516,ModelStateDict-Waypoint_2-1726793740.6229808.pt,0.0211889341473579,ModelStateDict-Waypoint_3-1726793749.8279672.pt,0.0203214839100837,ModelStateDict-Waypoint_4-1726793759.415536.pt,47.97840690612793,22015875.0,22040395.0,0.0,"1516/875, 875/875, 875/875, 875/875, 875/875, 875/875, 875/875, 875/875, 875/875, 875/875, 875/875, 875/875, 875/875, 875/875, 875/875, 875/875, 875/875, 875/875, 875/875, 875/875, 875/875, 875/875, 875/875, 875/875, 875/875, 875/875, 875/875, 875/875, 875/20","1516/875, 875/875, 875/875, 875/875, 875/875, 875/875, 875/875, 875/875, 875/875, 875/875, 875/875, 875/875, 875/875, 875/875, 875/875, 875/875, 875/875, 875/875, 875/875, 875/875, 875/875, 875/875, 875/875, 875/875, 875/875, 875/875, 875/875, 875/875, 875/20",225280.0,
38,v0.93 - 93,0,CrossEntropy,Adam,0.000904255,100,MainLinear,0.000224328,27,875,ACI,3000,0.2,100,-2,3,cuda,0.001,0.001,"[866, 866, 866, 866, 866, 866, 866, 866, 866, 866, 866, 866, 866, 866, 866, 866, 866, 866, 866, 866, 866, 866, 866, 866, 866, 866, 866, 866, 20]","[0.99, 0.99, 0.99, 0.99, 0.99, 0.99, 0.99, 0.99, 0.99, 0.99, 0.99, 0.99, 0.99, 0.99, 0.99, 0.99, 0.99, 0.99, 0.99, 0.99, 0.99, 0.99, 0.99, 0.99, 0.99, 0.99, 0.99, 0.99, 1.0]",ADDM_Joint,0.5,0.5,0.05,0.03,3.0,False,"[10, 30, 30, 30, 30, 30, 30, 30, 30, 30, 30, 30, 30, 30, 30, 30, 30, 30, 30, 30, 30, 30, 30, 30, 30, 30, 30, 30, 20]",,ModelStateDict1726689934.8762655.pt,20,1516,3364644,2024-09-20 00:56:17.411838,x86_64,67.53651332855225,2590.2325759999985,359326720.0,80.0,20.0,1.2430182695388794,0.4422785547785547,0.2141192141192141,0.0155377283692359,1.5790369510650637,0.3427272727272727,0.2393939393939394,0.0789518475532531,0.0,,,,,,,,,,,0.9000487327575684,22015875.0,22040395.0,444532.0,"1516/875, 875/875, 875/875, 875/875, 875/875, 875/875, 875/875, 875/875, 875/875, 875/875, 875/875, 875/875, 875/875, 875/875, 875/875, 875/875, 875/875, 875/875, 875/875, 875/875, 875/875, 875/875, 875/875, 875/875, 875/875, 875/875, 875/875, 875/875, 875/20","1516/866, 875/866, 875/866, 875/866, 875/866, 875/866, 875/866, 875/866, 875/866, 875/866, 875/866, 875/866, 875/866, 875/866, 875/866, 875/866, 875/866, 875/866, 875/866, 875/866, 875/866, 875/866, 875/866, 875/866, 875/866, 875/866, 875/866, 875/866, 875/20",244836.0,0.0
39,v0.93 - 93,0,CrossEntropy,Adam,0.000904255,100,MainLinear,0.000224328,27,875,ACI,3000,0.2,100,-2,3,cuda,0.001,0.001,"[866, 866, 866, 866, 866, 866, 866, 866, 866, 866, 866, 866, 866, 866, 866, 866, 866, 866, 866, 866, 866, 866, 866, 866, 866, 866, 866, 866, 20]","[0.99, 0.99, 0.99, 0.99, 0.99, 0.99, 0.99, 0.99, 0.99, 0.99, 0.99, 0.99, 0.99, 0.99, 0.99, 0.99, 0.99, 0.99, 0.99, 0.99, 0.99, 0.99, 0.99, 0.99, 0.99, 0.99, 0.99, 0.99, 1.0]",BERT_theseus_training|BERT_theseus,0.5,0.5,0.05,0.03,3.0,False,"[10, 30, 30, 30, 30, 30, 30, 30, 30, 30, 30, 30, 30, 30, 30, 30, 30, 30, 30, 30, 30, 30, 30, 30, 30, 30, 30, 30, 20]",,ModelStateDict1726689934.8762655.pt,20,1516,3471166,2024-09-20 00:57:09.623375,x86_64,38.60978889465332,148.5004799999988,459131904.0,80.0,20.0,1.7871551513671875,0.1283980582524271,0.0638002773925104,0.0223394393920898,1.8859840631484983,0.1814814814814814,0.0864197530864197,0.0942992031574249,99.0,0.0250637352466583,,0.0239755108952522,,0.023252959549427,,0.022741687297821,,0.0223562955856323,,56.29236531257629,22015875.0,22040395.0,0.0,"1516/875, 875/875, 875/875, 875/875, 875/875, 875/875, 875/875, 875/875, 875/875, 875/875, 875/875, 875/875, 875/875, 875/875, 875/875, 875/875, 875/875, 875/875, 875/875, 875/875, 875/875, 875/875, 875/875, 875/875, 875/875, 875/875, 875/875, 875/875, 875/20","1516/875, 875/875, 875/875, 875/875, 875/875, 875/875, 875/875, 875/875, 875/875, 875/875, 875/875, 875/875, 875/875, 875/875, 875/875, 875/875, 875/875, 875/875, 875/875, 875/875, 875/875, 875/875, 875/875, 875/875, 875/875, 875/875, 875/875, 875/875, 875/20",374643.0,0.0
40,v0.93 - 93,0,CrossEntropy,Adam,0.000904255,100,MainLinear,0.000224328,27,875,ACI,3000,0.2,100,-2,3,cuda,0.001,0.001,"[612, 612, 612, 612, 612, 612, 612, 612, 612, 612, 612, 612, 612, 612, 612, 612, 612, 612, 612, 612, 612, 612, 612, 612, 612, 612, 612, 612, 20]","[0.7, 0.7, 0.7, 0.7, 0.7, 0.7, 0.7, 0.7, 0.7, 0.7, 0.7, 0.7, 0.7, 0.7, 0.7, 0.7, 0.7, 0.7, 0.7, 0.7, 0.7, 0.7, 0.7, 0.7, 0.7, 0.7, 0.7, 0.7, 1.0]",ADDM_Joint,0.5,0.5,0.05,0.03,3.0,False,"[10, 30, 30, 30, 30, 30, 30, 30, 30, 30, 30, 30, 30, 30, 30, 30, 30, 30, 30, 30, 30, 30, 30, 30, 30, 30, 30, 30, 20]",,ModelStateDict1726689934.8762655.pt,20,1516,3364644,2024-09-20 00:57:29.607782,x86_64,67.48658919334412,-15752.257536,342437888.0,80.0,20.0,1.5647791624069214,0.2849358974358974,0.1575091575091575,0.0195597395300865,2.061843156814575,0.094047619047619,0.115079365079365,0.1030921578407287,0.0,,,,,,,,,,,2.7006642818450928,22015875.0,22040395.0,11089926.0,"1516/875, 875/875, 875/875, 875/875, 875/875, 875/875, 875/875, 875/875, 875/875, 875/875, 875/875, 875/875, 875/875, 875/875, 875/875, 875/875, 875/875, 875/875, 875/875, 875/875, 875/875, 875/875, 875/875, 875/875, 875/875, 875/875, 875/875, 875/875, 875/20","1516/612, 875/612, 875/612, 875/612, 875/612, 875/612, 875/612, 875/612, 875/612, 875/612, 875/612, 875/612, 875/612, 875/612, 875/612, 875/612, 875/612, 875/612, 875/612, 875/612, 875/612, 875/612, 875/612, 875/612, 875/612, 875/612, 875/612, 875/612, 875/20",489560.0,0.0
41,v0.93 - 93,0,CrossEntropy,Adam,0.000904255,100,MainLinear,0.000224328,27,875,ACI,3000,0.2,100,-2,3,cuda,0.001,0.001,"[498, 498, 498, 498, 498, 498, 498, 498, 498, 498, 498, 498, 498, 498, 498, 498, 498, 498, 498, 498, 498, 498, 498, 498, 498, 498, 498, 498, 20]","[0.57, 0.57, 0.57, 0.57, 0.57, 0.57, 0.57, 0.57, 0.57, 0.57, 0.57, 0.57, 0.57, 0.57, 0.57, 0.57, 0.57, 0.57, 0.57, 0.57, 0.57, 0.57, 0.57, 0.57, 0.57, 0.57, 0.57, 0.57, 1.0]",ADDM_Joint,0.5,0.5,0.05,0.03,3.0,False,"[10, 30, 30, 30, 30, 30, 30, 30, 30, 30, 30, 30, 30, 30, 30, 30, 30, 30, 30, 30, 30, 30, 30, 30, 30, 30, 30, 30, 20]",,ModelStateDict1726689934.8762655.pt,20,1516,3364644,2024-09-20 00:58:48.221491,x86_64,69.63682985305786,1377.4766080000009,343775232.0,80.0,20.0,1.8453277349472048,0.0454301075268817,0.0399385560675883,0.02306659668684,2.1584064960479736,0.0181818181818181,0.0303030303030303,0.1079203248023986,0.0,,,,,,,,,,,1.7809555530548096,22015875.0,22040395.0,14709539.0,"1516/875, 875/875, 875/875, 875/875, 875/875, 875/875, 875/875, 875/875, 875/875, 875/875, 875/875, 875/875, 875/875, 875/875, 875/875, 875/875, 875/875, 875/875, 875/875, 875/875, 875/875, 875/875, 875/875, 875/875, 875/875, 875/875, 875/875, 875/875, 875/20","1516/498, 875/498, 875/498, 875/498, 875/498, 875/498, 875/498, 875/498, 875/498, 875/498, 875/498, 875/498, 875/498, 875/498, 875/498, 875/498, 875/498, 875/498, 875/498, 875/498, 875/498, 875/498, 875/498, 875/498, 875/498, 875/498, 875/498, 875/498, 875/20",659228.0,0.0
42,v0.93 - 93,0,CrossEntropy,Adam,0.000904255,100,MainLinear,0.000224328,27,875,ACI,3000,0.2,100,-2,3,cuda,0.001,0.001,"[612, 612, 612, 612, 612, 612, 612, 612, 612, 612, 612, 612, 612, 612, 612, 612, 612, 612, 612, 612, 612, 612, 612, 612, 612, 612, 612, 612, 20]","[0.7, 0.7, 0.7, 0.7, 0.7, 0.7, 0.7, 0.7, 0.7, 0.7, 0.7, 0.7, 0.7, 0.7, 0.7, 0.7, 0.7, 0.7, 0.7, 0.7, 0.7, 0.7, 0.7, 0.7, 0.7, 0.7, 0.7, 0.7, 1.0]",BERT_theseus_training|BERT_theseus,0.5,0.5,0.05,0.03,3.0,False,"[10, 30, 30, 30, 30, 30, 30, 30, 30, 30, 30, 30, 30, 30, 30, 30, 30, 30, 30, 30, 30, 30, 30, 30, 30, 30, 30, 30, 20]",,ModelStateDict1726689934.8762655.pt,20,1516,3471166,2024-09-20 00:58:48.429056,x86_64,38.30774402618408,425.7710079999997,441423872.0,80.0,20.0,1.7009708881378174,0.1283980582524271,0.0638002773925104,0.0212621361017227,1.8624963760375977,0.1814814814814814,0.0864197530864197,0.0931248188018798,99.0,0.0234977334737777,,0.0224730968475341,,0.021878632903099,,0.0215131357312202,,0.0212719991803169,,72.92734241485596,22015875.0,22040395.0,1.0,"1516/875, 875/875, 875/875, 875/875, 875/875, 875/875, 875/875, 875/875, 875/875, 875/875, 875/875, 875/875, 875/875, 875/875, 875/875, 875/875, 875/875, 875/875, 875/875, 875/875, 875/875, 875/875, 875/875, 875/875, 875/875, 875/875, 875/875, 875/875, 875/20","1516/875, 875/875, 875/875, 875/875, 875/875, 875/875, 875/875, 875/875, 875/875, 875/875, 875/875, 875/875, 875/875, 875/875, 875/875, 875/875, 875/875, 875/875, 875/875, 875/875, 875/875, 875/875, 875/875, 875/875, 875/875, 875/875, 875/875, 875/875, 875/20",749174.0,0.0
43,v0.93 - 93,0,CrossEntropy,Adam,0.000904255,100,MainLinear,0.000224328,27,875,ACI,3000,0.2,100,-2,3,cuda,0.001,0.001,"[428, 428, 428, 428, 428, 428, 428, 428, 428, 428, 428, 428, 428, 428, 428, 428, 428, 428, 428, 428, 428, 428, 428, 428, 428, 428, 428, 428, 20]","[0.49, 0.49, 0.49, 0.49, 0.49, 0.49, 0.49, 0.49, 0.49, 0.49, 0.49, 0.49, 0.49, 0.49, 0.49, 0.49, 0.49, 0.49, 0.49, 0.49, 0.49, 0.49, 0.49, 0.49, 0.49, 0.49, 0.49, 0.49, 1.0]",ADDM_Joint,0.5,0.5,0.05,0.03,3.0,False,"[10, 30, 30, 30, 30, 30, 30, 30, 30, 30, 30, 30, 30, 30, 30, 30, 30, 30, 30, 30, 30, 30, 30, 30, 30, 30, 30, 30, 20]",,ModelStateDict1726689934.8762655.pt,20,1516,3364644,2024-09-20 01:00:05.369158,x86_64,70.61724090576172,1336.2298880000017,342086656.0,80.0,20.0,1.945542335510254,0.0454301075268817,0.0399385560675883,0.0243192791938781,2.282315254211426,0.0181818181818181,0.0303030303030303,0.1141157627105712,0.0,,,,,,,,,,,1.2395431995391846,22015875.0,22040395.0,16594786.0,"1516/875, 875/875, 875/875, 875/875, 875/875, 875/875, 875/875, 875/875, 875/875, 875/875, 875/875, 875/875, 875/875, 875/875, 875/875, 875/875, 875/875, 875/875, 875/875, 875/875, 875/875, 875/875, 875/875, 875/875, 875/875, 875/875, 875/875, 875/875, 875/20","1516/428, 875/428, 875/428, 875/428, 875/428, 875/428, 875/428, 875/428, 875/428, 875/428, 875/428, 875/428, 875/428, 875/428, 875/428, 875/428, 875/428, 875/428, 875/428, 875/428, 875/428, 875/428, 875/428, 875/428, 875/428, 875/428, 875/428, 875/428, 875/20",828896.0,0.0
44,v0.93 - 93,0,CrossEntropy,Adam,0.000904255,100,MainLinear,0.000224328,27,875,ACI,3000,0.2,100,-2,3,cuda,0.001,0.001,"[498, 498, 498, 498, 498, 498, 498, 498, 498, 498, 498, 498, 498, 498, 498, 498, 498, 498, 498, 498, 498, 498, 498, 498, 498, 498, 498, 498, 20]","[0.57, 0.57, 0.57, 0.57, 0.57, 0.57, 0.57, 0.57, 0.57, 0.57, 0.57, 0.57, 0.57, 0.57, 0.57, 0.57, 0.57, 0.57, 0.57, 0.57, 0.57, 0.57, 0.57, 0.57, 0.57, 0.57, 0.57, 0.57, 1.0]",BERT_theseus_training|BERT_theseus,0.5,0.5,0.05,0.03,3.0,False,"[10, 30, 30, 30, 30, 30, 30, 30, 30, 30, 30, 30, 30, 30, 30, 30, 30, 30, 30, 30, 30, 30, 30, 30, 30, 30, 30, 30, 20]",,ModelStateDict1726689934.8762655.pt,20,1516,3471166,2024-09-20 01:00:44.054688,x86_64,38.476189851760864,24.81766399999833,441273344.0,80.0,20.0,1.6898596286773682,0.1384615384615384,0.0659340659340659,0.0211232453584671,1.8612515926361084,0.0391304347826086,0.0434782608695652,0.0930625796318054,99.0,0.0229882329702377,,0.022123372554779,,0.0216313749551773,,0.0213306188583374,,0.021131432056427,,78.93619084358215,22015875.0,22040395.0,2.0,"1516/875, 875/875, 875/875, 875/875, 875/875, 875/875, 875/875, 875/875, 875/875, 875/875, 875/875, 875/875, 875/875, 875/875, 875/875, 875/875, 875/875, 875/875, 875/875, 875/875, 875/875, 875/875, 875/875, 875/875, 875/875, 875/875, 875/875, 875/875, 875/20","1516/875, 875/875, 875/875, 875/875, 875/875, 875/875, 875/875, 875/875, 875/875, 875/875, 875/875, 875/875, 875/875, 875/875, 875/875, 875/875, 875/875, 875/875, 875/875, 875/875, 875/875, 875/875, 875/875, 875/875, 875/875, 875/875, 875/875, 875/875, 875/20",1048649.0,0.0
45,v0.93 - 93,0,CrossEntropy,Adam,0.000904255,100,MainLinear,0.000224328,27,875,ACI,3000,0.2,100,-2,3,cuda,0.001,0.001,"[866, 866, 866, 866, 866, 866, 866, 866, 866, 866, 866, 866, 866, 866, 866, 866, 866, 866, 866, 866, 866, 866, 866, 866, 866, 866, 866, 866, 20]","[0.99, 0.99, 0.99, 0.99, 0.99, 0.99, 0.99, 0.99, 0.99, 0.99, 0.99, 0.99, 0.99, 0.99, 0.99, 0.99, 0.99, 0.99, 0.99, 0.99, 0.99, 0.99, 0.99, 0.99, 0.99, 0.99, 0.99, 0.99, 1.0]",iteritive_full_theseus_training|iteritive_full_theseus,0.5,0.5,0.05,0.03,3.0,False,"[10, 30, 30, 30, 30, 30, 30, 30, 30, 30, 30, 30, 30, 30, 30, 30, 30, 30, 30, 30, 30, 30, 30, 30, 30, 30, 30, 30, 20]",,ModelStateDict1726689934.8762655.pt,20,1516,1685326,2024-09-20 01:01:14.667371,x86_64,314.468567609787,8356.229119999998,364644352.0,80.0,20.0,2.470996379852295,0.1384615384615384,0.0659340659340659,0.0308874547481536,2.5158438682556152,0.0391304347826086,0.0434782608695652,0.1257921934127807,99.0,0.0308874666690826,,0.0308874547481536,,0.0308874547481536,,0.0308874577283859,,0.0308874547481536,,73.18240523338318,21627315.0,21651611.0,1.0,"1516/867, 867/867, 867/867, 867/867, 867/867, 867/867, 867/867, 867/867, 867/867, 867/867, 867/867, 867/867, 867/867, 867/867, 867/867, 867/867, 867/867, 867/867, 867/867, 867/867, 867/867, 867/867, 867/867, 867/867, 867/867, 867/867, 867/867, 867/867, 867/20","1516/867, 867/867, 867/867, 867/867, 867/867, 867/867, 867/867, 867/867, 867/867, 867/867, 867/867, 867/867, 867/867, 867/867, 867/867, 867/867, 867/867, 867/867, 867/867, 867/867, 867/867, 867/867, 867/867, 867/867, 867/867, 867/867, 867/867, 867/867, 867/20",371510.0,0.0
46,v0.93 - 93,0,CrossEntropy,Adam,0.000904255,100,MainLinear,0.000224328,27,875,ACI,3000,0.2,100,-2,3,cuda,0.001,0.001,"[385, 385, 385, 385, 385, 385, 385, 385, 385, 385, 385, 385, 385, 385, 385, 385, 385, 385, 385, 385, 385, 385, 385, 385, 385, 385, 385, 385, 20]","[0.44, 0.44, 0.44, 0.44, 0.44, 0.44, 0.44, 0.44, 0.44, 0.44, 0.44, 0.44, 0.44, 0.44, 0.44, 0.44, 0.44, 0.44, 0.44, 0.44, 0.44, 0.44, 0.44, 0.44, 0.44, 0.44, 0.44, 0.44, 1.0]",ADDM_Joint,0.5,0.5,0.05,0.03,3.0,False,"[10, 30, 30, 30, 30, 30, 30, 30, 30, 30, 30, 30, 30, 30, 30, 30, 30, 30, 30, 30, 30, 30, 30, 30, 30, 30, 30, 30, 20]",,ModelStateDict1726689934.8762655.pt,20,1516,3364644,2024-09-20 01:01:19.548328,x86_64,69.11098957061768,2861.559807999998,342437888.0,80.0,20.0,1.9799293279647827,0.0454301075268817,0.0399385560675883,0.0247491165995597,2.354868173599243,0.0181818181818181,0.0303030303030303,0.1177434086799621,0.0,,,,,,,,,,,1.097003698348999,22015875.0,22040395.0,17664512.0,"1516/875, 875/875, 875/875, 875/875, 875/875, 875/875, 875/875, 875/875, 875/875, 875/875, 875/875, 875/875, 875/875, 875/875, 875/875, 875/875, 875/875, 875/875, 875/875, 875/875, 875/875, 875/875, 875/875, 875/875, 875/875, 875/875, 875/875, 875/875, 875/20","1516/385, 875/385, 875/385, 875/385, 875/385, 875/385, 875/385, 875/385, 875/385, 875/385, 875/385, 875/385, 875/385, 875/385, 875/385, 875/385, 875/385, 875/385, 875/385, 875/385, 875/385, 875/385, 875/385, 875/385, 875/385, 875/385, 875/385, 875/385, 875/20",998564.0,0.0
47,v0.93 - 93,0,CrossEntropy,Adam,0.000904255,100,MainLinear,0.000224328,27,875,ACI,3000,0.2,100,-2,3,cuda,0.001,0.001,"[428, 428, 428, 428, 428, 428, 428, 428, 428, 428, 428, 428, 428, 428, 428, 428, 428, 428, 428, 428, 428, 428, 428, 428, 428, 428, 428, 428, 20]","[0.49, 0.49, 0.49, 0.49, 0.49, 0.49, 0.49, 0.49, 0.49, 0.49, 0.49, 0.49, 0.49, 0.49, 0.49, 0.49, 0.49, 0.49, 0.49, 0.49, 0.49, 0.49, 0.49, 0.49, 0.49, 0.49, 0.49, 0.49, 1.0]",BERT_theseus_training|BERT_theseus,0.5,0.5,0.05,0.03,3.0,False,"[10, 30, 30, 30, 30, 30, 30, 30, 30, 30, 30, 30, 30, 30, 30, 30, 30, 30, 30, 30, 30, 30, 30, 30, 30, 30, 30, 30, 20]",,ModelStateDict1726689934.8762655.pt,20,1516,3471166,2024-09-20 01:03:46.155594,x86_64,98.69542241096497,-27.152384000000893,-264985600.0,80.0,20.0,1.7197434902191162,0.1384615384615384,0.0659340659340659,0.0214967936277389,1.8942062854766848,0.0391304347826086,0.0434782608695652,0.0947103142738342,99.0,0.0241022557020187,,0.0229687541723251,,0.0222656890749931,,0.0218137294054031,,0.0215093046426773,,39.80795645713806,22015875.0,22040395.0,0.0,"1516/875, 875/875, 875/875, 875/875, 875/875, 875/875, 875/875, 875/875, 875/875, 875/875, 875/875, 875/875, 875/875, 875/875, 875/875, 875/875, 875/875, 875/875, 875/875, 875/875, 875/875, 875/875, 875/875, 875/875, 875/875, 875/875, 875/875, 875/875, 875/20","1516/875, 875/875, 875/875, 875/875, 875/875, 875/875, 875/875, 875/875, 875/875, 875/875, 875/875, 875/875, 875/875, 875/875, 875/875, 875/875, 875/875, 875/875, 875/875, 875/875, 875/875, 875/875, 875/875, 875/875, 875/875, 875/875, 875/875, 875/875, 875/20",749174.0,0.0
48,v0.93 - 93,0,CrossEntropy,Adam,0.000904255,100,MainLinear,0.000224328,27,875,ACI,3000,0.2,100,-2,3,cuda,0.001,0.001,"[385, 385, 385, 385, 385, 385, 385, 385, 385, 385, 385, 385, 385, 385, 385, 385, 385, 385, 385, 385, 385, 385, 385, 385, 385, 385, 385, 385, 20]","[0.44, 0.44, 0.44, 0.44, 0.44, 0.44, 0.44, 0.44, 0.44, 0.44, 0.44, 0.44, 0.44, 0.44, 0.44, 0.44, 0.44, 0.44, 0.44, 0.44, 0.44, 0.44, 0.44, 0.44, 0.44, 0.44, 0.44, 0.44, 1.0]",BERT_theseus_training|BERT_theseus,0.5,0.5,0.05,0.03,3.0,False,"[10, 30, 30, 30, 30, 30, 30, 30, 30, 30, 30, 30, 30, 30, 30, 30, 30, 30, 30, 30, 30, 30, 30, 30, 30, 30, 30, 30, 20]",,ModelStateDict1726689934.8762655.pt,20,1516,3471166,2024-09-20 01:04:54.554008,x86_64,24.95626211166382,434.0367359999982,356384768.0,80.0,20.0,1.801173210144043,0.1283980582524271,0.0638002773925104,0.0225146651268005,1.8909088373184204,0.1814814814814814,0.0864197530864197,0.094545441865921,99.0,0.0255993008613586,,0.024422812461853,,0.0235924154520034,,0.0229885786771774,,0.0225343868136405,,39.93237447738648,11297125.0,11309395.0,0.0,"1516/875, 875/875, 875/875, 875/875, 875/875, 875/875, 875/875, 875/875, 875/875, 875/875, 875/875, 875/875, 875/875, 875/875, 875/20","1516/875, 875/875, 875/875, 875/875, 875/875, 875/875, 875/875, 875/875, 875/875, 875/875, 875/875, 875/875, 875/875, 875/875, 875/20",1011927.0,0.0
49,v0.93 - 93,0,CrossEntropy,Adam,0.000904255,100,MainLinear,0.000224328,27,875,ACI,3000,0.2,100,-2,3,cuda,0.001,0.001,"[866, 866, 866, 866, 866, 866, 866, 866, 866, 866, 866, 866, 866, 866, 866, 866, 866, 866, 866, 866, 866, 866, 866, 866, 866, 866, 866, 866, 20]","[0.99, 0.99, 0.99, 0.99, 0.99, 0.99, 0.99, 0.99, 0.99, 0.99, 0.99, 0.99, 0.99, 0.99, 0.99, 0.99, 0.99, 0.99, 0.99, 0.99, 0.99, 0.99, 0.99, 0.99, 0.99, 0.99, 0.99, 0.99, 1.0]",DAIS_training|DAIS,0.5,0.5,0.05,0.03,3.0,False,"[10, 30, 30, 30, 30, 30, 30, 30, 30, 30, 30, 30, 30, 30, 30, 30, 30, 30, 30, 30, 30, 30, 30, 30, 30, 30, 30, 30, 20]",,ModelStateDict1726689934.8762655.pt,20,1516,3366474,2024-09-20 01:06:48.582277,x86_64,281.8249385356903,133.33299199999965,370833408.0,80.0,20.0,32.61456298828125,0.1972602739726027,0.0939334637964774,0.4076820373535156,37.614036560058594,0.0692307692307692,0.0769230769230769,1.8807018280029293,0.0,,,,,,,,,,,0.6097860336303711,22015875.0,22040395.0,20125.0,"1516/875, 875/875, 875/875, 875/875, 875/875, 875/875, 875/875, 875/875, 875/875, 875/875, 875/875, 875/875, 875/875, 875/875, 875/875, 875/875, 875/875, 875/875, 875/875, 875/875, 875/875, 875/875, 875/875, 875/875, 875/875, 875/875, 875/875, 875/875, 875/20","1516/875, 875/875, 875/875, 875/875, 875/875, 875/875, 875/875, 875/875, 875/875, 875/875, 875/875, 875/875, 875/875, 875/875, 875/874, 875/874, 875/873, 875/875, 875/875, 875/875, 875/874, 875/872, 875/874, 875/873, 875/874, 875/872, 875/871, 875/871, 875/20",300448.0,0.0
50,v0.93 - 93,0,CrossEntropy,Adam,0.000904255,100,MainLinear,0.000224328,27,875,ACI,3000,0.2,100,-2,3,cuda,0.001,0.001,"[612, 612, 612, 612, 612, 612, 612, 612, 612, 612, 612, 612, 612, 612, 612, 612, 612, 612, 612, 612, 612, 612, 612, 612, 612, 612, 612, 612, 20]","[0.7, 0.7, 0.7, 0.7, 0.7, 0.7, 0.7, 0.7, 0.7, 0.7, 0.7, 0.7, 0.7, 0.7, 0.7, 0.7, 0.7, 0.7, 0.7, 0.7, 0.7, 0.7, 0.7, 0.7, 0.7, 0.7, 0.7, 0.7, 1.0]",DAIS_training|DAIS,0.5,0.5,0.05,0.03,3.0,False,"[10, 30, 30, 30, 30, 30, 30, 30, 30, 30, 30, 30, 30, 30, 30, 30, 30, 30, 30, 30, 30, 30, 30, 30, 30, 30, 30, 30, 20]",,ModelStateDict1726689934.8762655.pt,20,1516,3366474,2024-09-20 01:11:31.615563,x86_64,278.4417192935944,228.3929599999992,353392640.0,80.0,20.0,3.587791919708252,0.1384615384615384,0.0659340659340659,0.0448473989963531,5.433992862701416,0.0391304347826086,0.0434782608695652,0.2716996431350708,0.0,,,,,,,,,,,0.4681944847106933,22015875.0,22040395.0,9625.0,"1516/875, 875/875, 875/875, 875/875, 875/875, 875/875, 875/875, 875/875, 875/875, 875/875, 875/875, 875/875, 875/875, 875/875, 875/875, 875/875, 875/875, 875/875, 875/875, 875/875, 875/875, 875/875, 875/875, 875/875, 875/875, 875/875, 875/875, 875/875, 875/20","1516/875, 875/875, 875/875, 875/875, 875/875, 875/875, 875/875, 875/875, 875/875, 875/875, 875/875, 875/875, 875/875, 875/875, 875/875, 875/875, 875/875, 875/875, 875/875, 875/875, 875/875, 875/875, 875/875, 875/875, 875/875, 875/871, 875/873, 875/870, 875/20",600784.0,0.0
51,v0.93 - 93,0,CrossEntropy,Adam,0.000904255,100,MainLinear,0.000224328,27,875,ACI,3000,0.2,100,-2,3,cuda,0.001,0.001,"[498, 498, 498, 498, 498, 498, 498, 498, 498, 498, 498, 498, 498, 498, 498, 498, 498, 498, 498, 498, 498, 498, 498, 498, 498, 498, 498, 498, 20]","[0.57, 0.57, 0.57, 0.57, 0.57, 0.57, 0.57, 0.57, 0.57, 0.57, 0.57, 0.57, 0.57, 0.57, 0.57, 0.57, 0.57, 0.57, 0.57, 0.57, 0.57, 0.57, 0.57, 0.57, 0.57, 0.57, 0.57, 0.57, 1.0]",DAIS_training|DAIS,0.5,0.5,0.05,0.03,3.0,False,"[10, 30, 30, 30, 30, 30, 30, 30, 30, 30, 30, 30, 30, 30, 30, 30, 30, 30, 30, 30, 30, 30, 30, 30, 30, 30, 30, 30, 20]",,ModelStateDict1726689934.8762655.pt,20,1516,3366474,2024-09-20 01:16:36.008426,x86_64,300.3075501918793,-1986.920447999999,89041920.0,80.0,20.0,389.1599426269531,0.1384615384615384,0.0659340659340659,4.864499282836914,611.6007080078125,0.0391304347826086,0.0434782608695652,30.580035400390624,0.0,,,,,,,,,,,0.4634270668029785,22015875.0,22040395.0,2341134.0,"1516/875, 875/875, 875/875, 875/875, 875/875, 875/875, 875/875, 875/875, 875/875, 875/875, 875/875, 875/875, 875/875, 875/875, 875/875, 875/875, 875/875, 875/875, 875/875, 875/875, 875/875, 875/875, 875/875, 875/875, 875/875, 875/875, 875/875, 875/875, 875/20","1516/851, 875/837, 875/756, 875/753, 875/742, 875/774, 875/771, 875/751, 875/745, 875/785, 875/779, 875/792, 875/798, 875/771, 875/723, 875/799, 875/806, 875/783, 875/796, 875/787, 875/789, 875/768, 875/759, 875/763, 875/773, 875/781, 875/797, 875/813, 875/20",600784.0,0.0
52,v0.93 - 93,0,CrossEntropy,Adam,0.000904255,100,MainLinear,0.000224328,27,875,ACI,3000,0.2,100,-2,3,cuda,0.001,0.001,"[428, 428, 428, 428, 428, 428, 428, 428, 428, 428, 428, 428, 428, 428, 428, 428, 428, 428, 428, 428, 428, 428, 428, 428, 428, 428, 428, 428, 20]","[0.49, 0.49, 0.49, 0.49, 0.49, 0.49, 0.49, 0.49, 0.49, 0.49, 0.49, 0.49, 0.49, 0.49, 0.49, 0.49, 0.49, 0.49, 0.49, 0.49, 0.49, 0.49, 0.49, 0.49, 0.49, 0.49, 0.49, 0.49, 1.0]",DAIS_training|DAIS,0.5,0.5,0.05,0.03,3.0,False,"[10, 30, 30, 30, 30, 30, 30, 30, 30, 30, 30, 30, 30, 30, 30, 30, 30, 30, 30, 30, 30, 30, 30, 30, 30, 30, 30, 30, 20]",,ModelStateDict1726689934.8762655.pt,20,1516,3366474,2024-09-20 01:21:44.676128,x86_64,304.5223834514618,541.7861119999998,87821312.0,80.0,20.0,67.25804901123047,0.1384615384615384,0.0659340659340659,0.8407256126403808,83.77989196777344,0.0391304347826086,0.0434782608695652,4.188994598388672,0.0,,,,,,,,,,,0.4738872051239013,22015875.0,22040395.0,2075440.0,"1516/875, 875/875, 875/875, 875/875, 875/875, 875/875, 875/875, 875/875, 875/875, 875/875, 875/875, 875/875, 875/875, 875/875, 875/875, 875/875, 875/875, 875/875, 875/875, 875/875, 875/875, 875/875, 875/875, 875/875, 875/875, 875/875, 875/875, 875/875, 875/20","1516/785, 875/788, 875/774, 875/780, 875/767, 875/790, 875/801, 875/775, 875/785, 875/806, 875/784, 875/806, 875/790, 875/789, 875/795, 875/777, 875/786, 875/792, 875/783, 875/786, 875/801, 875/805, 875/791, 875/800, 875/809, 875/804, 875/809, 875/836, 875/20",600784.0,0.0
53,v0.93 - 93,0,CrossEntropy,Adam,0.000904255,100,MainLinear,0.000224328,27,875,ACI,3000,0.2,100,-2,3,cuda,0.001,0.001,"[385, 385, 385, 385, 385, 385, 385, 385, 385, 385, 385, 385, 385, 385, 385, 385, 385, 385, 385, 385, 385, 385, 385, 385, 385, 385, 385, 385, 20]","[0.44, 0.44, 0.44, 0.44, 0.44, 0.44, 0.44, 0.44, 0.44, 0.44, 0.44, 0.44, 0.44, 0.44, 0.44, 0.44, 0.44, 0.44, 0.44, 0.44, 0.44, 0.44, 0.44, 0.44, 0.44, 0.44, 0.44, 0.44, 1.0]",DAIS_training|DAIS,0.5,0.5,0.05,0.03,3.0,False,"[10, 30, 30, 30, 30, 30, 30, 30, 30, 30, 30, 30, 30, 30, 30, 30, 30, 30, 30, 30, 30, 30, 30, 30, 30, 30, 30, 30, 20]",,ModelStateDict1726689934.8762655.pt,20,1516,3366474,2024-09-20 01:26:50.957694,x86_64,301.8630199432373,-773.6033279999992,87821312.0,80.0,20.0,85025398784.0,0.1384615384615384,0.0659340659340659,1062817484.8,244029538304.0,0.0391304347826086,0.0434782608695652,12201476915.2,0.0,,,,,,,,,,,0.4249508380889892,22015875.0,22040395.0,1260967.0,"1516/875, 875/875, 875/875, 875/875, 875/875, 875/875, 875/875, 875/875, 875/875, 875/875, 875/875, 875/875, 875/875, 875/875, 875/875, 875/875, 875/875, 875/875, 875/875, 875/875, 875/875, 875/875, 875/875, 875/875, 875/875, 875/875, 875/875, 875/875, 875/20","1516/838, 875/831, 875/829, 875/822, 875/813, 875/804, 875/826, 875/810, 875/809, 875/819, 875/817, 875/824, 875/826, 875/818, 875/818, 875/817, 875/820, 875/820, 875/826, 875/839, 875/834, 875/823, 875/839, 875/838, 875/831, 875/833, 875/829, 875/833, 875/20",600784.0,0.0
54,v0.93 - 93,0,CrossEntropy,Adam,0.000904255,100,MainLinear,0.000224328,27,875,ACI,3000,0.2,100,-2,3,cuda,0.001,0.001,"[866, 866, 866, 866, 866, 866, 866, 866, 866, 866, 866, 866, 866, 866, 866, 866, 866, 866, 866, 866, 866, 866, 866, 866, 866, 866, 866, 866, 20]","[0.99, 0.99, 0.99, 0.99, 0.99, 0.99, 0.99, 0.99, 0.99, 0.99, 0.99, 0.99, 0.99, 0.99, 0.99, 0.99, 0.99, 0.99, 0.99, 0.99, 0.99, 0.99, 0.99, 0.99, 0.99, 0.99, 0.99, 0.99, 1.0]",RandomStructured,0.5,0.5,0.05,0.03,3.0,False,"[10, 30, 30, 30, 30, 30, 30, 30, 30, 30, 30, 30, 30, 30, 30, 30, 30, 30, 30, 30, 30, 30, 30, 30, 30, 30, 30, 30, 20]",,ModelStateDict1726689934.8762655.pt,20,1516,312068,2024-09-20 01:28:46.084347,x86_64,13.486085176467896,3239.911424000001,282259456.0,80.0,20.0,1.435027003288269,0.4340077605321507,0.2100095026924295,0.0179378375411033,2.0933384895324707,0.316,0.2266666666666666,0.1046669244766235,0.0,,,,,,,,,,,0.5682153701782227,22015875.0,22040395.0,226269.0,"1516/875, 875/875, 875/875, 875/875, 875/875, 875/875, 875/875, 875/875, 875/875, 875/875, 875/875, 875/875, 875/875, 875/875, 875/875, 875/875, 875/875, 875/875, 875/875, 875/875, 875/875, 875/875, 875/875, 875/875, 875/875, 875/875, 875/875, 875/875, 875/20","1516/866, 875/866, 875/866, 875/866, 875/866, 875/866, 875/866, 875/866, 875/866, 875/866, 875/866, 875/866, 875/866, 875/866, 875/866, 875/866, 875/866, 875/866, 875/866, 875/866, 875/866, 875/866, 875/866, 875/866, 875/866, 875/866, 875/866, 875/866, 875/20",300448.0,0.0
55,v0.93 - 93,0,CrossEntropy,Adam,0.000904255,100,MainLinear,0.000224328,27,875,ACI,3000,0.2,100,-2,3,cuda,0.001,0.001,"[612, 612, 612, 612, 612, 612, 612, 612, 612, 612, 612, 612, 612, 612, 612, 612, 612, 612, 612, 612, 612, 612, 612, 612, 612, 612, 612, 612, 20]","[0.7, 0.7, 0.7, 0.7, 0.7, 0.7, 0.7, 0.7, 0.7, 0.7, 0.7, 0.7, 0.7, 0.7, 0.7, 0.7, 0.7, 0.7, 0.7, 0.7, 0.7, 0.7, 0.7, 0.7, 0.7, 0.7, 0.7, 0.7, 1.0]",RandomStructured,0.5,0.5,0.05,0.03,3.0,False,"[10, 30, 30, 30, 30, 30, 30, 30, 30, 30, 30, 30, 30, 30, 30, 30, 30, 30, 30, 30, 30, 30, 30, 30, 30, 30, 30, 30, 20]",,ModelStateDict1726689934.8762655.pt,20,1516,312068,2024-09-20 01:28:59.249167,x86_64,7.839449405670166,123.36742400000004,265220096.0,80.0,20.0,1.270920991897583,0.4127310924369747,0.1997599039615846,0.0158865123987197,1.9158684015274048,0.2634615384615384,0.173076923076923,0.0957934200763702,0.0,,,,,,,,,,,0.4745991230010986,22015875.0,22040395.0,6612083.0,"1516/875, 875/875, 875/875, 875/875, 875/875, 875/875, 875/875, 875/875, 875/875, 875/875, 875/875, 875/875, 875/875, 875/875, 875/875, 875/875, 875/875, 875/875, 875/875, 875/875, 875/875, 875/875, 875/875, 875/875, 875/875, 875/875, 875/875, 875/875, 875/20","1516/612, 875/612, 875/612, 875/612, 875/612, 875/612, 875/612, 875/612, 875/612, 875/612, 875/612, 875/612, 875/612, 875/612, 875/612, 875/612, 875/612, 875/612, 875/612, 875/612, 875/612, 875/612, 875/612, 875/612, 875/612, 875/612, 875/612, 875/612, 875/20",600784.0,0.0
56,v0.93 - 93,0,CrossEntropy,Adam,0.000904255,100,MainLinear,0.000224328,27,875,ACI,3000,0.2,100,-2,3,cuda,0.001,0.001,"[498, 498, 498, 498, 498, 498, 498, 498, 498, 498, 498, 498, 498, 498, 498, 498, 498, 498, 498, 498, 498, 498, 498, 498, 498, 498, 498, 498, 20]","[0.57, 0.57, 0.57, 0.57, 0.57, 0.57, 0.57, 0.57, 0.57, 0.57, 0.57, 0.57, 0.57, 0.57, 0.57, 0.57, 0.57, 0.57, 0.57, 0.57, 0.57, 0.57, 0.57, 0.57, 0.57, 0.57, 0.57, 0.57, 1.0]",RandomStructured,0.5,0.5,0.05,0.03,3.0,False,"[10, 30, 30, 30, 30, 30, 30, 30, 30, 30, 30, 30, 30, 30, 30, 30, 30, 30, 30, 30, 30, 30, 30, 30, 30, 30, 30, 30, 20]",,ModelStateDict1726689934.8762655.pt,20,1516,312068,2024-09-20 01:29:12.419647,x86_64,7.834396839141846,96.98508799999944,266089472.0,80.0,20.0,1.3810710906982422,0.3222108736643621,0.1764388973691299,0.017263388633728,2.0494184494018555,0.094047619047619,0.115079365079365,0.1024709224700927,0.0,,,,,,,,,,,0.3673973083496094,22015875.0,22040395.0,9478157.0,"1516/875, 875/875, 875/875, 875/875, 875/875, 875/875, 875/875, 875/875, 875/875, 875/875, 875/875, 875/875, 875/875, 875/875, 875/875, 875/875, 875/875, 875/875, 875/875, 875/875, 875/875, 875/875, 875/875, 875/875, 875/875, 875/875, 875/875, 875/875, 875/20","1516/498, 875/498, 875/498, 875/498, 875/498, 875/498, 875/498, 875/498, 875/498, 875/498, 875/498, 875/498, 875/498, 875/498, 875/498, 875/498, 875/498, 875/498, 875/498, 875/498, 875/498, 875/498, 875/498, 875/498, 875/498, 875/498, 875/498, 875/498, 875/20",826064.0,0.0
57,v0.93 - 93,0,CrossEntropy,Adam,0.000904255,100,MainLinear,0.000224328,27,875,ACI,3000,0.2,100,-2,3,cuda,0.001,0.001,"[428, 428, 428, 428, 428, 428, 428, 428, 428, 428, 428, 428, 428, 428, 428, 428, 428, 428, 428, 428, 428, 428, 428, 428, 428, 428, 428, 428, 20]","[0.49, 0.49, 0.49, 0.49, 0.49, 0.49, 0.49, 0.49, 0.49, 0.49, 0.49, 0.49, 0.49, 0.49, 0.49, 0.49, 0.49, 0.49, 0.49, 0.49, 0.49, 0.49, 0.49, 0.49, 0.49, 0.49, 0.49, 0.49, 1.0]",RandomStructured,0.5,0.5,0.05,0.03,3.0,False,"[10, 30, 30, 30, 30, 30, 30, 30, 30, 30, 30, 30, 30, 30, 30, 30, 30, 30, 30, 30, 30, 30, 30, 30, 30, 30, 30, 30, 20]",,ModelStateDict1726689934.8762655.pt,20,1516,312068,2024-09-20 01:29:24.621693,x86_64,8.100463628768921,81.29740800000036,264517632.0,80.0,20.0,1.369834303855896,0.4225567552602436,0.2044771396930865,0.0171229287981987,2.081670045852661,0.2634615384615384,0.173076923076923,0.104083502292633,0.0,,,,,,,,,,,0.5596785545349121,22015875.0,22040395.0,11238027.0,"1516/875, 875/875, 875/875, 875/875, 875/875, 875/875, 875/875, 875/875, 875/875, 875/875, 875/875, 875/875, 875/875, 875/875, 875/875, 875/875, 875/875, 875/875, 875/875, 875/875, 875/875, 875/875, 875/875, 875/875, 875/875, 875/875, 875/875, 875/875, 875/20","1516/428, 875/428, 875/428, 875/428, 875/428, 875/428, 875/428, 875/428, 875/428, 875/428, 875/428, 875/428, 875/428, 875/428, 875/428, 875/428, 875/428, 875/428, 875/428, 875/428, 875/428, 875/428, 875/428, 875/428, 875/428, 875/428, 875/428, 875/428, 875/20",1051344.0,0.0
58,v0.93 - 93,0,CrossEntropy,Adam,0.000904255,100,MainLinear,0.000224328,27,875,ACI,3000,0.2,100,-2,3,cuda,0.001,0.001,"[385, 385, 385, 385, 385, 385, 385, 385, 385, 385, 385, 385, 385, 385, 385, 385, 385, 385, 385, 385, 385, 385, 385, 385, 385, 385, 385, 385, 20]","[0.44, 0.44, 0.44, 0.44, 0.44, 0.44, 0.44, 0.44, 0.44, 0.44, 0.44, 0.44, 0.44, 0.44, 0.44, 0.44, 0.44, 0.44, 0.44, 0.44, 0.44, 0.44, 0.44, 0.44, 0.44, 0.44, 0.44, 0.44, 1.0]",RandomStructured,0.5,0.5,0.05,0.03,3.0,False,"[10, 30, 30, 30, 30, 30, 30, 30, 30, 30, 30, 30, 30, 30, 30, 30, 30, 30, 30, 30, 30, 30, 30, 30, 30, 30, 30, 30, 20]",,ModelStateDict1726689934.8762655.pt,20,1516,312068,2024-09-20 01:29:37.285662,x86_64,7.804529190063477,115.28191999999945,265336832.0,80.0,20.0,1.2434704303741455,0.4225567552602436,0.2044771396930865,0.0155433803796768,1.80271315574646,0.2634615384615384,0.173076923076923,0.0901356577873229,0.0,,,,,,,,,,,0.5820739269256592,22015875.0,22040395.0,12319090.0,"1516/875, 875/875, 875/875, 875/875, 875/875, 875/875, 875/875, 875/875, 875/875, 875/875, 875/875, 875/875, 875/875, 875/875, 875/875, 875/875, 875/875, 875/875, 875/875, 875/875, 875/875, 875/875, 875/875, 875/875, 875/875, 875/875, 875/875, 875/875, 875/20","1516/385, 875/385, 875/385, 875/385, 875/385, 875/385, 875/385, 875/385, 875/385, 875/385, 875/385, 875/385, 875/385, 875/385, 875/385, 875/385, 875/385, 875/385, 875/385, 875/385, 875/385, 875/385, 875/385, 875/385, 875/385, 875/385, 875/385, 875/385, 875/20",1276624.0,0.0
59,v0.93 - 93,0,CrossEntropy,Adam,0.000904255,100,MainLinear,0.000224328,27,875,ACI,3000,0.2,100,-2,3,cuda,0.001,0.001,"[612, 612, 612, 612, 612, 612, 612, 612, 612, 612, 612, 612, 612, 612, 612, 612, 612, 612, 612, 612, 612, 612, 612, 612, 612, 612, 612, 612, 20]","[0.7, 0.7, 0.7, 0.7, 0.7, 0.7, 0.7, 0.7, 0.7, 0.7, 0.7, 0.7, 0.7, 0.7, 0.7, 0.7, 0.7, 0.7, 0.7, 0.7, 0.7, 0.7, 0.7, 0.7, 0.7, 0.7, 0.7, 0.7, 1.0]",iteritive_full_theseus_training|iteritive_full_theseus,0.5,0.5,0.05,0.03,3.0,False,"[10, 30, 30, 30, 30, 30, 30, 30, 30, 30, 30, 30, 30, 30, 30, 30, 30, 30, 30, 30, 30, 30, 30, 30, 30, 30, 30, 30, 20]",,ModelStateDict1726689934.8762655.pt,20,1516,1685326,2024-09-20 01:51:20.776894,x86_64,2925.6765983104706,-3213.4717440000004,311781376.0,80.0,20.0,2.403790235519409,0.1283980582524271,0.0638002773925104,0.0300473779439926,2.4144132137298584,0.1814814814814814,0.0864197530864197,0.1207206606864929,99.0,0.0300473779439926,,0.0300473690032959,,0.0300473779439926,,0.0300473779439926,,0.0300474643707275,,64.64686059951782,11087331.0,11104515.0,1.0,"1516/613, 613/613, 613/613, 613/613, 613/613, 613/613, 613/613, 613/613, 613/613, 613/613, 613/613, 613/613, 613/613, 613/613, 613/613, 613/613, 613/613, 613/613, 613/613, 613/613, 613/613, 613/613, 613/613, 613/613, 613/613, 613/613, 613/613, 613/613, 613/20","1516/613, 613/613, 613/613, 613/613, 613/613, 613/613, 613/613, 613/613, 613/613, 613/613, 613/613, 613/613, 613/613, 613/613, 613/613, 613/613, 613/613, 613/613, 613/613, 613/613, 613/613, 613/613, 613/613, 613/613, 613/613, 613/613, 613/613, 613/613, 613/20",724132.0,0.0
60,v0.93 - 93,0,CrossEntropy,Adam,0.000904255,100,MainLinear,0.000224328,27,875,ACI,3000,0.2,100,-2,3,cuda,0.001,0.001,"[498, 498, 498, 498, 498, 498, 498, 498, 498, 498, 498, 498, 498, 498, 498, 498, 498, 498, 498, 498, 498, 498, 498, 498, 498, 498, 498, 498, 20]","[0.57, 0.57, 0.57, 0.57, 0.57, 0.57, 0.57, 0.57, 0.57, 0.57, 0.57, 0.57, 0.57, 0.57, 0.57, 0.57, 0.57, 0.57, 0.57, 0.57, 0.57, 0.57, 0.57, 0.57, 0.57, 0.57, 0.57, 0.57, 1.0]",iteritive_full_theseus_training|iteritive_full_theseus,0.5,0.5,0.05,0.03,3.0,False,"[10, 30, 30, 30, 30, 30, 30, 30, 30, 30, 30, 30, 30, 30, 30, 30, 30, 30, 30, 30, 30, 30, 30, 30, 30, 30, 30, 30, 20]",,ModelStateDict1726689934.8762655.pt,20,1516,1685326,2024-09-20 03:03:10.568951,x86_64,4238.286196708679,-715.9316480000016,295186432.0,80.0,20.0,2.54173231124878,0.1384615384615384,0.0659340659340659,0.0317716538906097,2.597306251525879,0.0391304347826086,0.0434782608695652,0.1298653125762939,99.0,0.0317716538906097,,0.0317716538906097,,0.0317716538906097,,0.0317716538906097,,0.0317721545696258,,63.53697681427002,7489491.0,7503483.0,0.0,"1516/499, 499/499, 499/499, 499/499, 499/499, 499/499, 499/499, 499/499, 499/499, 499/499, 499/499, 499/499, 499/499, 499/499, 499/499, 499/499, 499/499, 499/499, 499/499, 499/499, 499/499, 499/499, 499/499, 499/499, 499/499, 499/499, 499/499, 499/499, 499/20","1516/499, 499/499, 499/499, 499/499, 499/499, 499/499, 499/499, 499/499, 499/499, 499/499, 499/499, 499/499, 499/499, 499/499, 499/499, 499/499, 499/499, 499/499, 499/499, 499/499, 499/499, 499/499, 499/499, 499/499, 499/499, 499/499, 499/499, 499/499, 499/20",971458.0,0.0
61,v0.93 - 93,0,CrossEntropy,Adam,0.000904255,100,MainLinear,0.000224328,27,875,ACI,3000,0.2,100,-2,3,cuda,0.001,0.001,"[428, 428, 428, 428, 428, 428, 428, 428, 428, 428, 428, 428, 428, 428, 428, 428, 428, 428, 428, 428, 428, 428, 428, 428, 428, 428, 428, 428, 20]","[0.49, 0.49, 0.49, 0.49, 0.49, 0.49, 0.49, 0.49, 0.49, 0.49, 0.49, 0.49, 0.49, 0.49, 0.49, 0.49, 0.49, 0.49, 0.49, 0.49, 0.49, 0.49, 0.49, 0.49, 0.49, 0.49, 0.49, 0.49, 1.0]",iteritive_full_theseus_training|iteritive_full_theseus,0.5,0.5,0.05,0.03,3.0,False,"[10, 30, 30, 30, 30, 30, 30, 30, 30, 30, 30, 30, 30, 30, 30, 30, 30, 30, 30, 30, 30, 30, 30, 30, 30, 30, 30, 30, 20]",,ModelStateDict1726689934.8762655.pt,20,1516,1685326,2024-09-20 04:25:55.807873,x86_64,4895.240120172501,-3144.17152,287747072.0,80.0,20.0,2.512202501296997,0.1384615384615384,0.0659340659340659,0.0314025312662124,2.5593008995056152,0.0391304347826086,0.0434782608695652,0.1279650449752807,99.0,0.0314035087823867,,0.0314024865627288,,0.0314025372266769,,0.0314025312662124,,0.0314025342464447,,63.82193303108215,5628051.0,5640083.0,0.0,"1516/429, 429/429, 429/429, 429/429, 429/429, 429/429, 429/429, 429/429, 429/429, 429/429, 429/429, 429/429, 429/429, 429/429, 429/429, 429/429, 429/429, 429/429, 429/429, 429/429, 429/429, 429/429, 429/429, 429/429, 429/429, 429/429, 429/429, 429/429, 429/20","1516/429, 429/429, 429/429, 429/429, 429/429, 429/429, 429/429, 429/429, 429/429, 429/429, 429/429, 429/429, 429/429, 429/429, 429/429, 429/429, 429/429, 429/429, 429/429, 429/429, 429/429, 429/429, 429/429, 429/429, 429/429, 429/429, 429/429, 429/429, 429/20",1224664.0,0.0
62,v0.93 - 93,0,CrossEntropy,Adam,0.000904255,100,MainLinear,0.000224328,27,875,ACI,3000,0.2,100,-2,3,cuda,0.001,0.001,"[385, 385, 385, 385, 385, 385, 385, 385, 385, 385, 385, 385, 385, 385, 385, 385, 385, 385, 385, 385, 385, 385, 385, 385, 385, 385, 385, 385, 20]","[0.44, 0.44, 0.44, 0.44, 0.44, 0.44, 0.44, 0.44, 0.44, 0.44, 0.44, 0.44, 0.44, 0.44, 0.44, 0.44, 0.44, 0.44, 0.44, 0.44, 0.44, 0.44, 0.44, 0.44, 0.44, 0.44, 0.44, 0.44, 1.0]",iteritive_full_theseus_training|iteritive_full_theseus,0.5,0.5,0.05,0.03,3.0,False,"[10, 30, 30, 30, 30, 30, 30, 30, 30, 30, 30, 30, 30, 30, 30, 30, 30, 30, 30, 30, 30, 30, 30, 30, 30, 30, 30, 30, 20]",,ModelStateDict1726689934.8762655.pt,20,1516,1685326,2024-09-20 05:59:28.532369,x86_64,5542.394303321838,64.84787200000028,283830272.0,80.0,20.0,2.4929890632629395,0.1384615384615384,0.0659340659340659,0.0311623632907867,2.542785167694092,0.0391304347826086,0.0434782608695652,0.1271392583847045,99.0,0.0311623632907867,,0.0311623632907867,,0.0311629235744476,,0.0311623632907867,,0.0311623632907867,,65.57993674278259,4593435.0,4604235.0,1.0,"1516/385, 385/385, 385/385, 385/385, 385/385, 385/385, 385/385, 385/385, 385/385, 385/385, 385/385, 385/385, 385/385, 385/385, 385/385, 385/385, 385/385, 385/385, 385/385, 385/385, 385/385, 385/385, 385/385, 385/385, 385/385, 385/385, 385/385, 385/385, 385/20","1516/385, 385/385, 385/385, 385/385, 385/385, 385/385, 385/385, 385/385, 385/385, 385/385, 385/385, 385/385, 385/385, 385/385, 385/385, 385/385, 385/385, 385/385, 385/385, 385/385, 385/385, 385/385, 385/385, 385/385, 385/385, 385/385, 385/385, 385/385, 385/20",1477870.0,0.0
