,Version,Notes,LossFunction,Optimizer,LearningRate,SchedulerLR,NumberOfEpochs,ModelStructure,Dropout,HiddenDim,HiddenDimSize,DatasetName,BatchSize,TrainTest,MaxSamples,Dataparallel,NumberOfWorkers,Device,AlphaForADMM,RhoForADMM,LayerPruneTargets,WeightPrunePercent,PruningSelection,BERTTheseusStartingLearningRate,BERTTheseusLearningRateModifier,AlphaForTOFD,BetaForTOFD,tForTOFD,DAISRegularizerScale,LassoForDAIS,LayerIteration,TheseusRequiredGrads,SaveLocation,FromSaveLocation,NumClasses,NumFeatures,NumberWeightSplits,ResultsPath,ProcessID,StartTime,cpuModel,gpuModel,gpuInfo,TimeForPrune,Epoch waypoint 0 mean_loss,-Waypoint_0-,Epoch waypoint 1 mean_loss,-Waypoint_1-,Epoch waypoint 2 mean_loss,-Waypoint_2-,Epoch waypoint 3 mean_loss,-Waypoint_3-,Epoch waypoint 4 mean_loss,-Waypoint_4-,Epoch waypoint 5 mean_loss,-Waypoint_5-,Epoch waypoint 6 mean_loss,-Waypoint_6-,Epoch waypoint 7 mean_loss,-Waypoint_7-,Epoch waypoint 8 mean_loss,-Waypoint_8-,Epoch waypoint 9 mean_loss,-Waypoint_9-,Epoch waypoint 10 mean_loss,-Waypoint_10-,Epoch waypoint 11 mean_loss,-Waypoint_11-,Epoch waypoint 12 mean_loss,-Waypoint_12-,TimeForPruneAndRetrain,Memory,CudaMemory,LengthOfTrainingData,LengthOfValidationData,total_loss,f1_score_weight,f1_score_macro,additive_loss,f1_scores_all_0,f1_scores_all_1,f1_scores_all_2,f1_scores_all_3,f1_scores_all_4,f1_scores_all_5,f1_scores_all_6,f1_scores_all_7,f1_scores_all_8,f1_scores_all_9,f1_scores_all,mean_loss,val_total_loss,val_f1_score_weight,val_f1_score_macro,val_additive_loss,val_f1_scores_all_0,val_f1_scores_all_1,val_f1_scores_all_2,val_f1_scores_all_3,val_f1_scores_all_4,val_f1_scores_all_5,val_f1_scores_all_6,val_f1_scores_all_7,val_f1_scores_all_8,val_f1_scores_all_9,val_f1_scores_all,val_mean_loss,epoch,TimeForRun,macs,parameters,NumberOfZeros,Zeroed_filter_inputs,Zeroed_filter_outputs,ModelWeightStructure,ModelWeightStructurePruneZero,GarbageCollectionSizeTotal
0,v1.50 - 189,0,CrossEntropy,Adam,9e-05,1,50,MainLinear,0.0002,27,175,ACI,100,0.2,0,-2,3,cuda,0.0005,0.0015,"[173, 158, 159, 160, 161, 162, 162, 163, 164, 165, 166, 167, 168, 169, 170, 171, 171, 172, 173, 174, 175, 176, 177, 178, 179, 180, 180, 181, 10]","[0.99, 0.9, 0.9, 0.9, 0.9, 0.9, 0.9, 0.9, 0.9, 0.9, 0.9, 0.9, 0.9, 0.9, 0.9, 0.9, 0.9, 0.9, 0.9, 0.9, 0.9, 0.9, 0.9, 0.9, 0.9, 0.9, 0.9, 0.9, 1.0]",,0.5,0.5,0.05,0.03,3.0,2.0,False,"[10, 30, 30, 30, 30, 30, 30, 30, 30, 30, 30, 30, 30, 30, 30, 30, 30, 30, 30, 30, 30, 30, 30, 30, 30, 30, 30, 30, 10]",All,ModelStateDict1744267687.444069.pt,,10,1515,8,results/BigModel(OntologyWaypoints).csv,1077162,2025-04-10 06:40:33.655916,x86_64,NVIDIA GeForce RTX 2080 Ti,"_CudaDeviceProperties(name='NVIDIA GeForce RTX 2080 Ti', major=7, minor=5, total_memory=11004MB, multi_processor_count=68)",0.0559196472167968,0.0191570659071554,ModelStateDict-Waypoint_0-1744267242.8635907.pt,0.0082397215104949,ModelStateDict-Waypoint_1-1744267277.2598133.pt,0.0045486742902393,ModelStateDict-Waypoint_2-1744267312.3088732.pt,0.0032816000242864,ModelStateDict-Waypoint_3-1744267346.8214815.pt,0.0025348775835367,ModelStateDict-Waypoint_4-1744267380.3329837.pt,0.0026203726935523,ModelStateDict-Waypoint_5-1744267416.5122178.pt,0.0021483126762642,ModelStateDict-Waypoint_6-1744267453.6199782.pt,0.0021323516499276,ModelStateDict-Waypoint_7-1744267490.0035608.pt,0.0016929448464949,ModelStateDict-Waypoint_8-1744267527.2780542.pt,0.0016264954457118,ModelStateDict-Waypoint_9-1744267563.5153701.pt,0.0015083858771589,ModelStateDict-Waypoint_10-1744267600.2425401.pt,0.0014567586352131,ModelStateDict-Waypoint_11-1744267637.1582878.pt,0.0014489374730701,ModelStateDict-Waypoint_12-1744267671.8042161.pt,447.43198323249817,68.35814400000163,32634368.0,18113.0,4528.0,22.219860464334488,0.9536099765101108,0.6093830731513137,0.0,0.958359621451104,0.9954436971143416,0.9799816825853722,0.0,0.0,0.734229576008273,1.0,0.9955835962145112,0.0,0.4302325581395348,"[0.9583596214511041, 0.9954436971143416, 0.9799816825853722, 0.0, 0.0, 0.734229576008273, 1.0, 0.9955835962145111, 0.0, 0.43023255813953487]",0.0012267355194796,8.929849822074175,0.9437452938696532,0.5969094680449862,0.0,0.94732406236831,0.990582191780822,0.975054229934924,0.0,0.0,0.7338129496402878,1.0,0.9975349219391948,0.0,0.3247863247863248,"[0.9473240623683101, 0.990582191780822, 0.9750542299349241, 0.0, 0.0, 0.7338129496402878, 1.0, 0.9975349219391948, 0.0, 0.3247863247863248]",0.0019721399783732,0.0,5.916595697402954,1228147.0,1233435.0,0.0,0.0,0.0,"1515/175, 175/176, 176/177, 177/178, 178/179, 179/180, 180/181, 181/182, 182/183, 183/184, 184/185, 185/186, 186/187, 187/188, 188/189, 189/190, 190/191, 191/192, 192/193, 193/194, 194/195, 195/196, 196/197, 197/198, 198/199, 199/200, 200/201, 201/202, 202/10","1515/175, 175/176, 176/177, 177/178, 178/179, 179/180, 180/181, 181/182, 182/183, 183/184, 184/185, 185/186, 186/187, 187/188, 188/189, 189/190, 190/191, 191/192, 192/193, 193/194, 194/195, 195/196, 196/197, 197/198, 198/199, 199/200, 200/201, 201/202, 202/10",52219.0
1,v1.50 - 189,0,CrossEntropy,Adam,9e-05,1,50,MainLinear,0.0002,27,175,ACI,100,0.2,0,-2,3,cuda,0.0005,0.0015,"[173, 158, 159, 160, 161, 162, 162, 163, 164, 165, 166, 167, 168, 169, 170, 171, 171, 172, 173, 174, 175, 176, 177, 178, 179, 180, 180, 181, 10]","[0.99, 0.9, 0.9, 0.9, 0.9, 0.9, 0.9, 0.9, 0.9, 0.9, 0.9, 0.9, 0.9, 0.9, 0.9, 0.9, 0.9, 0.9, 0.9, 0.9, 0.9, 0.9, 0.9, 0.9, 0.9, 0.9, 0.9, 0.9, 1.0]",,0.5,0.5,0.05,0.03,3.0,2.0,False,"[10, 30, 30, 30, 30, 30, 30, 30, 30, 30, 30, 30, 30, 30, 30, 30, 30, 30, 30, 30, 30, 30, 30, 30, 30, 30, 30, 30, 10]",All,ModelStateDict1744267697.279051.pt,,10,1515,8,results/BigModel(OntologyWaypoints).csv,2843717,2025-04-10 06:40:39.074717,x86_64,NVIDIA GeForce RTX 2080 Ti,"_CudaDeviceProperties(name='NVIDIA GeForce RTX 2080 Ti', major=7, minor=5, total_memory=11004MB, multi_processor_count=68)",0.0699696540832519,0.0191642927029641,ModelStateDict-Waypoint_0-1744267250.5456405.pt,0.0058966830158091,ModelStateDict-Waypoint_1-1744267286.3560874.pt,0.0038192816527433,ModelStateDict-Waypoint_2-1744267320.6682281.pt,0.0031882122488897,ModelStateDict-Waypoint_3-1744267357.8227553.pt,0.002422969645784,ModelStateDict-Waypoint_4-1744267393.8975394.pt,0.0027930397401092,ModelStateDict-Waypoint_5-1744267430.0585756.pt,0.0027655375920771,ModelStateDict-Waypoint_6-1744267467.4881148.pt,0.003318590532573,ModelStateDict-Waypoint_7-1744267504.4345524.pt,0.0026590202170515,ModelStateDict-Waypoint_8-1744267540.8012187.pt,0.002173433378022,ModelStateDict-Waypoint_9-1744267573.980107.pt,0.0020457414928399,ModelStateDict-Waypoint_10-1744267609.8485408.pt,0.0021101361731805,ModelStateDict-Waypoint_11-1744267645.7715178.pt,0.0020966883034068,ModelStateDict-Waypoint_12-1744267681.6821814.pt,451.5378637313843,-83.11603200000172,32634368.0,18113.0,4528.0,32.40009646862745,0.9272060902760748,0.5454315066917219,0.0,0.9206687253753594,0.9856346483704974,0.9738835205014365,0.0,0.0,0.5846994535519126,0.9967770290067388,0.9926516901112744,0.0,0.0,"[0.9206687253753594, 0.9856346483704974, 0.9738835205014365, 0.0, 0.0, 0.5846994535519126, 0.9967770290067389, 0.9926516901112744, 0.0, 0.0]",0.0017887758222617,9.650436952710152,0.9238792489076126,0.548090495687065,0.0,0.9222222222222224,0.9813874788494078,0.9718004338394792,0.0,0.0,0.6168831168831169,0.9951690821256038,0.9934426229508196,0.0,0.0,"[0.9222222222222223, 0.9813874788494078, 0.9718004338394793, 0.0, 0.0, 0.6168831168831169, 0.9951690821256038, 0.9934426229508196, 0.0, 0.0]",0.0021312802457398,0.0,6.146203517913818,1228147.0,1233435.0,0.0,0.0,0.0,"1515/175, 175/176, 176/177, 177/178, 178/179, 179/180, 180/181, 181/182, 182/183, 183/184, 184/185, 185/186, 186/187, 187/188, 188/189, 189/190, 190/191, 191/192, 192/193, 193/194, 194/195, 195/196, 196/197, 197/198, 198/199, 199/200, 200/201, 201/202, 202/10","1515/175, 175/176, 176/177, 177/178, 178/179, 179/180, 180/181, 181/182, 182/183, 183/184, 184/185, 185/186, 186/187, 187/188, 188/189, 189/190, 190/191, 191/192, 192/193, 193/194, 194/195, 195/196, 196/197, 197/198, 198/199, 199/200, 200/201, 201/202, 202/10",52219.0
2,v1.50 - 189,0,CrossEntropy,Adam,9e-05,1,50,MainLinear,0.0002,27,175,ACI,100,0.2,0,-2,3,cuda,0.0005,0.0015,"[173, 158, 159, 160, 161, 162, 162, 163, 164, 165, 166, 167, 168, 169, 170, 171, 171, 172, 173, 174, 175, 176, 177, 178, 179, 180, 180, 181, 10]","[0.99, 0.9, 0.9, 0.9, 0.9, 0.9, 0.9, 0.9, 0.9, 0.9, 0.9, 0.9, 0.9, 0.9, 0.9, 0.9, 0.9, 0.9, 0.9, 0.9, 0.9, 0.9, 0.9, 0.9, 0.9, 0.9, 0.9, 0.9, 1.0]",,0.5,0.5,0.05,0.03,3.0,2.0,False,"[10, 30, 30, 30, 30, 30, 30, 30, 30, 30, 30, 30, 30, 30, 30, 30, 30, 30, 30, 30, 30, 30, 30, 30, 30, 30, 30, 30, 10]",All,ModelStateDict1744267800.2305114.pt,,10,1515,8,results/BigModel(OntologyWaypoints).csv,771309,2025-04-10 06:40:49.653485,x86_64,NVIDIA GeForce RTX 2080 Ti,"_CudaDeviceProperties(name='NVIDIA GeForce RTX 2080 Ti', major=7, minor=5, total_memory=11004MB, multi_processor_count=68)",0.0872144699096679,0.019421076528452,ModelStateDict-Waypoint_0-1744267262.7851896.pt,0.0077266175947124,ModelStateDict-Waypoint_1-1744267302.7156272.pt,0.0035742172026419,ModelStateDict-Waypoint_2-1744267347.983875.pt,0.0027292248517503,ModelStateDict-Waypoint_3-1744267389.920128.pt,0.0026941150671611,ModelStateDict-Waypoint_4-1744267437.1116133.pt,0.001777141074085,ModelStateDict-Waypoint_5-1744267480.4803112.pt,0.0018091716321881,ModelStateDict-Waypoint_6-1744267526.340597.pt,0.0019120079606248,ModelStateDict-Waypoint_7-1744267571.0789711.pt,0.0014591426404263,ModelStateDict-Waypoint_8-1744267615.9885745.pt,0.0012338115299833,ModelStateDict-Waypoint_9-1744267659.4333377.pt,0.0011728654906037,ModelStateDict-Waypoint_10-1744267700.3283823.pt,0.0012506440617931,ModelStateDict-Waypoint_11-1744267742.8591633.pt,0.001131433096705,ModelStateDict-Waypoint_12-1744267782.880251.pt,543.2315797805786,-19071.901696,32634368.0,18113.0,4528.0,18.102101303637028,0.9589672444372686,0.628465569389344,0.0,0.9708842948371036,0.9849407241268824,0.9883905013192612,0.0,0.0,0.672,0.999412455934195,0.994328922495274,0.0,0.6746987951807228,"[0.9708842948371036, 0.9849407241268824, 0.9883905013192612, 0.0, 0.0, 0.672, 0.999412455934195, 0.994328922495274, 0.0, 0.6746987951807228]",0.0009993982942437,7.097388252615929,0.947874275664256,0.6129799114874891,0.0,0.962510897994769,0.978616352201258,0.980349344978166,0.0,0.0,0.7071428571428572,0.9987878787878788,0.995898277276456,0.0,0.5064935064935064,"[0.962510897994769, 0.9786163522012579, 0.980349344978166, 0.0, 0.0, 0.7071428571428572, 0.9987878787878788, 0.9958982772764561, 0.0, 0.5064935064935064]",0.0015674444020794,0.0,6.771392107009888,1228147.0,1233435.0,0.0,0.0,0.0,"1515/175, 175/176, 176/177, 177/178, 178/179, 179/180, 180/181, 181/182, 182/183, 183/184, 184/185, 185/186, 186/187, 187/188, 188/189, 189/190, 190/191, 191/192, 192/193, 193/194, 194/195, 195/196, 196/197, 197/198, 198/199, 199/200, 200/201, 201/202, 202/10","1515/175, 175/176, 176/177, 177/178, 178/179, 179/180, 180/181, 181/182, 182/183, 183/184, 184/185, 185/186, 186/187, 187/188, 188/189, 189/190, 190/191, 191/192, 192/193, 193/194, 194/195, 195/196, 196/197, 197/198, 198/199, 199/200, 200/201, 201/202, 202/10",52219.0
3,v1.50 - 189,0,CrossEntropy,Adam,9e-05,1,50,MainLinear,0.0002,27,175,ACI,100,0.2,0,-2,3,cuda,0.0005,0.0015,"[173, 158, 159, 160, 161, 162, 162, 163, 164, 165, 166, 167, 168, 169, 170, 171, 171, 172, 173, 174, 175, 176, 177, 178, 179, 180, 180, 181, 10]","[0.99, 0.9, 0.9, 0.9, 0.9, 0.9, 0.9, 0.9, 0.9, 0.9, 0.9, 0.9, 0.9, 0.9, 0.9, 0.9, 0.9, 0.9, 0.9, 0.9, 0.9, 0.9, 0.9, 0.9, 0.9, 0.9, 0.9, 0.9, 1.0]",,0.5,0.5,0.05,0.03,3.0,2.0,False,"[10, 30, 30, 30, 30, 30, 30, 30, 30, 30, 30, 30, 30, 30, 30, 30, 30, 30, 30, 30, 30, 30, 30, 30, 30, 30, 30, 30, 10]",All,ModelStateDict1744268166.6600504.pt,,10,1515,8,results/BigModel(OntologyWaypoints).csv,1086895,2025-04-10 06:48:27.157309,x86_64,NVIDIA GeForce RTX 2080 Ti,"_CudaDeviceProperties(name='NVIDIA GeForce RTX 2080 Ti', major=7, minor=5, total_memory=11004MB, multi_processor_count=68)",0.0616767406463623,0.0192040720787842,ModelStateDict-Waypoint_0-1744267717.1914675.pt,0.0073868737718056,ModelStateDict-Waypoint_1-1744267752.5461247.pt,0.0042500008358931,ModelStateDict-Waypoint_2-1744267788.9796345.pt,0.0044982740424677,ModelStateDict-Waypoint_3-1744267825.8036942.pt,0.0057832101048477,ModelStateDict-Waypoint_4-1744267862.9571965.pt,0.0044897896299526,ModelStateDict-Waypoint_5-1744267898.590895.pt,0.003753267003601,ModelStateDict-Waypoint_6-1744267935.3185823.pt,0.0035824147383933,ModelStateDict-Waypoint_7-1744267970.1580672.pt,0.0032232524491367,ModelStateDict-Waypoint_8-1744268006.3219075.pt,0.0031600239370605,ModelStateDict-Waypoint_9-1744268042.879069.pt,0.0030966153712747,ModelStateDict-Waypoint_10-1744268077.6983762.pt,0.003067606644931,ModelStateDict-Waypoint_11-1744268114.080119.pt,0.002980172703641,ModelStateDict-Waypoint_12-1744268150.7932372.pt,452.9524438381195,-2006.48704,32634368.0,18113.0,4528.0,52.25841488689184,0.8969945880410721,0.5859846577043999,0.0,0.9063444108761328,0.9822828304520562,0.8870838881491345,0.0,0.7052631578947368,0.4631803628601921,0.9927049897869856,0.9229869370247612,0.0,0.0,"[0.9063444108761329, 0.9822828304520562, 0.8870838881491345, 0.0, 0.7052631578947368, 0.4631803628601921, 0.9927049897869857, 0.9229869370247612, 0.0, 0.0]",0.0028851330473633,14.475145757198334,0.8934842753922106,0.5886078706513338,0.0,0.9081455805892548,0.9775328529037728,0.8831024930747923,0.0,0.6923076923076923,0.5134099616858238,0.993968636911942,0.9176114890400604,0.0,0.0,"[0.9081455805892548, 0.9775328529037728, 0.8831024930747923, 0.0, 0.6923076923076923, 0.5134099616858238, 0.9939686369119421, 0.9176114890400605, 0.0, 0.0]",0.0031968078085685,0.0,6.046764135360718,1228147.0,1233435.0,0.0,0.0,0.0,"1515/175, 175/176, 176/177, 177/178, 178/179, 179/180, 180/181, 181/182, 182/183, 183/184, 184/185, 185/186, 186/187, 187/188, 188/189, 189/190, 190/191, 191/192, 192/193, 193/194, 194/195, 195/196, 196/197, 197/198, 198/199, 199/200, 200/201, 201/202, 202/10","1515/175, 175/176, 176/177, 177/178, 178/179, 179/180, 180/181, 181/182, 182/183, 183/184, 184/185, 185/186, 186/187, 187/188, 188/189, 189/190, 190/191, 191/192, 192/193, 193/194, 194/195, 195/196, 196/197, 197/198, 198/199, 199/200, 200/201, 201/202, 202/10",52219.0
4,v1.50 - 189,0,CrossEntropy,Adam,9e-05,1,50,MainLinear,0.0002,27,175,ACI,100,0.2,0,-2,3,cuda,0.0005,0.0015,"[173, 158, 159, 160, 161, 162, 162, 163, 164, 165, 166, 167, 168, 169, 170, 171, 171, 172, 173, 174, 175, 176, 177, 178, 179, 180, 180, 181, 10]","[0.99, 0.9, 0.9, 0.9, 0.9, 0.9, 0.9, 0.9, 0.9, 0.9, 0.9, 0.9, 0.9, 0.9, 0.9, 0.9, 0.9, 0.9, 0.9, 0.9, 0.9, 0.9, 0.9, 0.9, 0.9, 0.9, 0.9, 0.9, 1.0]",,0.5,0.5,0.05,0.03,3.0,2.0,False,"[10, 30, 30, 30, 30, 30, 30, 30, 30, 30, 30, 30, 30, 30, 30, 30, 30, 30, 30, 30, 30, 30, 30, 30, 30, 30, 30, 30, 10]",All,ModelStateDict1744268190.9665487.pt,,10,1515,8,results/BigModel(OntologyWaypoints).csv,2881046,2025-04-10 06:48:57.701825,x86_64,NVIDIA GeForce RTX 2080 Ti,"_CudaDeviceProperties(name='NVIDIA GeForce RTX 2080 Ti', major=7, minor=5, total_memory=11004MB, multi_processor_count=68)",0.0695822238922119,0.0192357470920385,ModelStateDict-Waypoint_0-1744267747.3011518.pt,0.0064556195090557,ModelStateDict-Waypoint_1-1744267781.4261036.pt,0.0049239413354422,ModelStateDict-Waypoint_2-1744267817.0728443.pt,0.0037861019463434,ModelStateDict-Waypoint_3-1744267853.8923013.pt,0.0023426124126283,ModelStateDict-Waypoint_4-1744267890.3158436.pt,0.0035856979949137,ModelStateDict-Waypoint_5-1744267924.3160012.pt,0.0023068934273862,ModelStateDict-Waypoint_6-1744267961.4110332.pt,0.0019278161189448,ModelStateDict-Waypoint_7-1744267993.4605904.pt,0.0041521400540667,ModelStateDict-Waypoint_8-1744268030.286347.pt,0.0036288682153985,ModelStateDict-Waypoint_9-1744268066.0781527.pt,0.0033604072845272,ModelStateDict-Waypoint_10-1744268103.4800284.pt,0.0031210979939244,ModelStateDict-Waypoint_11-1744268140.8343847.pt,0.0029505367850945,ModelStateDict-Waypoint_12-1744268176.1827507.pt,446.5635950565338,3215.241216000002,32634368.0,18113.0,4528.0,49.40075039118528,0.9074867124853364,0.5171054598527463,0.0,0.9236309712954136,0.989494205566988,0.9687245036714712,0.0,0.0,0.3925233644859813,0.9021479713603818,0.9317063570163354,0.0,0.06282722513089,"[0.9236309712954136, 0.989494205566988, 0.9687245036714713, 0.0, 0.0, 0.3925233644859813, 0.9021479713603818, 0.9317063570163354, 0.0, 0.06282722513089005]",0.0027273643455631,13.973838090896606,0.9011093875577842,0.5180675644783218,0.0,0.9162058698426202,0.983843537414966,0.963677639046538,0.0,0.0,0.4774774774774775,0.908489525909592,0.9309815950920244,0.0,0.0,"[0.9162058698426202, 0.983843537414966, 0.963677639046538, 0.0, 0.0, 0.4774774774774775, 0.9084895259095921, 0.9309815950920245, 0.0, 0.0]",0.0030860949847386,0.0,6.153607368469238,1228147.0,1233435.0,0.0,0.0,0.0,"1515/175, 175/176, 176/177, 177/178, 178/179, 179/180, 180/181, 181/182, 182/183, 183/184, 184/185, 185/186, 186/187, 187/188, 188/189, 189/190, 190/191, 191/192, 192/193, 193/194, 194/195, 195/196, 196/197, 197/198, 198/199, 199/200, 200/201, 201/202, 202/10","1515/175, 175/176, 176/177, 177/178, 178/179, 179/180, 180/181, 181/182, 182/183, 183/184, 184/185, 185/186, 186/187, 187/188, 188/189, 189/190, 190/191, 191/192, 192/193, 193/194, 194/195, 195/196, 196/197, 197/198, 198/199, 199/200, 200/201, 201/202, 202/10",52219.0
5,v1.50 - 189,0,CrossEntropy,Adam,9e-05,1,50,MainLinear,0.0002,27,175,ACI,100,0.2,0,-2,3,cuda,0.0005,0.0015,"[173, 158, 159, 160, 161, 162, 162, 163, 164, 165, 166, 167, 168, 169, 170, 171, 171, 172, 173, 174, 175, 176, 177, 178, 179, 180, 180, 181, 10]","[0.99, 0.9, 0.9, 0.9, 0.9, 0.9, 0.9, 0.9, 0.9, 0.9, 0.9, 0.9, 0.9, 0.9, 0.9, 0.9, 0.9, 0.9, 0.9, 0.9, 0.9, 0.9, 0.9, 0.9, 0.9, 0.9, 0.9, 0.9, 1.0]",,0.5,0.5,0.05,0.03,3.0,2.0,False,"[10, 30, 30, 30, 30, 30, 30, 30, 30, 30, 30, 30, 30, 30, 30, 30, 30, 30, 30, 30, 30, 30, 30, 30, 30, 30, 30, 30, 10]",All,ModelStateDict1744268284.4083889.pt,,10,1515,8,results/BigModel(OntologyWaypoints).csv,813062,2025-04-10 06:50:40.718182,x86_64,NVIDIA GeForce RTX 2080 Ti,"_CudaDeviceProperties(name='NVIDIA GeForce RTX 2080 Ti', major=7, minor=5, total_memory=11004MB, multi_processor_count=68)",0.0829918384552002,0.0190982610959663,ModelStateDict-Waypoint_0-1744267851.1720958.pt,0.0099278668094193,ModelStateDict-Waypoint_1-1744267882.4958494.pt,0.0042638710955468,ModelStateDict-Waypoint_2-1744267916.5030303.pt,0.0033081069564803,ModelStateDict-Waypoint_3-1744267952.1572013.pt,0.0028435471519348,ModelStateDict-Waypoint_4-1744267985.7336874.pt,0.0026623760592481,ModelStateDict-Waypoint_5-1744268020.6856654.pt,0.0022836158233384,ModelStateDict-Waypoint_6-1744268055.843766.pt,0.0026925440114848,ModelStateDict-Waypoint_7-1744268091.913377.pt,0.0018026547253786,ModelStateDict-Waypoint_8-1744268127.822215.pt,0.0017319381741331,ModelStateDict-Waypoint_9-1744268161.923224.pt,0.0016820146127641,ModelStateDict-Waypoint_10-1744268197.8935654.pt,0.0016208045959574,ModelStateDict-Waypoint_11-1744268234.304933.pt,0.0016121065087461,ModelStateDict-Waypoint_12-1744268268.8291087.pt,437.1423232555389,1395.6136960000003,32634368.0,18113.0,4528.0,25.03913259319961,0.9596095082851755,0.68851420735819,0.0,0.963509808057372,0.9912441898173172,0.9888771186440678,0.0,0.6979166666666666,0.6289017341040463,0.9976539589442815,0.9795158286778398,0.0,0.6375227686703097,"[0.9635098080573719, 0.9912441898173171, 0.9888771186440678, 0.0, 0.6979166666666666, 0.6289017341040463, 0.9976539589442815, 0.9795158286778398, 0.0, 0.6375227686703097]",0.0013823846184066,9.71183293685317,0.9501392546230834,0.6773057545853639,0.0,0.9507640067911716,0.9868028948488718,0.9835345773874864,0.0,0.6792452830188679,0.6852589641434262,0.9951690821256038,0.9845904298459044,0.0,0.5076923076923077,"[0.9507640067911715, 0.9868028948488718, 0.9835345773874863, 0.0, 0.6792452830188679, 0.6852589641434262, 0.9951690821256038, 0.9845904298459043, 0.0, 0.5076923076923077]",0.002144839429517,0.0,6.0198493003845215,1228147.0,1233435.0,0.0,0.0,0.0,"1515/175, 175/176, 176/177, 177/178, 178/179, 179/180, 180/181, 181/182, 182/183, 183/184, 184/185, 185/186, 186/187, 187/188, 188/189, 189/190, 190/191, 191/192, 192/193, 193/194, 194/195, 195/196, 196/197, 197/198, 198/199, 199/200, 200/201, 201/202, 202/10","1515/175, 175/176, 176/177, 177/178, 178/179, 179/180, 180/181, 181/182, 182/183, 183/184, 184/185, 185/186, 186/187, 187/188, 188/189, 189/190, 190/191, 191/192, 192/193, 193/194, 194/195, 195/196, 196/197, 197/198, 198/199, 199/200, 200/201, 201/202, 202/10",52219.0
6,v1.50 - 189,0,CrossEntropy,Adam,9e-05,1,50,MainLinear,0.0002,27,175,ACI,100,0.2,0,-2,3,cuda,0.0005,0.0015,"[173, 158, 159, 160, 161, 162, 162, 163, 164, 165, 166, 167, 168, 169, 170, 171, 171, 172, 173, 174, 175, 176, 177, 178, 179, 180, 180, 181, 10]","[0.99, 0.9, 0.9, 0.9, 0.9, 0.9, 0.9, 0.9, 0.9, 0.9, 0.9, 0.9, 0.9, 0.9, 0.9, 0.9, 0.9, 0.9, 0.9, 0.9, 0.9, 0.9, 0.9, 0.9, 0.9, 0.9, 0.9, 0.9, 1.0]",,0.5,0.5,0.05,0.03,3.0,2.0,False,"[10, 30, 30, 30, 30, 30, 30, 30, 30, 30, 30, 30, 30, 30, 30, 30, 30, 30, 30, 30, 30, 30, 30, 30, 30, 30, 30, 30, 10]",All,ModelStateDict1744268677.7234368.pt,,10,1515,8,results/BigModel(OntologyWaypoints).csv,2910288,2025-04-10 06:56:53.927375,x86_64,NVIDIA GeForce RTX 2080 Ti,"_CudaDeviceProperties(name='NVIDIA GeForce RTX 2080 Ti', major=7, minor=5, total_memory=11004MB, multi_processor_count=68)",0.0874180793762207,0.0192868755831602,ModelStateDict-Waypoint_0-1744268224.389718.pt,0.0075597849146518,ModelStateDict-Waypoint_1-1744268262.2684126.pt,0.0039736866327399,ModelStateDict-Waypoint_2-1744268298.8138409.pt,0.003823416952445,ModelStateDict-Waypoint_3-1744268333.153402.pt,0.0025386287330633,ModelStateDict-Waypoint_4-1744268369.4140441.pt,0.0028882158909576,ModelStateDict-Waypoint_5-1744268406.8859735.pt,0.002630159304501,ModelStateDict-Waypoint_6-1744268443.8989768.pt,0.0021087806635865,ModelStateDict-Waypoint_7-1744268478.9875202.pt,0.0019297536915223,ModelStateDict-Waypoint_8-1744268515.943479.pt,0.001837843528778,ModelStateDict-Waypoint_9-1744268552.0369008.pt,0.0017627791382241,ModelStateDict-Waypoint_10-1744268589.2137723.pt,0.0017046679097397,ModelStateDict-Waypoint_11-1744268626.3202605.pt,0.0016697888008928,ModelStateDict-Waypoint_12-1744268661.7741375.pt,457.22379755973816,-4447.612927999999,32634368.0,18113.0,4528.0,27.33658370003104,0.9360382557840616,0.646672301706497,0.0,0.926226978084165,0.9934952298352124,0.96987012987013,0.7580645161290323,0.0,0.542319749216301,0.9970691676436108,0.9889283476081052,0.0,0.2907488986784141,"[0.926226978084165, 0.9934952298352124, 0.9698701298701299, 0.7580645161290323, 0.0, 0.542319749216301, 0.9970691676436108, 0.9889283476081053, 0.0, 0.2907488986784141]",0.0015092245183034,9.07826241850853,0.924460603335571,0.6387978417716785,0.0,0.9090909090909092,0.9876227059325652,0.9749727965179544,0.8148148148148148,0.0,0.48,0.9951690821256038,0.9869918699186992,0.0,0.2393162393162393,"[0.9090909090909091, 0.9876227059325651, 0.9749727965179543, 0.8148148148148148, 0.0, 0.48, 0.9951690821256038, 0.9869918699186991, 0.0, 0.23931623931623933]",0.0020049166118614,0.0,6.07309103012085,1228147.0,1233435.0,0.0,0.0,0.0,"1515/175, 175/176, 176/177, 177/178, 178/179, 179/180, 180/181, 181/182, 182/183, 183/184, 184/185, 185/186, 186/187, 187/188, 188/189, 189/190, 190/191, 191/192, 192/193, 193/194, 194/195, 195/196, 196/197, 197/198, 198/199, 199/200, 200/201, 201/202, 202/10","1515/175, 175/176, 176/177, 177/178, 178/179, 179/180, 180/181, 181/182, 182/183, 183/184, 184/185, 185/186, 186/187, 187/188, 188/189, 189/190, 190/191, 191/192, 192/193, 193/194, 194/195, 195/196, 196/197, 197/198, 198/199, 199/200, 200/201, 201/202, 202/10",52219.0
7,v1.50 - 189,0,CrossEntropy,Adam,9e-05,1,50,MainLinear,0.0002,27,175,ACI,100,0.2,0,-2,3,cuda,0.0005,0.0015,"[173, 158, 159, 160, 161, 162, 162, 163, 164, 165, 166, 167, 168, 169, 170, 171, 171, 172, 173, 174, 175, 176, 177, 178, 179, 180, 180, 181, 10]","[0.99, 0.9, 0.9, 0.9, 0.9, 0.9, 0.9, 0.9, 0.9, 0.9, 0.9, 0.9, 0.9, 0.9, 0.9, 0.9, 0.9, 0.9, 0.9, 0.9, 0.9, 0.9, 0.9, 0.9, 0.9, 0.9, 0.9, 0.9, 1.0]",,0.5,0.5,0.05,0.03,3.0,2.0,False,"[10, 30, 30, 30, 30, 30, 30, 30, 30, 30, 30, 30, 30, 30, 30, 30, 30, 30, 30, 30, 30, 30, 30, 30, 30, 30, 30, 30, 10]",All,ModelStateDict1744268665.5582037.pt,,10,1515,8,results/BigModel(OntologyWaypoints).csv,1098045,2025-04-10 06:56:58.320367,x86_64,NVIDIA GeForce RTX 2080 Ti,"_CudaDeviceProperties(name='NVIDIA GeForce RTX 2080 Ti', major=7, minor=5, total_memory=11004MB, multi_processor_count=68)",0.0651266574859619,0.0192903994671494,ModelStateDict-Waypoint_0-1744268228.5687885.pt,0.0075180807477863,ModelStateDict-Waypoint_1-1744268264.5987816.pt,0.0056111206590704,ModelStateDict-Waypoint_2-1744268299.0084817.pt,0.0032190546489647,ModelStateDict-Waypoint_3-1744268333.7078984.pt,0.0028281725742766,ModelStateDict-Waypoint_4-1744268369.17916.pt,0.0024202402627843,ModelStateDict-Waypoint_5-1744268404.7138917.pt,0.0024205216494084,ModelStateDict-Waypoint_6-1744268440.348646.pt,0.0024357138867243,ModelStateDict-Waypoint_7-1744268475.6533864.pt,0.0019675229804559,ModelStateDict-Waypoint_8-1744268508.7319345.pt,0.001942334226593,ModelStateDict-Waypoint_9-1744268543.7650325.pt,0.0018901162259603,ModelStateDict-Waypoint_10-1744268578.2275052.pt,0.0018589617755953,ModelStateDict-Waypoint_11-1744268612.6056588.pt,0.0017923269632084,ModelStateDict-Waypoint_12-1744268649.751072.pt,440.6548376083374,34.94297600000209,32634368.0,18113.0,4528.0,29.06538600474596,0.9355587398911448,0.5481526282820225,0.0,0.9337641357027464,0.995015171218032,0.9856560073693909,0.0,0.0,0.5562043795620438,1.0,0.9945378151260504,0.0,0.0163487738419618,"[0.9337641357027464, 0.9950151712180321, 0.9856560073693907, 0.0, 0.0, 0.5562043795620438, 1.0, 0.9945378151260504, 0.0, 0.01634877384196185]",0.0016046699058546,8.839779175817966,0.9274477324662248,0.5464141617756312,0.0,0.925217391304348,0.9884861407249468,0.977705274605764,0.0,0.0,0.575197889182058,1.0,0.9975349219391948,0.0,0.0,"[0.9252173913043479, 0.9884861407249467, 0.977705274605764, 0.0, 0.0, 0.575197889182058, 1.0, 0.9975349219391948, 0.0, 0.0]",0.0019522480511965,0.0,6.163220167160034,1228147.0,1233435.0,0.0,0.0,0.0,"1515/175, 175/176, 176/177, 177/178, 178/179, 179/180, 180/181, 181/182, 182/183, 183/184, 184/185, 185/186, 186/187, 187/188, 188/189, 189/190, 190/191, 191/192, 192/193, 193/194, 194/195, 195/196, 196/197, 197/198, 198/199, 199/200, 200/201, 201/202, 202/10","1515/175, 175/176, 176/177, 177/178, 178/179, 179/180, 180/181, 181/182, 182/183, 183/184, 184/185, 185/186, 186/187, 187/188, 188/189, 189/190, 190/191, 191/192, 192/193, 193/194, 194/195, 195/196, 196/197, 197/198, 198/199, 199/200, 200/201, 201/202, 202/10",52219.0
8,v1.50 - 189,0,CrossEntropy,Adam,9e-05,1,50,MainLinear,0.0002,27,175,ACI,100,0.2,0,-2,3,cuda,0.0005,0.0015,"[173, 158, 159, 160, 161, 162, 162, 163, 164, 165, 166, 167, 168, 169, 170, 171, 171, 172, 173, 174, 175, 176, 177, 178, 179, 180, 180, 181, 10]","[0.99, 0.9, 0.9, 0.9, 0.9, 0.9, 0.9, 0.9, 0.9, 0.9, 0.9, 0.9, 0.9, 0.9, 0.9, 0.9, 0.9, 0.9, 0.9, 0.9, 0.9, 0.9, 0.9, 0.9, 0.9, 0.9, 0.9, 0.9, 1.0]",,0.5,0.5,0.05,0.03,3.0,2.0,False,"[10, 30, 30, 30, 30, 30, 30, 30, 30, 30, 30, 30, 30, 30, 30, 30, 30, 30, 30, 30, 30, 30, 30, 30, 30, 30, 30, 30, 10]",All,ModelStateDict1744268756.802079.pt,,10,1515,8,results/BigModel(OntologyWaypoints).csv,852890,2025-04-10 06:58:37.137200,x86_64,NVIDIA GeForce RTX 2080 Ti,"_CudaDeviceProperties(name='NVIDIA GeForce RTX 2080 Ti', major=7, minor=5, total_memory=11004MB, multi_processor_count=68)",0.0700242519378662,0.019434769840827,ModelStateDict-Waypoint_0-1744268328.1267512.pt,0.0078576896893934,ModelStateDict-Waypoint_1-1744268363.8172412.pt,0.0040477706938085,ModelStateDict-Waypoint_2-1744268399.4291756.pt,0.0031422094750403,ModelStateDict-Waypoint_3-1744268432.6125805.pt,0.002489952156731,ModelStateDict-Waypoint_4-1744268467.9804668.pt,0.0028490336590374,ModelStateDict-Waypoint_5-1744268499.0829005.pt,0.0017481227117175,ModelStateDict-Waypoint_6-1744268532.3014712.pt,0.0017652471814042,ModelStateDict-Waypoint_7-1744268566.8241355.pt,0.002053549299016,ModelStateDict-Waypoint_8-1744268601.4582436.pt,0.001805372360952,ModelStateDict-Waypoint_9-1744268635.9655879.pt,0.0017015527369684,ModelStateDict-Waypoint_10-1744268671.1184154.pt,0.0015602381971423,ModelStateDict-Waypoint_11-1744268704.9868355.pt,0.0015569031339333,ModelStateDict-Waypoint_12-1744268740.322655.pt,432.4366927146912,936.8371199999964,32634368.0,18113.0,4528.0,23.70976120978594,0.9485166426421532,0.5969003634022272,0.0,0.9493914157591288,0.9946894982117698,0.9826361483820047,0.0,0.0,0.5933273219116321,1.0,0.9947467955452828,0.0,0.4542124542124542,"[0.9493914157591288, 0.9946894982117698, 0.9826361483820047, 0.0, 0.0, 0.5933273219116321, 1.0, 0.9947467955452827, 0.0, 0.4542124542124542]",0.0013089913989833,7.584591910243034,0.93931643422129,0.5891319334628382,0.0,0.9390402075226978,0.9889078498293516,0.9797703663203936,0.0,0.0,0.6153846153846154,1.0,0.9950819672131148,0.0,0.373134328358209,"[0.9390402075226978, 0.9889078498293515, 0.9797703663203936, 0.0, 0.0, 0.6153846153846154, 1.0, 0.9950819672131147, 0.0, 0.373134328358209]",0.0016750423830042,0.0,6.782526254653931,1228147.0,1233435.0,0.0,0.0,0.0,"1515/175, 175/176, 176/177, 177/178, 178/179, 179/180, 180/181, 181/182, 182/183, 183/184, 184/185, 185/186, 186/187, 187/188, 188/189, 189/190, 190/191, 191/192, 192/193, 193/194, 194/195, 195/196, 196/197, 197/198, 198/199, 199/200, 200/201, 201/202, 202/10","1515/175, 175/176, 176/177, 177/178, 178/179, 179/180, 180/181, 181/182, 182/183, 183/184, 184/185, 185/186, 186/187, 187/188, 188/189, 189/190, 190/191, 191/192, 192/193, 193/194, 194/195, 195/196, 196/197, 197/198, 198/199, 199/200, 200/201, 201/202, 202/10",52219.0
9,v1.50 - 189,0,CrossEntropy,Adam,9e-05,1,50,MainLinear,0.0002,27,175,ACI,100,0.2,0,-2,3,cuda,0.0005,0.0015,"[173, 158, 159, 160, 161, 162, 162, 163, 164, 165, 166, 167, 168, 169, 170, 171, 171, 172, 173, 174, 175, 176, 177, 178, 179, 180, 180, 181, 10]","[0.99, 0.9, 0.9, 0.9, 0.9, 0.9, 0.9, 0.9, 0.9, 0.9, 0.9, 0.9, 0.9, 0.9, 0.9, 0.9, 0.9, 0.9, 0.9, 0.9, 0.9, 0.9, 0.9, 0.9, 0.9, 0.9, 0.9, 0.9, 1.0]",,0.5,0.5,0.05,0.03,3.0,2.0,False,"[10, 30, 30, 30, 30, 30, 30, 30, 30, 30, 30, 30, 30, 30, 30, 30, 30, 30, 30, 30, 30, 30, 30, 30, 30, 30, 30, 30, 10]",All,ModelStateDict1744269148.8683763.pt,,10,1515,8,results/BigModel(OntologyWaypoints).csv,1108298,2025-04-10 07:04:57.123326,x86_64,NVIDIA GeForce RTX 2080 Ti,"_CudaDeviceProperties(name='NVIDIA GeForce RTX 2080 Ti', major=7, minor=5, total_memory=11004MB, multi_processor_count=68)",0.0799214839935302,0.0191595892768505,ModelStateDict-Waypoint_0-1744268707.8672729.pt,0.0061702335179625,ModelStateDict-Waypoint_1-1744268743.189822.pt,0.004973468531312,ModelStateDict-Waypoint_2-1744268779.4909585.pt,0.0026790868604669,ModelStateDict-Waypoint_3-1744268815.0372388.pt,0.0022441332959585,ModelStateDict-Waypoint_4-1744268852.1902175.pt,0.0026994605628839,ModelStateDict-Waypoint_5-1744268886.9059918.pt,0.0019573573818404,ModelStateDict-Waypoint_6-1744268920.3725095.pt,0.0051042764127659,ModelStateDict-Waypoint_7-1744268956.1520472.pt,0.0028151577509384,ModelStateDict-Waypoint_8-1744268989.396458.pt,0.0023828958155159,ModelStateDict-Waypoint_9-1744269024.3994048.pt,0.0022554706132392,ModelStateDict-Waypoint_10-1744269061.2115643.pt,0.0020905040035464,ModelStateDict-Waypoint_11-1744269096.2046483.pt,0.0019945226511396,ModelStateDict-Waypoint_12-1744269132.7016172.pt,444.6680407524109,241.0577919999996,32634368.0,18113.0,4528.0,34.97532291710377,0.9374718020192938,0.5903710060003589,0.0,0.925735833246046,0.9938371715861174,0.9737394957983192,0.0,0.0,0.5799522673031027,0.989816700610998,0.9815467551316608,0.0,0.4590818363273453,"[0.9257358332460459, 0.9938371715861174, 0.9737394957983193, 0.0, 0.0, 0.5799522673031027, 0.9898167006109979, 0.9815467551316608, 0.0, 0.4590818363273453]",0.0019309514115333,9.925709515810013,0.9291069476820472,0.5794223216458644,0.0,0.917331095258078,0.9876543209876544,0.972176759410802,0.0,0.0,0.5901639344262295,0.9903846153846154,0.9894050529747352,0.0,0.3471074380165289,"[0.9173310952580781, 0.9876543209876543, 0.972176759410802, 0.0, 0.0, 0.5901639344262295, 0.9903846153846154, 0.9894050529747351, 0.0, 0.34710743801652894]",0.0021920736563184,0.0,6.400759220123291,1228147.0,1233435.0,0.0,0.0,0.0,"1515/175, 175/176, 176/177, 177/178, 178/179, 179/180, 180/181, 181/182, 182/183, 183/184, 184/185, 185/186, 186/187, 187/188, 188/189, 189/190, 190/191, 191/192, 192/193, 193/194, 194/195, 195/196, 196/197, 197/198, 198/199, 199/200, 200/201, 201/202, 202/10","1515/175, 175/176, 176/177, 177/178, 178/179, 179/180, 180/181, 181/182, 182/183, 183/184, 184/185, 185/186, 186/187, 187/188, 188/189, 189/190, 190/191, 191/192, 192/193, 193/194, 194/195, 195/196, 196/197, 197/198, 198/199, 199/200, 200/201, 201/202, 202/10",52219.0
10,v1.50 - 189,0,CrossEntropy,Adam,9e-05,1,50,MainLinear,0.0002,27,175,ACI,100,0.2,0,-2,3,cuda,0.0005,0.0015,"[173, 158, 159, 160, 161, 162, 162, 163, 164, 165, 166, 167, 168, 169, 170, 171, 171, 172, 173, 174, 175, 176, 177, 178, 179, 180, 180, 181, 10]","[0.99, 0.9, 0.9, 0.9, 0.9, 0.9, 0.9, 0.9, 0.9, 0.9, 0.9, 0.9, 0.9, 0.9, 0.9, 0.9, 0.9, 0.9, 0.9, 0.9, 0.9, 0.9, 0.9, 0.9, 0.9, 0.9, 0.9, 0.9, 1.0]",,0.5,0.5,0.05,0.03,3.0,2.0,False,"[10, 30, 30, 30, 30, 30, 30, 30, 30, 30, 30, 30, 30, 30, 30, 30, 30, 30, 30, 30, 30, 30, 30, 30, 30, 30, 30, 30, 10]",All,ModelStateDict1744269183.631759.pt,,10,1515,8,results/BigModel(OntologyWaypoints).csv,2939602,2025-04-10 07:05:25.542162,x86_64,NVIDIA GeForce RTX 2080 Ti,"_CudaDeviceProperties(name='NVIDIA GeForce RTX 2080 Ti', major=7, minor=5, total_memory=11004MB, multi_processor_count=68)",0.0720798969268798,0.0189145133857703,ModelStateDict-Waypoint_0-1744268736.4689202.pt,0.0067069807910434,ModelStateDict-Waypoint_1-1744268771.2698293.pt,0.0038377275437565,ModelStateDict-Waypoint_2-1744268808.2957585.pt,0.0041792240592925,ModelStateDict-Waypoint_3-1744268844.526041.pt,0.0023019399699807,ModelStateDict-Waypoint_4-1744268880.1577556.pt,0.002176447099002,ModelStateDict-Waypoint_5-1744268915.255949.pt,0.0017423963506688,ModelStateDict-Waypoint_6-1744268950.4630296.pt,0.001605900260256,ModelStateDict-Waypoint_7-1744268985.0702598.pt,0.0013475343682707,ModelStateDict-Waypoint_8-1744269021.9656281.pt,0.0013485527633617,ModelStateDict-Waypoint_9-1744269059.8997362.pt,0.0013135941336654,ModelStateDict-Waypoint_10-1744269096.6395993.pt,0.0012929037583324,ModelStateDict-Waypoint_11-1744269130.6528254.pt,0.0013278058514575,ModelStateDict-Waypoint_12-1744269167.474433.pt,451.1128273010254,218.0669439999984,32634368.0,18113.0,4528.0,20.23219515569508,0.957693761543518,0.6237324310764161,0.0,0.9609057893612476,0.9940546967895364,0.987999472504286,0.0,0.0,0.6411012782694199,1.0,0.9949558638083228,0.0,0.658307210031348,"[0.9609057893612476, 0.9940546967895363, 0.9879994725042859, 0.0, 0.0, 0.6411012782694199, 1.0, 0.9949558638083228, 0.0, 0.658307210031348]",0.0011169985731626,8.143953206017613,0.9462563530876285,0.6148131165683635,0.0,0.9475043029259896,0.9872448979591836,0.9776566757493188,0.0,0.0,0.6872852233676976,1.0,0.9967159277504104,0.0,0.5517241379310345,"[0.9475043029259896, 0.9872448979591837, 0.9776566757493188, 0.0, 0.0, 0.6872852233676976, 1.0, 0.9967159277504105, 0.0, 0.5517241379310345]",0.001798576238078,0.0,6.523622512817383,1228147.0,1233435.0,0.0,0.0,0.0,"1515/175, 175/176, 176/177, 177/178, 178/179, 179/180, 180/181, 181/182, 182/183, 183/184, 184/185, 185/186, 186/187, 187/188, 188/189, 189/190, 190/191, 191/192, 192/193, 193/194, 194/195, 195/196, 196/197, 197/198, 198/199, 199/200, 200/201, 201/202, 202/10","1515/175, 175/176, 176/177, 177/178, 178/179, 179/180, 180/181, 181/182, 182/183, 183/184, 184/185, 185/186, 186/187, 187/188, 188/189, 189/190, 190/191, 191/192, 192/193, 193/194, 194/195, 195/196, 196/197, 197/198, 198/199, 199/200, 200/201, 201/202, 202/10",52219.0
11,v1.50 - 189,0,CrossEntropy,Adam,9e-05,1,50,MainLinear,0.0002,27,175,ACI,100,0.2,0,-2,3,cuda,0.0005,0.0015,"[173, 158, 159, 160, 161, 162, 162, 163, 164, 165, 166, 167, 168, 169, 170, 171, 171, 172, 173, 174, 175, 176, 177, 178, 179, 180, 180, 181, 10]","[0.99, 0.9, 0.9, 0.9, 0.9, 0.9, 0.9, 0.9, 0.9, 0.9, 0.9, 0.9, 0.9, 0.9, 0.9, 0.9, 0.9, 0.9, 0.9, 0.9, 0.9, 0.9, 0.9, 0.9, 0.9, 0.9, 0.9, 0.9, 1.0]",,0.5,0.5,0.05,0.03,3.0,2.0,False,"[10, 30, 30, 30, 30, 30, 30, 30, 30, 30, 30, 30, 30, 30, 30, 30, 30, 30, 30, 30, 30, 30, 30, 30, 30, 30, 30, 30, 10]",All,ModelStateDict1744269241.7049751.pt,,10,1515,8,results/BigModel(OntologyWaypoints).csv,886362,2025-04-10 07:06:38.426402,x86_64,NVIDIA GeForce RTX 2080 Ti,"_CudaDeviceProperties(name='NVIDIA GeForce RTX 2080 Ti', major=7, minor=5, total_memory=11004MB, multi_processor_count=68)",0.091752290725708,0.0192101691735743,ModelStateDict-Waypoint_0-1744268808.2222202.pt,0.007217925319362,ModelStateDict-Waypoint_1-1744268842.6248236.pt,0.0035552603004388,ModelStateDict-Waypoint_2-1744268876.6592226.pt,0.0025412496221504,ModelStateDict-Waypoint_3-1744268910.4125159.pt,0.0022667994988963,ModelStateDict-Waypoint_4-1744268946.1069427.pt,0.0022551350460901,ModelStateDict-Waypoint_5-1744268982.1366267.pt,0.002540439643714,ModelStateDict-Waypoint_6-1744269017.9529393.pt,0.0020127318413248,ModelStateDict-Waypoint_7-1744269054.337873.pt,0.00170560531725,ModelStateDict-Waypoint_8-1744269086.658132.pt,0.0018087513066121,ModelStateDict-Waypoint_9-1744269121.757352.pt,0.0017402395322217,ModelStateDict-Waypoint_10-1744269155.9025147.pt,0.0016002111364795,ModelStateDict-Waypoint_11-1744269192.857418.pt,0.0015737595618567,ModelStateDict-Waypoint_12-1744269228.0475967.pt,436.6780803203583,-101.50297599999976,32634368.0,18113.0,4528.0,25.76250557601452,0.9408054101784596,0.631978032111453,0.0,0.9326657811382446,0.9954456733897202,0.9785732950091456,0.0,0.694300518134715,0.4259259259259259,1.0,0.9928691275167784,0.0,0.3,"[0.9326657811382446, 0.9954456733897202, 0.9785732950091456, 0.0, 0.694300518134715, 0.42592592592592593, 1.0, 0.9928691275167785, 0.0, 0.3]",0.0014223212927739,7.502559579908848,0.9373694178206644,0.6373739305035244,0.0,0.9286300246103364,0.9905982905982906,0.9798365122615804,0.0,0.6923076923076923,0.5226130653266332,1.0,0.9942669942669944,0.0,0.2654867256637168,"[0.9286300246103364, 0.9905982905982906, 0.9798365122615804, 0.0, 0.6923076923076923, 0.5226130653266332, 1.0, 0.9942669942669943, 0.0, 0.26548672566371684]",0.0016569257022766,0.0,6.057108402252197,1228147.0,1233435.0,0.0,0.0,0.0,"1515/175, 175/176, 176/177, 177/178, 178/179, 179/180, 180/181, 181/182, 182/183, 183/184, 184/185, 185/186, 186/187, 187/188, 188/189, 189/190, 190/191, 191/192, 192/193, 193/194, 194/195, 195/196, 196/197, 197/198, 198/199, 199/200, 200/201, 201/202, 202/10","1515/175, 175/176, 176/177, 177/178, 178/179, 179/180, 180/181, 181/182, 182/183, 183/184, 184/185, 185/186, 186/187, 187/188, 188/189, 189/190, 190/191, 191/192, 192/193, 193/194, 194/195, 195/196, 196/197, 197/198, 198/199, 199/200, 200/201, 201/202, 202/10",52219.0
12,v1.50 - 189,0,CrossEntropy,Adam,9e-05,1,50,MainLinear,0.0002,27,175,ACI,100,0.2,0,-2,3,cuda,0.0005,0.0015,"[173, 158, 159, 160, 161, 162, 162, 163, 164, 165, 166, 167, 168, 169, 170, 171, 171, 172, 173, 174, 175, 176, 177, 178, 179, 180, 180, 181, 10]","[0.99, 0.9, 0.9, 0.9, 0.9, 0.9, 0.9, 0.9, 0.9, 0.9, 0.9, 0.9, 0.9, 0.9, 0.9, 0.9, 0.9, 0.9, 0.9, 0.9, 0.9, 0.9, 0.9, 0.9, 0.9, 0.9, 0.9, 0.9, 1.0]",,0.5,0.5,0.05,0.03,3.0,2.0,False,"[10, 30, 30, 30, 30, 30, 30, 30, 30, 30, 30, 30, 30, 30, 30, 30, 30, 30, 30, 30, 30, 30, 30, 30, 30, 30, 30, 30, 10]",All,ModelStateDict1744269611.625312.pt,,10,1515,8,results/BigModel(OntologyWaypoints).csv,659295,2025-04-10 07:12:59.604498,x86_64,NVIDIA GeForce RTX 2080 Ti,"_CudaDeviceProperties(name='NVIDIA GeForce RTX 2080 Ti', major=7, minor=5, total_memory=11004MB, multi_processor_count=68)",0.138167142868042,0.0189500357730486,ModelStateDict-Waypoint_0-1744269189.767346.pt,0.007838643275743,ModelStateDict-Waypoint_1-1744269222.3176177.pt,0.0045772653694399,ModelStateDict-Waypoint_2-1744269253.8828514.pt,0.0041474762448204,ModelStateDict-Waypoint_3-1744269286.722731.pt,0.0032451297329532,ModelStateDict-Waypoint_4-1744269320.7899692.pt,0.0024193490165426,ModelStateDict-Waypoint_5-1744269354.948048.pt,0.0022488408292905,ModelStateDict-Waypoint_6-1744269389.8626413.pt,0.00201508855256,ModelStateDict-Waypoint_7-1744269425.5530324.pt,0.0018208045680058,ModelStateDict-Waypoint_8-1744269458.4503748.pt,0.001706306090569,ModelStateDict-Waypoint_9-1744269494.1127522.pt,0.001620300976321,ModelStateDict-Waypoint_10-1744269529.059836.pt,0.0015316556139399,ModelStateDict-Waypoint_11-1744269562.110369.pt,0.0014779286023377,ModelStateDict-Waypoint_12-1744269595.3109357.pt,424.3190433979034,-355.4508800000003,32634368.0,18113.0,4528.0,23.32289470732212,0.951525185650147,0.5992731672798003,0.0,0.9571077120547652,0.9954496208017336,0.9862905351964144,0.0,0.0,0.5996592844974447,0.9997061416397296,0.9932857742341586,0.0,0.4612326043737574,"[0.9571077120547652, 0.9954496208017335, 0.9862905351964144, 0.0, 0.0, 0.5996592844974447, 0.9997061416397296, 0.9932857742341586, 0.0, 0.46123260437375746]",0.001287632899427,7.583588268607855,0.939648817248444,0.5808391708654875,0.0,0.9466840052015604,0.990183525394793,0.981359649122807,0.0,0.0,0.5738636363636364,1.0,0.9942669942669944,0.0,0.3220338983050847,"[0.9466840052015605, 0.990183525394793, 0.981359649122807, 0.0, 0.0, 0.5738636363636364, 1.0, 0.9942669942669943, 0.0, 0.3220338983050847]",0.0016748207306996,0.0,6.493210554122925,1228147.0,1233435.0,0.0,0.0,0.0,"1515/175, 175/176, 176/177, 177/178, 178/179, 179/180, 180/181, 181/182, 182/183, 183/184, 184/185, 185/186, 186/187, 187/188, 188/189, 189/190, 190/191, 191/192, 192/193, 193/194, 194/195, 195/196, 196/197, 197/198, 198/199, 199/200, 200/201, 201/202, 202/10","1515/175, 175/176, 176/177, 177/178, 178/179, 179/180, 180/181, 181/182, 182/183, 183/184, 184/185, 185/186, 186/187, 187/188, 188/189, 189/190, 190/191, 191/192, 192/193, 193/194, 194/195, 195/196, 196/197, 197/198, 198/199, 199/200, 200/201, 201/202, 202/10",52219.0
13,v1.50 - 189,0,CrossEntropy,Adam,9e-05,1,50,MainLinear,0.0002,27,175,ACI,100,0.2,0,-2,3,cuda,0.0005,0.0015,"[173, 158, 159, 160, 161, 162, 162, 163, 164, 165, 166, 167, 168, 169, 170, 171, 171, 172, 173, 174, 175, 176, 177, 178, 179, 180, 180, 181, 10]","[0.99, 0.9, 0.9, 0.9, 0.9, 0.9, 0.9, 0.9, 0.9, 0.9, 0.9, 0.9, 0.9, 0.9, 0.9, 0.9, 0.9, 0.9, 0.9, 0.9, 0.9, 0.9, 0.9, 0.9, 0.9, 0.9, 0.9, 0.9, 1.0]",,0.5,0.5,0.05,0.03,3.0,2.0,False,"[10, 30, 30, 30, 30, 30, 30, 30, 30, 30, 30, 30, 30, 30, 30, 30, 30, 30, 30, 30, 30, 30, 30, 30, 30, 30, 30, 30, 10]",All,ModelStateDict1744269693.112345.pt,,10,1515,8,results/BigModel(OntologyWaypoints).csv,1120148,2025-04-10 07:13:55.908377,x86_64,NVIDIA GeForce RTX 2080 Ti,"_CudaDeviceProperties(name='NVIDIA GeForce RTX 2080 Ti', major=7, minor=5, total_memory=11004MB, multi_processor_count=68)",0.0731220245361328,0.0193139342754159,ModelStateDict-Waypoint_0-1744269246.2874157.pt,0.007401131416403,ModelStateDict-Waypoint_1-1744269280.7672846.pt,0.0060529073310873,ModelStateDict-Waypoint_2-1744269316.4985213.pt,0.0037417252237632,ModelStateDict-Waypoint_3-1744269353.1439657.pt,0.0037400021903105,ModelStateDict-Waypoint_4-1744269389.4385753.pt,0.0028035144600765,ModelStateDict-Waypoint_5-1744269426.5218558.pt,0.0021655648812665,ModelStateDict-Waypoint_6-1744269461.7721875.pt,0.0026011757821228,ModelStateDict-Waypoint_7-1744269496.5676012.pt,0.0018339097735955,ModelStateDict-Waypoint_8-1744269533.6278598.pt,0.0017229292083305,ModelStateDict-Waypoint_9-1744269569.19552.pt,0.0016510246014803,ModelStateDict-Waypoint_10-1744269606.0992756.pt,0.0016338751522134,ModelStateDict-Waypoint_11-1744269642.3529851.pt,0.0015711640091861,ModelStateDict-Waypoint_12-1744269677.2255795.pt,450.7151155471802,349.097984,32634368.0,18113.0,4528.0,25.78868385776877,0.9429573053059316,0.5804373332580038,0.0,0.9485089036687406,0.9941495124593716,0.973872351488366,0.0,0.0,0.5859305431878896,0.9950277859023108,0.9955835962145112,0.0,0.3113006396588486,"[0.9485089036687406, 0.9941495124593717, 0.973872351488366, 0.0, 0.0, 0.5859305431878896, 0.9950277859023107, 0.9955835962145111, 0.0, 0.31130063965884863]",0.0014237665686395,8.607948362827301,0.9329689208222502,0.5775936118359428,0.0,0.9359477124183008,0.9888983774551664,0.9645922746781116,0.0,0.0,0.5974842767295597,0.996372430471584,0.9926410466067048,0.0,0.3,"[0.9359477124183007, 0.9888983774551665, 0.9645922746781116, 0.0, 0.0, 0.5974842767295597, 0.9963724304715841, 0.9926410466067048, 0.0, 0.3]",0.0019010486667021,0.0,6.010304927825928,1228147.0,1233435.0,0.0,0.0,0.0,"1515/175, 175/176, 176/177, 177/178, 178/179, 179/180, 180/181, 181/182, 182/183, 183/184, 184/185, 185/186, 186/187, 187/188, 188/189, 189/190, 190/191, 191/192, 192/193, 193/194, 194/195, 195/196, 196/197, 197/198, 198/199, 199/200, 200/201, 201/202, 202/10","1515/175, 175/176, 176/177, 177/178, 178/179, 179/180, 180/181, 181/182, 182/183, 183/184, 184/185, 185/186, 186/187, 187/188, 188/189, 189/190, 190/191, 191/192, 192/193, 193/194, 194/195, 195/196, 196/197, 197/198, 198/199, 199/200, 200/201, 201/202, 202/10",52219.0
14,v1.50 - 189,0,CrossEntropy,Adam,9e-05,1,50,MainLinear,0.0002,27,175,ACI,100,0.2,0,-2,3,cuda,0.0005,0.0015,"[173, 158, 159, 160, 161, 162, 162, 163, 164, 165, 166, 167, 168, 169, 170, 171, 171, 172, 173, 174, 175, 176, 177, 178, 179, 180, 180, 181, 10]","[0.99, 0.9, 0.9, 0.9, 0.9, 0.9, 0.9, 0.9, 0.9, 0.9, 0.9, 0.9, 0.9, 0.9, 0.9, 0.9, 0.9, 0.9, 0.9, 0.9, 0.9, 0.9, 0.9, 0.9, 0.9, 0.9, 0.9, 0.9, 1.0]",,0.5,0.5,0.05,0.03,3.0,2.0,False,"[10, 30, 30, 30, 30, 30, 30, 30, 30, 30, 30, 30, 30, 30, 30, 30, 30, 30, 30, 30, 30, 30, 30, 30, 30, 30, 30, 30, 10]",All,ModelStateDict1744269727.84035.pt,,10,1515,8,results/BigModel(OntologyWaypoints).csv,2982289,2025-04-10 07:14:23.692539,x86_64,NVIDIA GeForce RTX 2080 Ti,"_CudaDeviceProperties(name='NVIDIA GeForce RTX 2080 Ti', major=7, minor=5, total_memory=11004MB, multi_processor_count=68)",0.0664210319519043,0.0191159581832683,ModelStateDict-Waypoint_0-1744269274.8138614.pt,0.0091108835191694,ModelStateDict-Waypoint_1-1744269310.5829656.pt,0.0041657940605465,ModelStateDict-Waypoint_2-1744269346.2504158.pt,0.0031377088159449,ModelStateDict-Waypoint_3-1744269382.1137433.pt,0.0024869764562123,ModelStateDict-Waypoint_4-1744269419.2781975.pt,0.0023089181966016,ModelStateDict-Waypoint_5-1744269455.387047.pt,0.0018548567222563,ModelStateDict-Waypoint_6-1744269492.7565665.pt,0.0029454577482004,ModelStateDict-Waypoint_7-1744269528.9878309.pt,0.001891026327975,ModelStateDict-Waypoint_8-1744269563.1291835.pt,0.0018600893843389,ModelStateDict-Waypoint_9-1744269598.4133904.pt,0.0018202153442299,ModelStateDict-Waypoint_10-1744269635.180939.pt,0.0017039431985563,ModelStateDict-Waypoint_11-1744269673.064056.pt,0.0016339585345061,ModelStateDict-Waypoint_12-1744269710.6174197.pt,455.9742667675018,20555.501568,32634368.0,18113.0,4528.0,25.74686578661204,0.9441921224675036,0.5908537829967566,0.0,0.938003136434919,0.9942572326362552,0.9826680672268908,0.0,0.0,0.528052805280528,1.0,0.9947467955452828,0.0,0.4708097928436911,"[0.938003136434919, 0.9942572326362553, 0.9826680672268907, 0.0, 0.0, 0.528052805280528, 1.0, 0.9947467955452827, 0.0, 0.4708097928436911]",0.0014214578361735,7.677581049501896,0.9376157387734558,0.5880574002645129,0.0,0.9304091100801348,0.9897435897435898,0.9809056192034916,0.0,0.0,0.6096654275092936,1.0,0.9967159277504104,0.0,0.373134328358209,"[0.9304091100801349, 0.9897435897435898, 0.9809056192034915, 0.0, 0.0, 0.6096654275092936, 1.0, 0.9967159277504105, 0.0, 0.373134328358209]",0.0016955788536885,0.0,7.206765413284302,1228147.0,1233435.0,0.0,0.0,0.0,"1515/175, 175/176, 176/177, 177/178, 178/179, 179/180, 180/181, 181/182, 182/183, 183/184, 184/185, 185/186, 186/187, 187/188, 188/189, 189/190, 190/191, 191/192, 192/193, 193/194, 194/195, 195/196, 196/197, 197/198, 198/199, 199/200, 200/201, 201/202, 202/10","1515/175, 175/176, 176/177, 177/178, 178/179, 179/180, 180/181, 181/182, 182/183, 183/184, 184/185, 185/186, 186/187, 187/188, 188/189, 189/190, 190/191, 191/192, 192/193, 193/194, 194/195, 195/196, 196/197, 197/198, 198/199, 199/200, 200/201, 201/202, 202/10",52219.0
15,v1.50 - 189,0,CrossEntropy,Adam,9e-05,1,50,MainLinear,0.0002,27,175,ACI,100,0.2,0,-2,3,cuda,0.0005,0.0015,"[173, 158, 159, 160, 161, 162, 162, 163, 164, 165, 166, 167, 168, 169, 170, 171, 171, 172, 173, 174, 175, 176, 177, 178, 179, 180, 180, 181, 10]","[0.99, 0.9, 0.9, 0.9, 0.9, 0.9, 0.9, 0.9, 0.9, 0.9, 0.9, 0.9, 0.9, 0.9, 0.9, 0.9, 0.9, 0.9, 0.9, 0.9, 0.9, 0.9, 0.9, 0.9, 0.9, 0.9, 0.9, 0.9, 1.0]",,0.5,0.5,0.05,0.03,3.0,2.0,False,"[10, 30, 30, 30, 30, 30, 30, 30, 30, 30, 30, 30, 30, 30, 30, 30, 30, 30, 30, 30, 30, 30, 30, 30, 30, 30, 30, 30, 10]",All,ModelStateDict1744270062.894735.pt,,10,1515,8,results/BigModel(OntologyWaypoints).csv,664181,2025-04-10 07:20:37.463922,x86_64,NVIDIA GeForce RTX 2080 Ti,"_CudaDeviceProperties(name='NVIDIA GeForce RTX 2080 Ti', major=7, minor=5, total_memory=11004MB, multi_processor_count=68)",0.1305341720581054,0.0191989311065993,ModelStateDict-Waypoint_0-1744269646.6366959.pt,0.0077741592456113,ModelStateDict-Waypoint_1-1744269680.3681924.pt,0.0040548413774741,ModelStateDict-Waypoint_2-1744269713.562957.pt,0.0030756917317469,ModelStateDict-Waypoint_3-1744269747.0392137.pt,0.0027222587254844,ModelStateDict-Waypoint_4-1744269781.3257203.pt,0.0031851192061486,ModelStateDict-Waypoint_5-1744269814.49537.pt,0.0030440760059951,ModelStateDict-Waypoint_6-1744269848.2521694.pt,0.0046868007976662,ModelStateDict-Waypoint_7-1744269879.6627789.pt,0.0031800434904043,ModelStateDict-Waypoint_8-1744269912.1838357.pt,0.0029836918897291,ModelStateDict-Waypoint_9-1744269946.6366959.pt,0.0027932267483248,ModelStateDict-Waypoint_10-1744269979.3373392.pt,0.0026844906329299,ModelStateDict-Waypoint_11-1744270013.8799245.pt,0.0026331995774038,ModelStateDict-Waypoint_12-1744270048.0178204.pt,418.828795671463,-7644.491776000001,32634368.0,18113.0,4528.0,43.83454453200102,0.8986822627169573,0.4796885212737072,0.0,0.8863658608202016,0.9951187764399608,0.9584569732937686,0.0,0.0,0.0,1.0,0.9569436021831412,0.0,0.0,"[0.8863658608202016, 0.9951187764399609, 0.9584569732937686, 0.0, 0.0, 0.0, 1.0, 0.9569436021831413, 0.0, 0.0]",0.0024200598758903,12.513480179011822,0.8883595506366951,0.4773624640494918,0.0,0.8743211792086889,0.990158322635858,0.956867196367764,0.0,0.0,0.0,0.996372430471584,0.9559055118110236,0.0,0.0,"[0.8743211792086889, 0.9901583226358579, 0.9568671963677639, 0.0, 0.0, 0.0, 0.9963724304715841, 0.9559055118110236, 0.0, 0.0]",0.0027635777780503,0.0,5.891495704650879,1228147.0,1233435.0,0.0,0.0,0.0,"1515/175, 175/176, 176/177, 177/178, 178/179, 179/180, 180/181, 181/182, 182/183, 183/184, 184/185, 185/186, 186/187, 187/188, 188/189, 189/190, 190/191, 191/192, 192/193, 193/194, 194/195, 195/196, 196/197, 197/198, 198/199, 199/200, 200/201, 201/202, 202/10","1515/175, 175/176, 176/177, 177/178, 178/179, 179/180, 180/181, 181/182, 182/183, 183/184, 184/185, 185/186, 186/187, 187/188, 188/189, 189/190, 190/191, 191/192, 192/193, 193/194, 194/195, 195/196, 196/197, 197/198, 198/199, 199/200, 200/201, 201/202, 202/10",52219.0
16,v1.50 - 189,0,CrossEntropy,Adam,9e-05,1,50,MainLinear,0.0002,27,175,ACI,100,0.2,0,-2,3,cuda,0.0005,0.0015,"[173, 158, 159, 160, 161, 162, 162, 163, 164, 165, 166, 167, 168, 169, 170, 171, 171, 172, 173, 174, 175, 176, 177, 178, 179, 180, 180, 181, 10]","[0.99, 0.9, 0.9, 0.9, 0.9, 0.9, 0.9, 0.9, 0.9, 0.9, 0.9, 0.9, 0.9, 0.9, 0.9, 0.9, 0.9, 0.9, 0.9, 0.9, 0.9, 0.9, 0.9, 0.9, 0.9, 0.9, 0.9, 0.9, 1.0]",,0.5,0.5,0.05,0.03,3.0,2.0,False,"[10, 30, 30, 30, 30, 30, 30, 30, 30, 30, 30, 30, 30, 30, 30, 30, 30, 30, 30, 30, 30, 30, 30, 30, 30, 30, 30, 30, 10]",All,ModelStateDict1744270157.7231956.pt,,10,1515,8,results/BigModel(OntologyWaypoints).csv,664653,2025-04-10 07:22:19.410115,x86_64,NVIDIA GeForce RTX 2080 Ti,"_CudaDeviceProperties(name='NVIDIA GeForce RTX 2080 Ti', major=7, minor=5, total_memory=11004MB, multi_processor_count=68)",0.0859754085540771,0.0191761593746795,ModelStateDict-Waypoint_0-1744269748.3360229.pt,0.0074994276316643,ModelStateDict-Waypoint_1-1744269778.3577323.pt,0.003481771943584,ModelStateDict-Waypoint_2-1744269813.810222.pt,0.0029013825760746,ModelStateDict-Waypoint_3-1744269847.4986024.pt,0.0023783883088627,ModelStateDict-Waypoint_4-1744269877.9381454.pt,0.0053233607952739,ModelStateDict-Waypoint_5-1744269913.0577052.pt,0.0028889745384189,ModelStateDict-Waypoint_6-1744269944.9512599.pt,0.0026670434113559,ModelStateDict-Waypoint_7-1744269977.2864912.pt,0.0019320239278137,ModelStateDict-Waypoint_8-1744270009.3569212.pt,0.0018497527224414,ModelStateDict-Waypoint_9-1744270041.5311003.pt,0.0018031299747689,ModelStateDict-Waypoint_10-1744270075.0521867.pt,0.0017800248023218,ModelStateDict-Waypoint_11-1744270108.7358043.pt,0.001760439139378,ModelStateDict-Waypoint_12-1744270142.400125.pt,412.0552589893341,-1508.749311999999,32634368.0,18113.0,4528.0,26.923490753397346,0.947459279750474,0.5870807300000237,0.0,0.9570901423299948,0.9954446854663774,0.9774692166623002,0.0,0.0,0.5521235521235521,1.0,0.9953742640874684,0.0,0.3933054393305439,"[0.9570901423299947, 0.9954446854663774, 0.9774692166623002, 0.0, 0.0, 0.5521235521235521, 1.0, 0.9953742640874684, 0.0, 0.39330543933054396]",0.0014864180838843,8.258207686245441,0.9371918569829294,0.5718442231267999,0.0,0.9437156157427,0.9914529914529916,0.976566757493188,0.0,0.0,0.5850340136054422,1.0,0.9975349219391948,0.0,0.2241379310344827,"[0.9437156157426999, 0.9914529914529915, 0.976566757493188, 0.0, 0.0, 0.5850340136054422, 1.0, 0.9975349219391948, 0.0, 0.22413793103448276]",0.001823809117987,0.0,5.8054728507995605,1228147.0,1233435.0,0.0,0.0,0.0,"1515/175, 175/176, 176/177, 177/178, 178/179, 179/180, 180/181, 181/182, 182/183, 183/184, 184/185, 185/186, 186/187, 187/188, 188/189, 189/190, 190/191, 191/192, 192/193, 193/194, 194/195, 195/196, 196/197, 197/198, 198/199, 199/200, 200/201, 201/202, 202/10","1515/175, 175/176, 176/177, 177/178, 178/179, 179/180, 180/181, 181/182, 182/183, 183/184, 184/185, 185/186, 186/187, 187/188, 188/189, 189/190, 190/191, 191/192, 192/193, 193/194, 194/195, 195/196, 196/197, 197/198, 198/199, 199/200, 200/201, 201/202, 202/10",52219.0
17,v1.50 - 189,0,CrossEntropy,Adam,9e-05,1,50,MainLinear,0.0002,27,175,ACI,100,0.2,0,-2,3,cuda,0.0005,0.0015,"[173, 158, 159, 160, 161, 162, 162, 163, 164, 165, 166, 167, 168, 169, 170, 171, 171, 172, 173, 174, 175, 176, 177, 178, 179, 180, 180, 181, 10]","[0.99, 0.9, 0.9, 0.9, 0.9, 0.9, 0.9, 0.9, 0.9, 0.9, 0.9, 0.9, 0.9, 0.9, 0.9, 0.9, 0.9, 0.9, 0.9, 0.9, 0.9, 0.9, 0.9, 0.9, 0.9, 0.9, 0.9, 0.9, 1.0]",,0.5,0.5,0.05,0.03,3.0,2.0,False,"[10, 30, 30, 30, 30, 30, 30, 30, 30, 30, 30, 30, 30, 30, 30, 30, 30, 30, 30, 30, 30, 30, 30, 30, 30, 30, 30, 30, 10]",All,ModelStateDict1744270227.1270885.pt,,10,1515,8,results/BigModel(OntologyWaypoints).csv,1131504,2025-04-10 07:22:49.626666,x86_64,NVIDIA GeForce RTX 2080 Ti,"_CudaDeviceProperties(name='NVIDIA GeForce RTX 2080 Ti', major=7, minor=5, total_memory=11004MB, multi_processor_count=68)",0.0716814994812011,0.0192224433866597,ModelStateDict-Waypoint_0-1744269780.3586476.pt,0.0072872539717811,ModelStateDict-Waypoint_1-1744269816.460889.pt,0.0044729132525063,ModelStateDict-Waypoint_2-1744269849.9368293.pt,0.0036645881407555,ModelStateDict-Waypoint_3-1744269886.7746925.pt,0.0027209645461017,ModelStateDict-Waypoint_4-1744269921.6154013.pt,0.0023099798909681,ModelStateDict-Waypoint_5-1744269957.2261217.pt,0.0022079813047977,ModelStateDict-Waypoint_6-1744269994.3892617.pt,0.0020249872253744,ModelStateDict-Waypoint_7-1744270030.936019.pt,0.0018416278287196,ModelStateDict-Waypoint_8-1744270067.541322.pt,0.0017716286797832,ModelStateDict-Waypoint_9-1744270103.5101204.pt,0.0016821934454143,ModelStateDict-Waypoint_10-1744270140.0566616.pt,0.0016279845626891,ModelStateDict-Waypoint_11-1744270174.031706.pt,0.0015296548010991,ModelStateDict-Waypoint_12-1744270210.934226.pt,450.5776529312134,-57.25798399999985,32634368.0,18113.0,4528.0,24.559617426246405,0.9470262824006151,0.5861064284284818,0.0,0.949827170839007,0.9953367313740376,0.981651376146789,0.0,0.0,0.7082096933728981,1.0,0.9947467955452828,0.0,0.2312925170068027,"[0.949827170839007, 0.9953367313740376, 0.981651376146789, 0.0, 0.0, 0.7082096933728981, 1.0, 0.9947467955452827, 0.0, 0.23129251700680273]",0.0013559110818885,7.699882298707962,0.938009277033224,0.5806045987449439,0.0,0.9380530973451328,0.9888983774551664,0.976112920738328,0.0,0.0,0.7157894736842105,1.0,0.9967159277504104,0.0,0.1904761904761904,"[0.9380530973451328, 0.9888983774551665, 0.9761129207383279, 0.0, 0.0, 0.7157894736842105, 1.0, 0.9967159277504105, 0.0, 0.19047619047619047]",0.001700504041234,0.0,6.419780731201172,1228147.0,1233435.0,0.0,0.0,0.0,"1515/175, 175/176, 176/177, 177/178, 178/179, 179/180, 180/181, 181/182, 182/183, 183/184, 184/185, 185/186, 186/187, 187/188, 188/189, 189/190, 190/191, 191/192, 192/193, 193/194, 194/195, 195/196, 196/197, 197/198, 198/199, 199/200, 200/201, 201/202, 202/10","1515/175, 175/176, 176/177, 177/178, 178/179, 179/180, 180/181, 181/182, 182/183, 183/184, 184/185, 185/186, 186/187, 187/188, 188/189, 189/190, 190/191, 191/192, 192/193, 193/194, 194/195, 195/196, 196/197, 197/198, 198/199, 199/200, 200/201, 201/202, 202/10",52219.0
18,v1.50 - 189,0,CrossEntropy,Adam,9e-05,1,50,MainLinear,0.0002,27,175,ACI,100,0.2,0,-2,3,cuda,0.0005,0.0015,"[173, 158, 159, 160, 161, 162, 162, 163, 164, 165, 166, 167, 168, 169, 170, 171, 171, 172, 173, 174, 175, 176, 177, 178, 179, 180, 180, 181, 10]","[0.99, 0.9, 0.9, 0.9, 0.9, 0.9, 0.9, 0.9, 0.9, 0.9, 0.9, 0.9, 0.9, 0.9, 0.9, 0.9, 0.9, 0.9, 0.9, 0.9, 0.9, 0.9, 0.9, 0.9, 0.9, 0.9, 0.9, 0.9, 1.0]",,0.5,0.5,0.05,0.03,3.0,2.0,False,"[10, 30, 30, 30, 30, 30, 30, 30, 30, 30, 30, 30, 30, 30, 30, 30, 30, 30, 30, 30, 30, 30, 30, 30, 30, 30, 30, 30, 10]",All,ModelStateDict1744270551.5585678.pt,,10,1515,8,results/BigModel(OntologyWaypoints).csv,3029661,2025-04-10 07:28:16.096454,x86_64,NVIDIA GeForce RTX 2080 Ti,"_CudaDeviceProperties(name='NVIDIA GeForce RTX 2080 Ti', major=7, minor=5, total_memory=11004MB, multi_processor_count=68)",0.0933749675750732,0.0190954379030285,ModelStateDict-Waypoint_0-1744270107.0375288.pt,0.0055016359810088,ModelStateDict-Waypoint_1-1744270142.4646952.pt,0.0032419420477239,ModelStateDict-Waypoint_2-1744270177.59642.pt,0.0035485336165744,ModelStateDict-Waypoint_3-1744270214.095083.pt,0.0023650775317464,ModelStateDict-Waypoint_4-1744270251.0241382.pt,0.0019752852935836,ModelStateDict-Waypoint_5-1744270285.7451406.pt,0.0017530827491048,ModelStateDict-Waypoint_6-1744270322.1501951.pt,0.0018644314988388,ModelStateDict-Waypoint_7-1744270358.2534623.pt,0.001648701137119,ModelStateDict-Waypoint_8-1744270394.2860608.pt,0.0015522783041849,ModelStateDict-Waypoint_9-1744270429.769133.pt,0.0014937305933515,ModelStateDict-Waypoint_10-1744270463.3989549.pt,0.0014272708572685,ModelStateDict-Waypoint_11-1744270500.6335776.pt,0.0013930773639039,ModelStateDict-Waypoint_12-1744270536.4799924.pt,448.7385094165802,51.42527999999948,32634368.0,18113.0,4528.0,22.89489396288991,0.9441558069131408,0.6603876503026284,0.0,0.9409212972526336,0.9935121107266436,0.9933669408331124,0.8817204301075269,0.0,0.36318407960199,0.999412455934195,0.9924528301886792,0.0,0.4393063583815029,"[0.9409212972526337, 0.9935121107266436, 0.9933669408331123, 0.8817204301075269, 0.0, 0.36318407960199006, 0.999412455934195, 0.9924528301886792, 0.0, 0.4393063583815029]",0.001264003420907,7.26835922151804,0.9384083167018008,0.65586460934694,0.0,0.9352159468438538,0.9872231686541738,0.9917172832689122,0.7619047619047619,0.0,0.4595744680851064,0.9987878787878788,0.9934533551554828,0.0,0.4307692307692308,"[0.9352159468438538, 0.9872231686541738, 0.9917172832689122, 0.7619047619047619, 0.0, 0.4595744680851064, 0.9987878787878788, 0.9934533551554828, 0.0, 0.4307692307692308]",0.0016052030082857,0.0,6.303773641586304,1228147.0,1233435.0,0.0,0.0,0.0,"1515/175, 175/176, 176/177, 177/178, 178/179, 179/180, 180/181, 181/182, 182/183, 183/184, 184/185, 185/186, 186/187, 187/188, 188/189, 189/190, 190/191, 191/192, 192/193, 193/194, 194/195, 195/196, 196/197, 197/198, 198/199, 199/200, 200/201, 201/202, 202/10","1515/175, 175/176, 176/177, 177/178, 178/179, 179/180, 180/181, 181/182, 182/183, 183/184, 184/185, 185/186, 186/187, 187/188, 188/189, 189/190, 190/191, 191/192, 192/193, 193/194, 194/195, 195/196, 196/197, 197/198, 198/199, 199/200, 200/201, 201/202, 202/10",52219.0
19,v1.50 - 189,0,CrossEntropy,Adam,9e-05,1,50,MainLinear,0.0002,27,175,ACI,100,0.2,0,-2,3,cuda,0.0005,0.0015,"[173, 158, 159, 160, 161, 162, 162, 163, 164, 165, 166, 167, 168, 169, 170, 171, 171, 172, 173, 174, 175, 176, 177, 178, 179, 180, 180, 181, 10]","[0.99, 0.9, 0.9, 0.9, 0.9, 0.9, 0.9, 0.9, 0.9, 0.9, 0.9, 0.9, 0.9, 0.9, 0.9, 0.9, 0.9, 0.9, 0.9, 0.9, 0.9, 0.9, 0.9, 0.9, 0.9, 0.9, 0.9, 0.9, 1.0]",,0.5,0.5,0.05,0.03,3.0,2.0,False,"[10, 30, 30, 30, 30, 30, 30, 30, 30, 30, 30, 30, 30, 30, 30, 30, 30, 30, 30, 30, 30, 30, 30, 30, 30, 30, 30, 30, 10]",All,ModelStateDict1744270631.190622.pt,,10,1515,8,results/BigModel(OntologyWaypoints).csv,989529,2025-04-10 07:30:03.647873,x86_64,NVIDIA GeForce RTX 2080 Ti,"_CudaDeviceProperties(name='NVIDIA GeForce RTX 2080 Ti', major=7, minor=5, total_memory=11004MB, multi_processor_count=68)",0.0808236598968505,0.0192415370055566,ModelStateDict-Waypoint_0-1744270213.9525805.pt,0.0081776320812539,ModelStateDict-Waypoint_1-1744270246.987684.pt,0.003732744998206,ModelStateDict-Waypoint_2-1744270281.8143148.pt,0.0036585757036142,ModelStateDict-Waypoint_3-1744270316.4879775.pt,0.0039197558767783,ModelStateDict-Waypoint_4-1744270350.4606006.pt,0.0022512462985763,ModelStateDict-Waypoint_5-1744270383.3408773.pt,0.0025898259835872,ModelStateDict-Waypoint_6-1744270415.205244.pt,0.0022489897014586,ModelStateDict-Waypoint_7-1744270448.6896002.pt,0.0019908839764629,ModelStateDict-Waypoint_8-1744270483.454787.pt,0.0019252767999971,ModelStateDict-Waypoint_9-1744270515.1284616.pt,0.0019225440419622,ModelStateDict-Waypoint_10-1744270548.8748248.pt,0.0018612306014057,ModelStateDict-Waypoint_11-1744270582.1225374.pt,0.0018519483054618,ModelStateDict-Waypoint_12-1744270616.945774.pt,420.4542977809906,-120.97536000000036,32634368.0,18113.0,4528.0,30.57154866680503,0.9348815840816456,0.5656418385449734,0.0,0.9306705298013244,0.9951219512195122,0.9703742203742204,0.0,0.0,0.4447236180904522,1.0,0.994328922495274,0.0,0.3211991434689507,"[0.9306705298013245, 0.9951219512195122, 0.9703742203742204, 0.0, 0.0, 0.44472361809045224, 1.0, 0.994328922495274, 0.0, 0.32119914346895073]",0.0016878235889584,8.970299646258354,0.9293289241897909,0.5643309573334098,0.0,0.9232039636663916,0.9910218041898248,0.975027144408252,0.0,0.0,0.4608695652173913,1.0,0.9975349219391948,0.0,0.2956521739130435,"[0.9232039636663915, 0.9910218041898247, 0.9750271444082519, 0.0, 0.0, 0.4608695652173913, 1.0, 0.9975349219391948, 0.0, 0.2956521739130435]",0.0019810732434316,0.0,6.393566131591797,1228147.0,1233435.0,0.0,0.0,0.0,"1515/175, 175/176, 176/177, 177/178, 178/179, 179/180, 180/181, 181/182, 182/183, 183/184, 184/185, 185/186, 186/187, 187/188, 188/189, 189/190, 190/191, 191/192, 192/193, 193/194, 194/195, 195/196, 196/197, 197/198, 198/199, 199/200, 200/201, 201/202, 202/10","1515/175, 175/176, 176/177, 177/178, 178/179, 179/180, 180/181, 181/182, 182/183, 183/184, 184/185, 185/186, 186/187, 187/188, 188/189, 189/190, 190/191, 191/192, 192/193, 193/194, 194/195, 195/196, 196/197, 197/198, 198/199, 199/200, 200/201, 201/202, 202/10",52219.0
20,v1.50 - 189,0,CrossEntropy,Adam,9e-05,1,50,MainLinear,0.0002,27,175,ACI,100,0.2,0,-2,3,cuda,0.0005,0.0015,"[173, 158, 159, 160, 161, 162, 162, 163, 164, 165, 166, 167, 168, 169, 170, 171, 171, 172, 173, 174, 175, 176, 177, 178, 179, 180, 180, 181, 10]","[0.99, 0.9, 0.9, 0.9, 0.9, 0.9, 0.9, 0.9, 0.9, 0.9, 0.9, 0.9, 0.9, 0.9, 0.9, 0.9, 0.9, 0.9, 0.9, 0.9, 0.9, 0.9, 0.9, 0.9, 0.9, 0.9, 0.9, 0.9, 1.0]",,0.5,0.5,0.05,0.03,3.0,2.0,False,"[10, 30, 30, 30, 30, 30, 30, 30, 30, 30, 30, 30, 30, 30, 30, 30, 30, 30, 30, 30, 30, 30, 30, 30, 30, 30, 30, 30, 10]",All,ModelStateDict1744270736.4567337.pt,,10,1515,8,results/BigModel(OntologyWaypoints).csv,1142206,2025-04-10 07:31:11.761210,x86_64,NVIDIA GeForce RTX 2080 Ti,"_CudaDeviceProperties(name='NVIDIA GeForce RTX 2080 Ti', major=7, minor=5, total_memory=11004MB, multi_processor_count=68)",0.0695483684539794,0.0191102579284568,ModelStateDict-Waypoint_0-1744270282.782924.pt,0.0063933525509029,ModelStateDict-Waypoint_1-1744270319.2489197.pt,0.0039243761203043,ModelStateDict-Waypoint_2-1744270355.4483547.pt,0.0035286398699839,ModelStateDict-Waypoint_3-1744270391.852558.pt,0.002473455823064,ModelStateDict-Waypoint_4-1744270428.8130653.pt,0.0022197805572528,ModelStateDict-Waypoint_5-1744270464.1584039.pt,0.0019110621995423,ModelStateDict-Waypoint_6-1744270500.934611.pt,0.001965387548544,ModelStateDict-Waypoint_7-1744270534.6717482.pt,0.0015623330905822,ModelStateDict-Waypoint_8-1744270571.402658.pt,0.001514949555458,ModelStateDict-Waypoint_9-1744270609.1053107.pt,0.0014103178253878,ModelStateDict-Waypoint_10-1744270646.285792.pt,0.001384072923857,ModelStateDict-Waypoint_11-1744270683.478102.pt,0.0012883944760322,ModelStateDict-Waypoint_12-1744270720.6482549.pt,458.0734632015228,2971.295743999999,32634368.0,18113.0,4528.0,20.21975010447204,0.9557142057039304,0.6118853476079551,0.0,0.9601175482787574,0.9953367313740376,0.9861751152073732,0.0,0.0,0.745694022289767,1.0,0.9955835962145112,0.0,0.4359464627151052,"[0.9601175482787574, 0.9953367313740376, 0.9861751152073732, 0.0, 0.0, 0.745694022289767, 1.0, 0.9955835962145111, 0.0, 0.4359464627151052]",0.0011163114947536,7.283440398052335,0.9473225951433714,0.6047849360072943,0.0,0.9509721048182588,0.99017513882956,0.9825136612021858,0.0,0.0,0.7428571428571429,1.0,0.9967159277504104,0.0,0.3846153846153846,"[0.9509721048182587, 0.99017513882956, 0.9825136612021858, 0.0, 0.0, 0.7428571428571429, 1.0, 0.9967159277504105, 0.0, 0.38461538461538464]",0.0016085336568136,0.0,6.191669702529907,1228147.0,1233435.0,0.0,0.0,0.0,"1515/175, 175/176, 176/177, 177/178, 178/179, 179/180, 180/181, 181/182, 182/183, 183/184, 184/185, 185/186, 186/187, 187/188, 188/189, 189/190, 190/191, 191/192, 192/193, 193/194, 194/195, 195/196, 196/197, 197/198, 198/199, 199/200, 200/201, 201/202, 202/10","1515/175, 175/176, 176/177, 177/178, 178/179, 179/180, 180/181, 181/182, 182/183, 183/184, 184/185, 185/186, 186/187, 187/188, 188/189, 189/190, 190/191, 191/192, 192/193, 193/194, 194/195, 195/196, 196/197, 197/198, 198/199, 199/200, 200/201, 201/202, 202/10",52219.0
21,v1.50 - 189,0,CrossEntropy,Adam,9e-05,1,50,MainLinear,0.0002,27,175,ACI,100,0.2,0,-2,3,cuda,0.0005,0.0015,"[173, 158, 159, 160, 161, 162, 162, 163, 164, 165, 166, 167, 168, 169, 170, 171, 171, 172, 173, 174, 175, 176, 177, 178, 179, 180, 180, 181, 10]","[0.99, 0.9, 0.9, 0.9, 0.9, 0.9, 0.9, 0.9, 0.9, 0.9, 0.9, 0.9, 0.9, 0.9, 0.9, 0.9, 0.9, 0.9, 0.9, 0.9, 0.9, 0.9, 0.9, 0.9, 0.9, 0.9, 0.9, 0.9, 1.0]",,0.5,0.5,0.05,0.03,3.0,2.0,False,"[10, 30, 30, 30, 30, 30, 30, 30, 30, 30, 30, 30, 30, 30, 30, 30, 30, 30, 30, 30, 30, 30, 30, 30, 30, 30, 30, 30, 10]",All,ModelStateDict1744271033.7364175.pt,,10,1515,8,results/BigModel(OntologyWaypoints).csv,3049735,2025-04-10 07:36:12.789111,x86_64,NVIDIA GeForce RTX 2080 Ti,"_CudaDeviceProperties(name='NVIDIA GeForce RTX 2080 Ti', major=7, minor=5, total_memory=11004MB, multi_processor_count=68)",0.0736241340637207,0.0191609520852411,ModelStateDict-Waypoint_0-1744270583.768233.pt,0.007338469554855,ModelStateDict-Waypoint_1-1744270620.479362.pt,0.0057816338362741,ModelStateDict-Waypoint_2-1744270657.4988391.pt,0.0043055004184858,ModelStateDict-Waypoint_3-1744270693.6932268.pt,0.0053464615020208,ModelStateDict-Waypoint_4-1744270729.9544523.pt,0.0033669328249278,ModelStateDict-Waypoint_5-1744270765.8344576.pt,0.0035982939802829,ModelStateDict-Waypoint_6-1744270802.8959281.pt,0.0033908041519758,ModelStateDict-Waypoint_7-1744270836.5984266.pt,0.0025761834189089,ModelStateDict-Waypoint_8-1744270873.3648663.pt,0.0025070301062562,ModelStateDict-Waypoint_9-1744270907.9741962.pt,0.0024234697700685,ModelStateDict-Waypoint_10-1744270943.3491192.pt,0.0023657027001621,ModelStateDict-Waypoint_11-1744270980.2811148.pt,0.0023433987559457,ModelStateDict-Waypoint_12-1744271017.413142.pt,454.0728044509888,139.60396799999944,32634368.0,18113.0,4528.0,46.13592427223921,0.9144190777063164,0.5667262925986684,0.0,0.9164327359101706,0.9756408892670992,0.912987012987013,0.0,0.0,0.702355460385439,0.964102564102564,0.9885153476717478,0.0,0.2072289156626506,"[0.9164327359101706, 0.9756408892670992, 0.912987012987013, 0.0, 0.0, 0.702355460385439, 0.9641025641025641, 0.9885153476717478, 0.0, 0.20722891566265061]",0.002547116671575,12.911701694130898,0.908639038490298,0.5572412582281351,0.0,0.9104283859800952,0.977195945945946,0.9114470842332614,0.0,0.0,0.7089552238805971,0.958139534883721,0.988599348534202,0.0,0.1176470588235294,"[0.9104283859800952, 0.9771959459459459, 0.9114470842332614, 0.0, 0.0, 0.7089552238805971, 0.958139534883721, 0.988599348534202, 0.0, 0.11764705882352941]",0.0028515242257356,0.0,6.448897123336792,1228147.0,1233435.0,0.0,0.0,0.0,"1515/175, 175/176, 176/177, 177/178, 178/179, 179/180, 180/181, 181/182, 182/183, 183/184, 184/185, 185/186, 186/187, 187/188, 188/189, 189/190, 190/191, 191/192, 192/193, 193/194, 194/195, 195/196, 196/197, 197/198, 198/199, 199/200, 200/201, 201/202, 202/10","1515/175, 175/176, 176/177, 177/178, 178/179, 179/180, 180/181, 181/182, 182/183, 183/184, 184/185, 185/186, 186/187, 187/188, 188/189, 189/190, 190/191, 191/192, 192/193, 193/194, 194/195, 195/196, 196/197, 197/198, 198/199, 199/200, 200/201, 201/202, 202/10",52219.0
22,v1.50 - 189,0,CrossEntropy,Adam,9e-05,1,50,MainLinear,0.0002,27,175,ACI,100,0.2,0,-2,3,cuda,0.0005,0.0015,"[173, 158, 159, 160, 161, 162, 162, 163, 164, 165, 166, 167, 168, 169, 170, 171, 171, 172, 173, 174, 175, 176, 177, 178, 179, 180, 180, 181, 10]","[0.99, 0.9, 0.9, 0.9, 0.9, 0.9, 0.9, 0.9, 0.9, 0.9, 0.9, 0.9, 0.9, 0.9, 0.9, 0.9, 0.9, 0.9, 0.9, 0.9, 0.9, 0.9, 0.9, 0.9, 0.9, 0.9, 0.9, 0.9, 1.0]",,0.5,0.5,0.05,0.03,3.0,2.0,False,"[10, 30, 30, 30, 30, 30, 30, 30, 30, 30, 30, 30, 30, 30, 30, 30, 30, 30, 30, 30, 30, 30, 30, 30, 30, 30, 30, 30, 10]",All,ModelStateDict1744271099.5392585.pt,,10,1515,8,results/BigModel(OntologyWaypoints).csv,1007117,2025-04-10 07:37:58.680286,x86_64,NVIDIA GeForce RTX 2080 Ti,"_CudaDeviceProperties(name='NVIDIA GeForce RTX 2080 Ti', major=7, minor=5, total_memory=11004MB, multi_processor_count=68)",0.0891873836517334,0.0195645629711379,ModelStateDict-Waypoint_0-1744270689.0717812.pt,0.0069126939793961,ModelStateDict-Waypoint_1-1744270722.7888494.pt,0.005017142880465,ModelStateDict-Waypoint_2-1744270755.9010475.pt,0.0040325923823694,ModelStateDict-Waypoint_3-1744270788.4282594.pt,0.0099916779698142,ModelStateDict-Waypoint_4-1744270819.9823334.pt,0.0045612016675789,ModelStateDict-Waypoint_5-1744270853.0264337.pt,0.0038676730573114,ModelStateDict-Waypoint_6-1744270885.6459186.pt,0.0033302391700173,ModelStateDict-Waypoint_7-1744270921.3469937.pt,0.0028929469886584,ModelStateDict-Waypoint_8-1744270953.3598886.pt,0.0028356077958922,ModelStateDict-Waypoint_9-1744270984.5504675.pt,0.0027936270501311,ModelStateDict-Waypoint_10-1744271017.8017342.pt,0.0026776690988513,ModelStateDict-Waypoint_11-1744271050.5116475.pt,0.0025895010575685,ModelStateDict-Waypoint_12-1744271084.0821528.pt,414.3908603191376,-172.8225280000006,32634368.0,18113.0,4528.0,43.98162367194891,0.9088387573611564,0.6001783862314148,0.0,0.932426597582038,0.9906098219104156,0.9159212880143112,0.8392857142857143,0.0,0.4027397260273972,0.978711162255466,0.942089552238806,0.0,0.0,"[0.9324265975820379, 0.9906098219104156, 0.9159212880143113, 0.8392857142857143, 0.0, 0.40273972602739727, 0.9787111622554661, 0.942089552238806, 0.0, 0.0]",0.0024281799631175,13.552315033972263,0.8996191468382446,0.6049647327001599,0.0,0.9205933682373472,0.9834254143646408,0.9060010621348912,0.8461538461538461,0.0,0.4840182648401826,0.9705535924617196,0.9389017788089714,0.0,0.0,"[0.9205933682373473, 0.9834254143646409, 0.9060010621348912, 0.8461538461538461, 0.0, 0.4840182648401826, 0.9705535924617197, 0.9389017788089714, 0.0, 0.0]",0.0029930024368313,0.0,5.928428649902344,1228147.0,1233435.0,0.0,0.0,0.0,"1515/175, 175/176, 176/177, 177/178, 178/179, 179/180, 180/181, 181/182, 182/183, 183/184, 184/185, 185/186, 186/187, 187/188, 188/189, 189/190, 190/191, 191/192, 192/193, 193/194, 194/195, 195/196, 196/197, 197/198, 198/199, 199/200, 200/201, 201/202, 202/10","1515/175, 175/176, 176/177, 177/178, 178/179, 179/180, 180/181, 181/182, 182/183, 183/184, 184/185, 185/186, 186/187, 187/188, 188/189, 189/190, 190/191, 191/192, 192/193, 193/194, 194/195, 195/196, 196/197, 197/198, 198/199, 199/200, 200/201, 201/202, 202/10",52219.0
23,v1.50 - 189,0,CrossEntropy,Adam,9e-05,1,50,MainLinear,0.0002,27,175,ACI,100,0.2,0,-2,3,cuda,0.0005,0.0015,"[173, 158, 159, 160, 161, 162, 162, 163, 164, 165, 166, 167, 168, 169, 170, 171, 171, 172, 173, 174, 175, 176, 177, 178, 179, 180, 180, 181, 10]","[0.99, 0.9, 0.9, 0.9, 0.9, 0.9, 0.9, 0.9, 0.9, 0.9, 0.9, 0.9, 0.9, 0.9, 0.9, 0.9, 0.9, 0.9, 0.9, 0.9, 0.9, 0.9, 0.9, 0.9, 0.9, 0.9, 0.9, 0.9, 1.0]",,0.5,0.5,0.05,0.03,3.0,2.0,False,"[10, 30, 30, 30, 30, 30, 30, 30, 30, 30, 30, 30, 30, 30, 30, 30, 30, 30, 30, 30, 30, 30, 30, 30, 30, 30, 30, 30, 10]",All,ModelStateDict1744271225.34056.pt,,10,1515,8,results/BigModel(OntologyWaypoints).csv,1152833,2025-04-10 07:39:34.296955,x86_64,NVIDIA GeForce RTX 2080 Ti,"_CudaDeviceProperties(name='NVIDIA GeForce RTX 2080 Ti', major=7, minor=5, total_memory=11004MB, multi_processor_count=68)",0.0759375095367431,0.0193323395763341,ModelStateDict-Waypoint_0-1744270783.789167.pt,0.0067726987110339,ModelStateDict-Waypoint_1-1744270820.2865813.pt,0.0102147891116301,ModelStateDict-Waypoint_2-1744270855.1516557.pt,0.0040178570771134,ModelStateDict-Waypoint_3-1744270890.0478935.pt,0.0032484961539623,ModelStateDict-Waypoint_4-1744270926.966717.pt,0.0027166192163717,ModelStateDict-Waypoint_5-1744270961.9395256.pt,0.0025957916765929,ModelStateDict-Waypoint_6-1744270997.2515485.pt,0.002429881878845,ModelStateDict-Waypoint_7-1744271032.0425677.pt,0.002324191768771,ModelStateDict-Waypoint_8-1744271067.5540805.pt,0.0023275639571622,ModelStateDict-Waypoint_9-1744271102.050585.pt,0.0022308943723352,ModelStateDict-Waypoint_10-1744271136.7565448.pt,0.0021965322851614,ModelStateDict-Waypoint_11-1744271172.5936086.pt,0.0021466665339714,ModelStateDict-Waypoint_12-1744271208.8691604.pt,443.8744626045227,310.78399999999965,32634368.0,18113.0,4528.0,36.793851152062416,0.9250215755648408,0.6440254693984135,0.0,0.9133696434076662,0.993821138211382,0.9433209153805217,0.9583333333333334,0.0,0.6408376963350786,1.0,0.9905719673161534,0.0,0.0,"[0.9133696434076662, 0.9938211382113821, 0.9433209153805215, 0.9583333333333334, 0.0, 0.6408376963350786, 1.0, 0.9905719673161534, 0.0, 0.0]",0.0020313504749109,11.141521468758585,0.9195978137113942,0.6301291507895563,0.0,0.9058481957693902,0.9871794871794872,0.9516397998888272,0.8148148148148148,0.0,0.657243816254417,1.0,0.9845653939886272,0.0,0.0,"[0.9058481957693902, 0.9871794871794872, 0.9516397998888271, 0.8148148148148148, 0.0, 0.657243816254417, 1.0, 0.9845653939886271, 0.0, 0.0]",0.0024605833632417,0.0,6.532671928405762,1228147.0,1233435.0,0.0,0.0,0.0,"1515/175, 175/176, 176/177, 177/178, 178/179, 179/180, 180/181, 181/182, 182/183, 183/184, 184/185, 185/186, 186/187, 187/188, 188/189, 189/190, 190/191, 191/192, 192/193, 193/194, 194/195, 195/196, 196/197, 197/198, 198/199, 199/200, 200/201, 201/202, 202/10","1515/175, 175/176, 176/177, 177/178, 178/179, 179/180, 180/181, 181/182, 182/183, 183/184, 184/185, 185/186, 186/187, 187/188, 188/189, 189/190, 190/191, 191/192, 192/193, 193/194, 194/195, 195/196, 196/197, 197/198, 198/199, 199/200, 200/201, 201/202, 202/10",52219.0
24,v1.50 - 189,0,CrossEntropy,Adam,9e-05,1,50,MainLinear,0.0002,27,175,ACI,100,0.2,0,-2,3,cuda,0.0005,0.0015,"[173, 158, 159, 160, 161, 162, 162, 163, 164, 165, 166, 167, 168, 169, 170, 171, 171, 172, 173, 174, 175, 176, 177, 178, 179, 180, 180, 181, 10]","[0.99, 0.9, 0.9, 0.9, 0.9, 0.9, 0.9, 0.9, 0.9, 0.9, 0.9, 0.9, 0.9, 0.9, 0.9, 0.9, 0.9, 0.9, 0.9, 0.9, 0.9, 0.9, 0.9, 0.9, 0.9, 0.9, 0.9, 0.9, 1.0]",,0.5,0.5,0.05,0.03,3.0,2.0,False,"[10, 30, 30, 30, 30, 30, 30, 30, 30, 30, 30, 30, 30, 30, 30, 30, 30, 30, 30, 30, 30, 30, 30, 30, 30, 30, 30, 30, 10]",All,ModelStateDict1744271526.9983013.pt,,10,1515,8,results/BigModel(OntologyWaypoints).csv,3070634,2025-04-10 07:44:30.514872,x86_64,NVIDIA GeForce RTX 2080 Ti,"_CudaDeviceProperties(name='NVIDIA GeForce RTX 2080 Ti', major=7, minor=5, total_memory=11004MB, multi_processor_count=68)",0.0670409202575683,0.0192201782061342,ModelStateDict-Waypoint_0-1744271081.5923889.pt,0.007059019527252,ModelStateDict-Waypoint_1-1744271118.6044242.pt,0.0042168411016398,ModelStateDict-Waypoint_2-1744271155.2584627.pt,0.0048724114499981,ModelStateDict-Waypoint_3-1744271191.9551935.pt,0.0034246134651376,ModelStateDict-Waypoint_4-1744271226.075349.pt,0.0039946590418358,ModelStateDict-Waypoint_5-1744271262.0168633.pt,0.0024474996287549,ModelStateDict-Waypoint_6-1744271297.1819932.pt,0.0024778910615946,ModelStateDict-Waypoint_7-1744271333.7272358.pt,0.0019722999426442,ModelStateDict-Waypoint_8-1744271370.2680316.pt,0.0019312948177726,ModelStateDict-Waypoint_9-1744271404.4479446.pt,0.0018502886095539,ModelStateDict-Waypoint_10-1744271439.4912865.pt,0.0019019672680334,ModelStateDict-Waypoint_11-1744271474.4981942.pt,0.0017854510890054,ModelStateDict-Waypoint_12-1744271511.706577.pt,449.60074400901794,-87.04409600000145,32634368.0,18113.0,4528.0,29.00120362266898,0.9424111774491696,0.6669935591004873,0.0,0.9570188439551132,0.9911332179930796,0.956902267603766,0.8867924528301887,0.0,0.6021297192642788,0.998825601879037,0.9872784150156412,0.0,0.2898550724637681,"[0.9570188439551133, 0.9911332179930796, 0.9569022676037661, 0.8867924528301887, 0.0, 0.6021297192642788, 0.998825601879037, 0.9872784150156413, 0.0, 0.2898550724637681]",0.0016011264629089,9.18511413037777,0.9325417206307132,0.6682460965771201,0.0,0.9414780008543358,0.985939497230507,0.958170663692136,0.9565217391304348,0.0,0.6291390728476821,0.9951690821256038,0.979822437449556,0.0,0.2362204724409448,"[0.9414780008543358, 0.985939497230507, 0.9581706636921361, 0.9565217391304348, 0.0, 0.6291390728476821, 0.9951690821256038, 0.9798224374495561, 0.0, 0.23622047244094488]",0.0020285146047654,0.0,6.41266942024231,1228147.0,1233435.0,0.0,0.0,0.0,"1515/175, 175/176, 176/177, 177/178, 178/179, 179/180, 180/181, 181/182, 182/183, 183/184, 184/185, 185/186, 186/187, 187/188, 188/189, 189/190, 190/191, 191/192, 192/193, 193/194, 194/195, 195/196, 196/197, 197/198, 198/199, 199/200, 200/201, 201/202, 202/10","1515/175, 175/176, 176/177, 177/178, 178/179, 179/180, 180/181, 181/182, 182/183, 183/184, 184/185, 185/186, 186/187, 187/188, 188/189, 189/190, 190/191, 191/192, 192/193, 193/194, 194/195, 195/196, 196/197, 197/198, 198/199, 199/200, 200/201, 201/202, 202/10",52219.0
25,v1.50 - 189,0,CrossEntropy,Adam,9e-05,1,50,MainLinear,0.0002,27,175,ACI,100,0.2,0,-2,3,cuda,0.0005,0.0015,"[173, 158, 159, 160, 161, 162, 162, 163, 164, 165, 166, 167, 168, 169, 170, 171, 171, 172, 173, 174, 175, 176, 177, 178, 179, 180, 180, 181, 10]","[0.99, 0.9, 0.9, 0.9, 0.9, 0.9, 0.9, 0.9, 0.9, 0.9, 0.9, 0.9, 0.9, 0.9, 0.9, 0.9, 0.9, 0.9, 0.9, 0.9, 0.9, 0.9, 0.9, 0.9, 0.9, 0.9, 0.9, 0.9, 1.0]",,0.5,0.5,0.05,0.03,3.0,2.0,False,"[10, 30, 30, 30, 30, 30, 30, 30, 30, 30, 30, 30, 30, 30, 30, 30, 30, 30, 30, 30, 30, 30, 30, 30, 30, 30, 30, 30, 10]",All,ModelStateDict1744271573.6642356.pt,,10,1515,8,results/BigModel(OntologyWaypoints).csv,1024400,2025-04-10 07:45:40.517193,x86_64,NVIDIA GeForce RTX 2080 Ti,"_CudaDeviceProperties(name='NVIDIA GeForce RTX 2080 Ti', major=7, minor=5, total_memory=11004MB, multi_processor_count=68)",0.0915558338165283,0.0193858734849129,ModelStateDict-Waypoint_0-1744271150.5684028.pt,0.0072804637825456,ModelStateDict-Waypoint_1-1744271184.8589456.pt,0.0058869458370954,ModelStateDict-Waypoint_2-1744271219.9182074.pt,0.0038346161873871,ModelStateDict-Waypoint_3-1744271253.1868215.pt,0.0034500039397784,ModelStateDict-Waypoint_4-1744271287.5123768.pt,0.0031534804515912,ModelStateDict-Waypoint_5-1744271318.7892792.pt,0.0022874129111878,ModelStateDict-Waypoint_6-1744271353.7424116.pt,0.0025037965744327,ModelStateDict-Waypoint_7-1744271389.3340032.pt,0.0016747031774054,ModelStateDict-Waypoint_8-1744271424.63524.pt,0.0015902791450125,ModelStateDict-Waypoint_9-1744271454.2884972.pt,0.0015357450881284,ModelStateDict-Waypoint_10-1744271489.9636173.pt,0.0014842641391532,ModelStateDict-Waypoint_11-1744271523.7343404.pt,0.0015341740370797,ModelStateDict-Waypoint_12-1744271558.0389733.pt,426.108024597168,-32.46899199999825,32634368.0,18113.0,4528.0,23.36961943097413,0.9524410686017224,0.6517390609042081,0.0,0.953981008035062,0.9953347076055116,0.9838391801340164,0.0,0.7052631578947368,0.74375,0.999412455934195,0.9953742640874684,0.0,0.1404358353510895,"[0.9539810080350621, 0.9953347076055116, 0.9838391801340165, 0.0, 0.7052631578947368, 0.74375, 0.999412455934195, 0.9953742640874684, 0.0, 0.14043583535108958]",0.0012902125231035,7.298413045704365,0.9443072690358963,0.6474456310811176,0.0,0.9440941572089112,0.9880546075085324,0.9776810016330976,0.0,0.7058823529411765,0.7601476014760148,0.9987878787878788,0.9967159277504104,0.0,0.1030927835051546,"[0.9440941572089113, 0.9880546075085325, 0.9776810016330975, 0.0, 0.7058823529411765, 0.7601476014760148, 0.9987878787878788, 0.9967159277504105, 0.0, 0.10309278350515463]",0.0016118403369488,0.0,6.415460586547852,1228147.0,1233435.0,0.0,0.0,0.0,"1515/175, 175/176, 176/177, 177/178, 178/179, 179/180, 180/181, 181/182, 182/183, 183/184, 184/185, 185/186, 186/187, 187/188, 188/189, 189/190, 190/191, 191/192, 192/193, 193/194, 194/195, 195/196, 196/197, 197/198, 198/199, 199/200, 200/201, 201/202, 202/10","1515/175, 175/176, 176/177, 177/178, 178/179, 179/180, 180/181, 181/182, 182/183, 183/184, 184/185, 185/186, 186/187, 187/188, 188/189, 189/190, 190/191, 191/192, 192/193, 193/194, 194/195, 195/196, 196/197, 197/198, 198/199, 199/200, 200/201, 201/202, 202/10",52219.0
