,Version,Notes,LossFunction,Optimizer,LearningRate,SchedulerLR,NumberOfEpochs,ModelStructure,Dropout,HiddenDim,HiddenDimSize,DatasetName,BatchSize,TrainTest,MaxSamples,Dataparallel,NumberOfWorkers,Device,AlphaForADMM,RhoForADMM,LayerPruneTargets,WeightPrunePercent,PruningSelection,BERTTheseusStartingLearningRate,BERTTheseusLearningRateModifier,AlphaForTOFD,BetaForTOFD,tForTOFD,DAISRegularizerScale,LassoForDAIS,LayerIteration,TheseusRequiredGrads,SaveLocation,FromSaveLocation,NumClasses,NumFeatures,NumberWeightsplits,ResultsPath,ProcessID,StartTime,cpuModel,gpuModel,gpuInfo,TimeForPrune,Epoch waypoint 0 mean_loss,-Waypoint_0-,Epoch waypoint 1 mean_loss,-Waypoint_1-,Epoch waypoint 2 mean_loss,-Waypoint_2-,Epoch waypoint 3 mean_loss,-Waypoint_3-,Epoch waypoint 4 mean_loss,-Waypoint_4-,TimeForPruneAndRetrain,Memory,CudaMemory,LengthOfTrainingData,LengthOfValidationData,total_loss,f1_score_weight,f1_score_macro,additive_loss,f1_scores_all_0,f1_scores_all_1,f1_scores_all_2,f1_scores_all_3,f1_scores_all_4,f1_scores_all_5,f1_scores_all_6,f1_scores_all_7,f1_scores_all_8,f1_scores_all_9,f1_scores_all,mean_loss,val_total_loss,val_f1_score_weight,val_f1_score_macro,val_additive_loss,val_f1_scores_all_0,val_f1_scores_all_1,val_f1_scores_all_2,val_f1_scores_all_3,val_f1_scores_all_4,val_f1_scores_all_5,val_f1_scores_all_6,val_f1_scores_all_7,val_f1_scores_all_8,val_f1_scores_all_9,val_f1_scores_all,val_mean_loss,epoch,TimeForRun,macs,parameters,NumberOfZeros,Zeroed_filter_inputs,Zeroed_filter_outputs,ModelWeightStructure,ModelWeightStructurePruneZero,GarbageCollectionSizeTotal,AssociatedOriginalRow,NumberWeightSplits
0,v0.131 - 131,0,CrossEntropy,Adam,0.0009,1,150,MainLinear,0.0002,27,175,ACI,100,0.2,0,-2,3,cuda,0.0005,0.0015,"[173, 158, 159, 160, 161, 162, 162, 163, 164, 165, 166, 167, 168, 169, 170, 171, 171, 172, 173, 174, 175, 176, 177, 178, 179, 180, 180, 181, 10]","[0.99, 0.9, 0.9, 0.9, 0.9, 0.9, 0.9, 0.9, 0.9, 0.9, 0.9, 0.9, 0.9, 0.9, 0.9, 0.9, 0.9, 0.9, 0.9, 0.9, 0.9, 0.9, 0.9, 0.9, 0.9, 0.9, 0.9, 0.9, 1.0]",,0.5,0.5,0.05,0.03,3.0,2.0,False,"[10, 30, 30, 30, 30, 30, 30, 30, 30, 30, 30, 30, 30, 30, 30, 30, 30, 30, 30, 30, 30, 30, 30, 30, 30, 30, 30, 30, 10]",All,ModelStateDict1731477930.1655464.pt,,10,1515,8.0,,2189233,42:04.2,x86_64,NVIDIA GeForce GTX TITAN X,"_CudaDeviceProperties(name='NVIDIA GeForce GTX TITAN X', major=5, minor=2, total_memory=12200MB, multi_processor_count=24)",0.049983263,0.00268237,ModelStateDict-Waypoint_0-1731476797.1967444.pt,0.001281816,ModelStateDict-Waypoint_1-1731477074.9885566.pt,0.001088225,ModelStateDict-Waypoint_2-1731477354.176067.pt,0.001059083,ModelStateDict-Waypoint_3-1731477631.9289203.pt,0.001065636,ModelStateDict-Waypoint_4-1731477913.930499.pt,1399.480987,16.543744,32634368.0,18113.0,4528.0,17.38100043,0.966621913,0.776387754,0.0,0.956144068,0.99598655,0.992311771,0.776859504,0.690721649,0.780379041,1.0,0.996836111,0.0,0.574638844,"[0.9561440677966102, 0.9959865495173013, 0.9923117709437964, 0.7768595041322314, 0.6907216494845361, 0.7803790412486065, 1.0, 0.9968361105252056, 0.0, 0.5746388443017657]",0.000959587,6.614524657,0.954416773,0.763095936,0.0,0.942035208,0.990598291,0.983516484,0.785714286,0.692307692,0.76119403,1.0,0.995073892,0.0,0.480519481,"[0.9420352082438815, 0.9905982905982906, 0.9835164835164835, 0.7857142857142857, 0.6923076923076923, 0.7611940298507462, 1.0, 0.9950738916256158, 0.0, 0.4805194805194805]",0.001460805,0.0,6.026474476,1228147.0,1233435.0,0.0,0.0,0.0,"1515/175, 175/176, 176/177, 177/178, 178/179, 179/180, 180/181, 181/182, 182/183, 183/184, 184/185, 185/186, 186/187, 187/188, 188/189, 189/190, 190/191, 191/192, 192/193, 193/194, 194/195, 195/196, 196/197, 197/198, 198/199, 199/200, 200/201, 201/202, 202/10","1515/175, 175/176, 176/177, 177/178, 178/179, 179/180, 180/181, 181/182, 182/183, 183/184, 184/185, 185/186, 186/187, 187/188, 188/189, 189/190, 190/191, 191/192, 192/193, 193/194, 194/195, 195/196, 196/197, 197/198, 198/199, 199/200, 200/201, 201/202, 202/10",52219.0,,
1,v0.131 - 131,0,CrossEntropy,Adam,0.0009,1,150,MainLinear,0.0002,27,175,ACI,100,0.2,0,-2,3,cuda,0.0005,0.0015,"[173, 158, 159, 160, 161, 162, 162, 163, 164, 165, 166, 167, 168, 169, 170, 171, 171, 172, 173, 174, 175, 176, 177, 178, 179, 180, 180, 181, 10]","[0.99, 0.9, 0.9, 0.9, 0.9, 0.9, 0.9, 0.9, 0.9, 0.9, 0.9, 0.9, 0.9, 0.9, 0.9, 0.9, 0.9, 0.9, 0.9, 0.9, 0.9, 0.9, 0.9, 0.9, 0.9, 0.9, 0.9, 0.9, 1.0]",,0.5,0.5,0.05,0.03,3.0,2.0,False,"[10, 30, 30, 30, 30, 30, 30, 30, 30, 30, 30, 30, 30, 30, 30, 30, 30, 30, 30, 30, 30, 30, 30, 30, 30, 30, 30, 30, 10]",All,ModelStateDict1731478143.0979779.pt,,10,1515,8.0,,3186026,42:04.7,x86_64,NVIDIA GeForce GTX TITAN X,"_CudaDeviceProperties(name='NVIDIA GeForce GTX TITAN X', major=5, minor=2, total_memory=12200MB, multi_processor_count=24)",0.075159311,0.003911202,ModelStateDict-Waypoint_0-1731476843.6061594.pt,0.00142401,ModelStateDict-Waypoint_1-1731477161.3382988.pt,0.001118974,ModelStateDict-Waypoint_2-1731477488.6869912.pt,0.001100935,ModelStateDict-Waypoint_3-1731477807.1599326.pt,0.001106482,ModelStateDict-Waypoint_4-1731478125.1422489.pt,1611.377825,16595.1488,32634368.0,18113.0,4528.0,17.87448933,0.965975889,0.752078257,0.0,0.962054751,0.995878525,0.99309429,0.623853211,0.64573991,0.736596737,0.999412456,0.994120118,0.0,0.570032573,"[0.962054751083395, 0.9958785249457701, 0.9930942895086321, 0.6238532110091743, 0.6457399103139013, 0.7365967365967366, 0.999412455934195, 0.9941201175976481, 0.0, 0.5700325732899023]",0.000986832,6.813897777,0.955027509,0.730582595,0.0,0.949399657,0.989734816,0.988416988,0.538461538,0.64516129,0.75,0.99637243,0.995898277,0.0,0.452380952,"[0.9493996569468267, 0.9897348160821214, 0.9884169884169884, 0.5384615384615384, 0.6451612903225806, 0.75, 0.9963724304715841, 0.9958982772764561, 0.0, 0.4523809523809524]",0.001504836,0.0,6.541554928,1228147.0,1233435.0,0.0,0.0,0.0,"1515/175, 175/176, 176/177, 177/178, 178/179, 179/180, 180/181, 181/182, 182/183, 183/184, 184/185, 185/186, 186/187, 187/188, 188/189, 189/190, 190/191, 191/192, 192/193, 193/194, 194/195, 195/196, 196/197, 197/198, 198/199, 199/200, 200/201, 201/202, 202/10","1515/175, 175/176, 176/177, 177/178, 178/179, 179/180, 180/181, 181/182, 182/183, 183/184, 184/185, 185/186, 186/187, 187/188, 188/189, 189/190, 190/191, 191/192, 192/193, 193/194, 194/195, 195/196, 196/197, 197/198, 198/199, 199/200, 200/201, 201/202, 202/10",52219.0,,
2,v0.131 - 131,0,CrossEntropy,Adam,0.0009,1,150,MainLinear,0.0002,27,175,ACI,100,0.2,0,-2,3,cuda,0.0005,0.0015,"[173, 158, 159, 160, 161, 162, 162, 163, 164, 165, 166, 167, 168, 169, 170, 171, 171, 172, 173, 174, 175, 176, 177, 178, 179, 180, 180, 181, 10]","[0.99, 0.9, 0.9, 0.9, 0.9, 0.9, 0.9, 0.9, 0.9, 0.9, 0.9, 0.9, 0.9, 0.9, 0.9, 0.9, 0.9, 0.9, 0.9, 0.9, 0.9, 0.9, 0.9, 0.9, 0.9, 0.9, 0.9, 0.9, 1.0]",,0.5,0.5,0.05,0.03,3.0,2.0,False,"[10, 30, 30, 30, 30, 30, 30, 30, 30, 30, 30, 30, 30, 30, 30, 30, 30, 30, 30, 30, 30, 30, 30, 30, 30, 30, 30, 30, 10]",All,ModelStateDict1731477998.6417298.pt,,10,1515,8.0,,3186027,42:04.7,x86_64,NVIDIA GeForce GTX TITAN X,"_CudaDeviceProperties(name='NVIDIA GeForce GTX TITAN X', major=5, minor=2, total_memory=12200MB, multi_processor_count=24)",0.09783411,0.002053829,ModelStateDict-Waypoint_0-1731476800.5058885.pt,0.000841842,ModelStateDict-Waypoint_1-1731477084.2609434.pt,0.000771913,ModelStateDict-Waypoint_2-1731477395.0594895.pt,0.000717609,ModelStateDict-Waypoint_3-1731477691.542767.pt,0.000741904,ModelStateDict-Waypoint_4-1731477981.678177.pt,1466.801388,18230.40717,32634368.0,18113.0,4528.0,11.34104676,0.978591397,0.823945448,0.0,0.974495785,0.996422764,0.997470377,0.958333333,0.701570681,0.846927374,1.0,0.997256805,0.0,0.766977364,"[0.9744957848682104, 0.9964227642276423, 0.9974703767807216, 0.9583333333333334, 0.7015706806282722, 0.846927374301676, 1.0, 0.9972568052331715, 0.0, 0.7669773635153129]",0.000626127,5.016436669,0.967128839,0.811943894,0.0,0.96010296,0.990598291,0.990602543,0.956521739,0.705882353,0.86381323,0.995169082,0.997530864,0.0,0.659217877,"[0.9601029601029601, 0.9905982905982906, 0.9906025428413489, 0.9565217391304348, 0.7058823529411765, 0.8638132295719845, 0.9951690821256038, 0.9975308641975309, 0.0, 0.659217877094972]",0.00110787,0.0,6.627720118,1228147.0,1233435.0,0.0,0.0,0.0,"1515/175, 175/176, 176/177, 177/178, 178/179, 179/180, 180/181, 181/182, 182/183, 183/184, 184/185, 185/186, 186/187, 187/188, 188/189, 189/190, 190/191, 191/192, 192/193, 193/194, 194/195, 195/196, 196/197, 197/198, 198/199, 199/200, 200/201, 201/202, 202/10","1515/175, 175/176, 176/177, 177/178, 178/179, 179/180, 180/181, 181/182, 182/183, 183/184, 184/185, 185/186, 186/187, 187/188, 188/189, 189/190, 190/191, 191/192, 192/193, 193/194, 194/195, 195/196, 196/197, 197/198, 198/199, 199/200, 200/201, 201/202, 202/10",52219.0,,
3,v1.12 - 151,0,CrossEntropy,Adam,0.0009,1,50,MainLinear,0.0002,27,175,ACI,100,0.2,0,-2,3,cuda,0.0005,0.0015,"[108, 98, 99, 99, 100, 100, 101, 101, 102, 103, 103, 104, 104, 105, 105, 106, 106, 107, 108, 108, 109, 109, 110, 110, 111, 112, 112, 113, 10]","[0.62, 0.56, 0.56, 0.56, 0.56, 0.56, 0.56, 0.56, 0.56, 0.56, 0.56, 0.56, 0.56, 0.56, 0.56, 0.56, 0.56, 0.56, 0.56, 0.56, 0.56, 0.56, 0.56, 0.56, 0.56, 0.56, 0.56, 0.56, 1.0]",TOFD,0.5,0.5,0.05,0.03,3.0,2.0,False,"[10, 30, 30, 30, 30, 30, 30, 30, 30, 30, 30, 30, 30, 30, 30, 30, 30, 30, 30, 30, 30, 30, 30, 30, 30, 30, 30, 30, 10]",All,models_for_ontology/2-ModelStateDict1731477930.1655464.pt,ModelStateDict1731477930.1655464.pt,10,1515,,results/BigModel(toOntology).csv,964513,2025-02-11 04:47:11.222689,x86_64,NVIDIA GeForce RTX 2080 Ti,"_CudaDeviceProperties(name='NVIDIA GeForce RTX 2080 Ti', major=7, minor=5, total_memory=11004MB, multi_processor_count=68)",982.3762481212616,,,,,,,,,,,987.5969088077544,-147.6812800000007,18948096.0,18113.0,4528.0,406.5967664718628,0.104764150499447,0.0408347978910369,0.0,0.408347978910369,0.0,0.0,0.0,0.0,0.0,0.0,0.0,0.0,0.0,"[0.40834797891036906, 0.0, 0.0, 0.0, 0.0, 0.0, 0.0, 0.0, 0.0, 0.0]",0.0224477870298604,102.86366891860962,0.1033611666935162,0.0405914451681042,0.0,0.405914451681042,0.0,0.0,0.0,0.0,0.0,0.0,0.0,0.0,0.0,"[0.40591445168104207, 0.0, 0.0, 0.0, 0.0, 0.0, 0.0, 0.0, 0.0, 0.0]",0.0227172413689508,0.0,5.804057598114014,471678.0,474669.0,0.0,0.0,0.0,"1515/109, 109/99, 99/100, 100/100, 100/101, 101/101, 101/102, 102/102, 102/103, 103/104, 104/104, 104/105, 105/105, 105/106, 106/106, 106/107, 107/107, 107/108, 108/109, 109/109, 109/110, 110/110, 110/111, 111/111, 111/112, 112/113, 113/113, 113/114, 114/10","1515/109, 109/99, 99/100, 100/100, 100/101, 101/101, 101/102, 102/102, 102/103, 103/104, 104/104, 104/105, 105/105, 105/106, 106/106, 106/107, 107/107, 107/108, 108/109, 109/109, 109/110, 110/110, 110/111, 111/111, 111/112, 112/113, 113/113, 113/114, 114/10",28071.0,0.0,1.0
4,v1.12 - 151,0,CrossEntropy,Adam,0.0009,1,50,MainLinear,0.0002,27,175,ACI,100,0.2,0,-2,3,cuda,0.0005,0.0015,"[108, 98, 99, 99, 100, 100, 101, 101, 102, 103, 103, 104, 104, 105, 105, 106, 106, 107, 108, 108, 109, 109, 110, 110, 111, 112, 112, 113, 10]","[0.62, 0.56, 0.56, 0.56, 0.56, 0.56, 0.56, 0.56, 0.56, 0.56, 0.56, 0.56, 0.56, 0.56, 0.56, 0.56, 0.56, 0.56, 0.56, 0.56, 0.56, 0.56, 0.56, 0.56, 0.56, 0.56, 0.56, 0.56, 1.0]",TOFD,0.5,0.5,0.05,0.03,3.0,2.0,False,"[10, 30, 30, 30, 30, 30, 30, 30, 30, 30, 30, 30, 30, 30, 30, 30, 30, 30, 30, 30, 30, 30, 30, 30, 30, 30, 30, 30, 10]",All,models_for_ontology/2-ModelStateDict1731478143.0979779.pt,ModelStateDict1731478143.0979779.pt,10,1515,,results/BigModel(toOntology).csv,971190,2025-02-11 05:03:51.062875,x86_64,NVIDIA GeForce RTX 2080 Ti,"_CudaDeviceProperties(name='NVIDIA GeForce RTX 2080 Ti', major=7, minor=5, total_memory=11004MB, multi_processor_count=68)",973.4742832183838,,,,,,,,,,,978.7649304866792,217.73516800000016,18948096.0,18113.0,4528.0,403.9768633842468,0.104764150499447,0.0408347978910369,0.0,0.408347978910369,0.0,0.0,0.0,0.0,0.0,0.0,0.0,0.0,0.0,"[0.40834797891036906, 0.0, 0.0, 0.0, 0.0, 0.0, 0.0, 0.0, 0.0, 0.0]",0.0223031448895404,102.2224850654602,0.1033611666935162,0.0405914451681042,0.0,0.405914451681042,0.0,0.0,0.0,0.0,0.0,0.0,0.0,0.0,0.0,"[0.40591445168104207, 0.0, 0.0, 0.0, 0.0, 0.0, 0.0, 0.0, 0.0, 0.0]",0.0225756371610998,0.0,7.541950702667236,471678.0,474669.0,0.0,0.0,0.0,"1515/109, 109/99, 99/100, 100/100, 100/101, 101/101, 101/102, 102/102, 102/103, 103/104, 104/104, 104/105, 105/105, 105/106, 106/106, 106/107, 107/107, 107/108, 108/109, 109/109, 109/110, 110/110, 110/111, 111/111, 111/112, 112/113, 113/113, 113/114, 114/10","1515/109, 109/99, 99/100, 100/100, 100/101, 101/101, 101/102, 102/102, 102/103, 103/104, 104/104, 104/105, 105/105, 105/106, 106/106, 106/107, 107/107, 107/108, 108/109, 109/109, 109/110, 110/110, 110/111, 111/111, 111/112, 112/113, 113/113, 113/114, 114/10",28071.0,1.0,1.0
5,v1.12 - 151,0,CrossEntropy,Adam,0.0009,1,50,MainLinear,0.0002,27,175,ACI,100,0.2,0,-2,3,cuda,0.0005,0.0015,"[108, 98, 99, 99, 100, 100, 101, 101, 102, 103, 103, 104, 104, 105, 105, 106, 106, 107, 108, 108, 109, 109, 110, 110, 111, 112, 112, 113, 10]","[0.62, 0.56, 0.56, 0.56, 0.56, 0.56, 0.56, 0.56, 0.56, 0.56, 0.56, 0.56, 0.56, 0.56, 0.56, 0.56, 0.56, 0.56, 0.56, 0.56, 0.56, 0.56, 0.56, 0.56, 0.56, 0.56, 0.56, 0.56, 1.0]",BERT_theseus_training|BERT_theseus,0.5,0.5,0.05,0.03,3.0,2.0,False,"[10, 30, 30, 30, 30, 30, 30, 30, 30, 30, 30, 30, 30, 30, 30, 30, 30, 30, 30, 30, 30, 30, 30, 30, 30, 30, 30, 30, 10]",All,models_for_ontology/4-ModelStateDict1731477930.1655464.pt,ModelStateDict1731477930.1655464.pt,10,1515,,results/BigModel(toOntology).csv,2688883,2025-02-11 05:18:52.353775,x86_64,NVIDIA GeForce RTX 2080 Ti,"_CudaDeviceProperties(name='NVIDIA GeForce RTX 2080 Ti', major=7, minor=5, total_memory=11004MB, multi_processor_count=68)",2880.2670216560364,0.0175432602283686,,0.017542691534309,,0.0175426022046736,,0.0175417378731555,,0.0175417219132081,,3250.735369205475,1238.7532799999972,37574144.0,18113.0,4528.0,317.73140347003937,0.104764150499447,0.0408347978910369,0.0,0.408347978910369,0.0,0.0,0.0,0.0,0.0,0.0,0.0,0.0,0.0,"[0.40834797891036906, 0.0, 0.0, 0.0, 0.0, 0.0, 0.0, 0.0, 0.0, 0.0]",0.0175416222309964,81.00012862682343,0.1033611666935162,0.0405914451681042,0.0,0.405914451681042,0.0,0.0,0.0,0.0,0.0,0.0,0.0,0.0,0.0,"[0.40591445168104207, 0.0, 0.0, 0.0, 0.0, 0.0, 0.0, 0.0, 0.0, 0.0]",0.0178887209864892,0.0,6.266852617263794,1228147.0,1233435.0,0.0,0.0,0.0,"1515/175, 175/176, 176/177, 177/178, 178/179, 179/180, 180/181, 181/182, 182/183, 183/184, 184/185, 185/186, 186/187, 187/188, 188/189, 189/190, 190/191, 191/192, 192/193, 193/194, 194/195, 195/196, 196/197, 197/198, 198/199, 199/200, 200/201, 201/202, 202/10","1515/175, 175/176, 176/177, 177/178, 178/179, 179/180, 180/181, 181/182, 182/183, 183/184, 184/185, 185/186, 186/187, 187/188, 188/189, 189/190, 190/191, 191/192, 192/193, 193/194, 194/195, 195/196, 196/197, 197/198, 198/199, 199/200, 200/201, 201/202, 202/10",86901.0,0.0,1.0
6,v1.12 - 151,0,CrossEntropy,Adam,0.0009,1,50,MainLinear,0.0002,27,175,ACI,100,0.2,0,-2,3,cuda,0.0005,0.0015,"[108, 98, 99, 99, 100, 100, 101, 101, 102, 103, 103, 104, 104, 105, 105, 106, 106, 107, 108, 108, 109, 109, 110, 110, 111, 112, 112, 113, 10]","[0.62, 0.56, 0.56, 0.56, 0.56, 0.56, 0.56, 0.56, 0.56, 0.56, 0.56, 0.56, 0.56, 0.56, 0.56, 0.56, 0.56, 0.56, 0.56, 0.56, 0.56, 0.56, 0.56, 0.56, 0.56, 0.56, 0.56, 0.56, 1.0]",TOFD,0.5,0.5,0.05,0.03,3.0,2.0,False,"[10, 30, 30, 30, 30, 30, 30, 30, 30, 30, 30, 30, 30, 30, 30, 30, 30, 30, 30, 30, 30, 30, 30, 30, 30, 30, 30, 30, 10]",All,models_for_ontology/2-ModelStateDict1731477998.6417298.pt,ModelStateDict1731477998.6417298.pt,10,1515,,results/BigModel(toOntology).csv,976402,2025-02-11 05:20:44.472196,x86_64,NVIDIA GeForce RTX 2080 Ti,"_CudaDeviceProperties(name='NVIDIA GeForce RTX 2080 Ti', major=7, minor=5, total_memory=11004MB, multi_processor_count=68)",976.2156248092653,,,,,,,,,,,981.2736074924468,-66.5600000000004,18948096.0,18113.0,4528.0,403.7644896507263,0.104764150499447,0.0408347978910369,0.0,0.408347978910369,0.0,0.0,0.0,0.0,0.0,0.0,0.0,0.0,0.0,"[0.40834797891036906, 0.0, 0.0, 0.0, 0.0, 0.0, 0.0, 0.0, 0.0, 0.0]",0.0222914199553208,102.2005455493927,0.1033611666935162,0.0405914451681042,0.0,0.405914451681042,0.0,0.0,0.0,0.0,0.0,0.0,0.0,0.0,0.0,"[0.40591445168104207, 0.0, 0.0, 0.0, 0.0, 0.0, 0.0, 0.0, 0.0, 0.0]",0.0225707918616149,0.0,5.785829544067383,471678.0,474669.0,0.0,0.0,0.0,"1515/109, 109/99, 99/100, 100/100, 100/101, 101/101, 101/102, 102/102, 102/103, 103/104, 104/104, 104/105, 105/105, 105/106, 106/106, 106/107, 107/107, 107/108, 108/109, 109/109, 109/110, 110/110, 110/111, 111/111, 111/112, 112/113, 113/113, 113/114, 114/10","1515/109, 109/99, 99/100, 100/100, 100/101, 101/101, 101/102, 102/102, 102/103, 103/104, 104/104, 104/105, 105/105, 105/106, 106/106, 106/107, 107/107, 107/108, 108/109, 109/109, 109/110, 110/110, 110/111, 111/111, 111/112, 112/113, 113/113, 113/114, 114/10",28071.0,2.0,1.0
7,v1.12 - 151,0,CrossEntropy,Adam,0.0009,1,50,MainLinear,0.0002,27,175,ACI,100,0.2,0,-2,3,cuda,0.0005,0.0015,"[108, 98, 99, 99, 100, 100, 101, 101, 102, 103, 103, 104, 104, 105, 105, 106, 106, 107, 108, 108, 109, 109, 110, 110, 111, 112, 112, 113, 10]","[0.62, 0.56, 0.56, 0.56, 0.56, 0.56, 0.56, 0.56, 0.56, 0.56, 0.56, 0.56, 0.56, 0.56, 0.56, 0.56, 0.56, 0.56, 0.56, 0.56, 0.56, 0.56, 0.56, 0.56, 0.56, 0.56, 0.56, 0.56, 1.0]",BERT_theseus_training|BERT_theseus,0.5,0.5,0.05,0.03,3.0,2.0,False,"[10, 30, 30, 30, 30, 30, 30, 30, 30, 30, 30, 30, 30, 30, 30, 30, 30, 30, 30, 30, 30, 30, 30, 30, 30, 30, 30, 30, 10]",All,models_for_ontology/4-ModelStateDict1731478143.0979779.pt,ModelStateDict1731478143.0979779.pt,10,1515,,results/BigModel(toOntology).csv,2755205,2025-02-11 06:13:30.495921,x86_64,NVIDIA GeForce RTX 2080 Ti,"_CudaDeviceProperties(name='NVIDIA GeForce RTX 2080 Ti', major=7, minor=5, total_memory=11004MB, multi_processor_count=68)",2884.167876958847,0.0175432404117081,,0.0175426651164827,,0.0175426093784231,,0.0175417337071156,,0.017541719070034,,3268.208560228348,-230.05184000000008,37574144.0,18113.0,4528.0,317.73128390312195,0.104764150499447,0.0408347978910369,0.0,0.408347978910369,0.0,0.0,0.0,0.0,0.0,0.0,0.0,0.0,0.0,"[0.40834797891036906, 0.0, 0.0, 0.0, 0.0, 0.0, 0.0, 0.0, 0.0, 0.0]",0.0175416156298306,81.00069093704224,0.1033611666935162,0.0405914451681042,0.0,0.405914451681042,0.0,0.0,0.0,0.0,0.0,0.0,0.0,0.0,0.0,"[0.40591445168104207, 0.0, 0.0, 0.0, 0.0, 0.0, 0.0, 0.0, 0.0, 0.0]",0.0178888451716082,0.0,6.093806982040405,1228147.0,1233435.0,0.0,0.0,0.0,"1515/175, 175/176, 176/177, 177/178, 178/179, 179/180, 180/181, 181/182, 182/183, 183/184, 184/185, 185/186, 186/187, 187/188, 188/189, 189/190, 190/191, 191/192, 192/193, 193/194, 194/195, 195/196, 196/197, 197/198, 198/199, 199/200, 200/201, 201/202, 202/10","1515/175, 175/176, 176/177, 177/178, 178/179, 179/180, 180/181, 181/182, 182/183, 183/184, 184/185, 185/186, 186/187, 187/188, 188/189, 189/190, 190/191, 191/192, 192/193, 193/194, 194/195, 195/196, 196/197, 197/198, 198/199, 199/200, 200/201, 201/202, 202/10",86901.0,1.0,1.0
8,v1.12 - 151,0,CrossEntropy,Adam,0.0009,1,50,MainLinear,0.0002,27,175,ACI,100,0.2,0,-2,3,cuda,0.0005,0.0015,"[108, 98, 99, 99, 100, 100, 101, 101, 102, 103, 103, 104, 104, 105, 105, 106, 106, 107, 108, 108, 109, 109, 110, 110, 111, 112, 112, 113, 10]","[0.62, 0.56, 0.56, 0.56, 0.56, 0.56, 0.56, 0.56, 0.56, 0.56, 0.56, 0.56, 0.56, 0.56, 0.56, 0.56, 0.56, 0.56, 0.56, 0.56, 0.56, 0.56, 0.56, 0.56, 0.56, 0.56, 0.56, 0.56, 1.0]",BERT_theseus_training|BERT_theseus,0.5,0.5,0.05,0.03,3.0,2.0,False,"[10, 30, 30, 30, 30, 30, 30, 30, 30, 30, 30, 30, 30, 30, 30, 30, 30, 30, 30, 30, 30, 30, 30, 30, 30, 30, 30, 30, 10]",All,models_for_ontology/4-ModelStateDict1731477998.6417298.pt,ModelStateDict1731477998.6417298.pt,10,1515,,results/BigModel(toOntology).csv,2756927,2025-02-11 07:08:39.204594,x86_64,NVIDIA GeForce RTX 2080 Ti,"_CudaDeviceProperties(name='NVIDIA GeForce RTX 2080 Ti', major=7, minor=5, total_memory=11004MB, multi_processor_count=68)",2903.024472475052,0.0175430781928284,,0.0175427325497285,,0.0175426968850048,,0.017541744125506,,0.0175417280997444,,3242.1827912330627,-11039.440896000002,37574144.0,18113.0,4528.0,317.7313326597214,0.104764150499447,0.0408347978910369,0.0,0.408347978910369,0.0,0.0,0.0,0.0,0.0,0.0,0.0,0.0,0.0,"[0.40834797891036906, 0.0, 0.0, 0.0, 0.0, 0.0, 0.0, 0.0, 0.0, 0.0]",0.017541618321632,81.00158369541168,0.1033611666935162,0.0405914451681042,0.0,0.405914451681042,0.0,0.0,0.0,0.0,0.0,0.0,0.0,0.0,0.0,"[0.40591445168104207, 0.0, 0.0, 0.0, 0.0, 0.0, 0.0, 0.0, 0.0, 0.0]",0.0178890423355591,0.0,6.125115633010864,1228147.0,1233435.0,0.0,0.0,0.0,"1515/175, 175/176, 176/177, 177/178, 178/179, 179/180, 180/181, 181/182, 182/183, 183/184, 184/185, 185/186, 186/187, 187/188, 188/189, 189/190, 190/191, 191/192, 192/193, 193/194, 194/195, 195/196, 196/197, 197/198, 198/199, 199/200, 200/201, 201/202, 202/10","1515/175, 175/176, 176/177, 177/178, 178/179, 179/180, 180/181, 181/182, 182/183, 183/184, 184/185, 185/186, 186/187, 187/188, 188/189, 189/190, 190/191, 191/192, 192/193, 193/194, 194/195, 195/196, 196/197, 197/198, 198/199, 199/200, 200/201, 201/202, 202/10",86901.0,2.0,1.0
9,v1.12 - 151,0,CrossEntropy,Adam,0.0009,1,50,MainLinear,0.0002,27,175,ACI,100,0.2,0,-2,3,cuda,0.0005,0.0015,"[108, 98, 99, 99, 100, 100, 101, 101, 102, 103, 103, 104, 104, 105, 105, 106, 106, 107, 108, 108, 109, 109, 110, 110, 111, 112, 112, 113, 10]","[0.62, 0.56, 0.56, 0.56, 0.56, 0.56, 0.56, 0.56, 0.56, 0.56, 0.56, 0.56, 0.56, 0.56, 0.56, 0.56, 0.56, 0.56, 0.56, 0.56, 0.56, 0.56, 0.56, 0.56, 0.56, 0.56, 0.56, 0.56, 1.0]",thinet,0.5,0.5,0.05,0.03,3.0,2.0,False,"[10, 30, 30, 30, 30, 30, 30, 30, 30, 30, 30, 30, 30, 30, 30, 30, 30, 30, 30, 30, 30, 30, 30, 30, 30, 30, 30, 30, 10]",All,models_for_ontology/6-ModelStateDict1731477930.1655464.pt,ModelStateDict1731477930.1655464.pt,10,1515,,results/BigModel(toOntology).csv,2758940,2025-02-11 07:47:43.336370,x86_64,NVIDIA GeForce RTX 2080 Ti,"_CudaDeviceProperties(name='NVIDIA GeForce RTX 2080 Ti', major=7, minor=5, total_memory=11004MB, multi_processor_count=68)",1955.4954838752749,0.1318959962727383,,0.0233709015869879,,0.0196924746552348,,0.0063791543153586,,0.005297444084764,,2378.789175748825,-57.364480000000185,22676480.0,18113.0,4528.0,40.1892571952194,0.9461225576272332,0.7316526315085283,0.0,0.935908691834943,0.9946952473746888,0.9867934495509773,1.0,0.5454545454545454,0.3339130434782609,0.9997061416397296,0.9978885135135136,0.0779220779220779,0.4442446043165468,"[0.935908691834943, 0.9946952473746887, 0.9867934495509773, 1.0, 0.5454545454545454, 0.3339130434782609, 0.9997061416397296, 0.9978885135135135, 0.07792207792207792, 0.4442446043165468]",0.0022188073314867,13.450361267663538,0.9339222801012922,0.7237696189403052,0.0,0.925503943908852,0.9872122762148338,0.9856512141280354,1.0,0.4631578947368421,0.2515723270440251,1.0,0.9975308641975308,0.2285714285714285,0.3984962406015037,"[0.9255039439088519, 0.9872122762148338, 0.9856512141280354, 1.0, 0.4631578947368421, 0.25157232704402516, 1.0, 0.9975308641975309, 0.22857142857142856, 0.39849624060150374]",0.0029704861456854,0.0,5.896518230438232,464441.0,467404.0,0.0,0.0,0.0,"1515/108, 108/98, 98/99, 99/99, 99/100, 100/100, 100/101, 101/101, 101/102, 102/103, 103/103, 103/104, 104/104, 104/105, 105/105, 105/106, 106/106, 106/107, 107/108, 108/108, 108/109, 109/109, 109/110, 110/110, 110/111, 111/112, 112/112, 112/113, 113/10","1515/108, 108/98, 98/99, 99/99, 99/100, 100/100, 100/101, 101/101, 101/102, 102/103, 103/103, 103/104, 104/104, 104/105, 105/105, 105/106, 106/106, 106/107, 107/108, 108/108, 108/109, 109/109, 109/110, 110/110, 110/111, 111/112, 112/112, 112/113, 113/10",48775.0,0.0,1.0
10,v1.12 - 151,0,CrossEntropy,Adam,0.0009,1,50,MainLinear,0.0002,27,175,ACI,100,0.2,0,-2,3,cuda,0.0005,0.0015,"[108, 98, 99, 99, 100, 100, 101, 101, 102, 103, 103, 104, 104, 105, 105, 106, 106, 107, 108, 108, 109, 109, 110, 110, 111, 112, 112, 113, 10]","[0.62, 0.56, 0.56, 0.56, 0.56, 0.56, 0.56, 0.56, 0.56, 0.56, 0.56, 0.56, 0.56, 0.56, 0.56, 0.56, 0.56, 0.56, 0.56, 0.56, 0.56, 0.56, 0.56, 0.56, 0.56, 0.56, 0.56, 0.56, 1.0]",thinet,0.5,0.5,0.05,0.03,3.0,2.0,False,"[10, 30, 30, 30, 30, 30, 30, 30, 30, 30, 30, 30, 30, 30, 30, 30, 30, 30, 30, 30, 30, 30, 30, 30, 30, 30, 30, 30, 10]",All,models_for_ontology/6-ModelStateDict1731478143.0979779.pt,ModelStateDict1731478143.0979779.pt,10,1515,,results/BigModel(toOntology).csv,2760101,2025-02-11 08:27:34.759060,x86_64,NVIDIA GeForce RTX 2080 Ti,"_CudaDeviceProperties(name='NVIDIA GeForce RTX 2080 Ti', major=7, minor=5, total_memory=11004MB, multi_processor_count=68)",1948.0037922859192,76.20593335514914,,4.042900566788069,,3.032554147337351,,0.9232225388869308,,0.6226604033140398,,2385.355322599411,18.53439999999864,22676480.0,18113.0,4528.0,9895.761826634409,0.9161691574391382,0.6913781914532134,0.0,0.895,0.9940210892488314,0.9068474576271186,0.7692307692307693,0.6767676767676768,0.5301478953356087,0.9921259842519684,0.986850344395742,0.0,0.1627906976744186,"[0.895, 0.9940210892488314, 0.9068474576271186, 0.7692307692307693, 0.6767676767676768, 0.5301478953356087, 0.9921259842519685, 0.986850344395742, 0.0, 0.16279069767441862]",0.5463347775981012,5304.971145153046,0.9100125484112436,0.6981449393735762,0.0,0.8776916451335056,0.9888412017167382,0.9041713641488164,0.7777777777777778,0.6923076923076923,0.576,0.996372430471584,0.9918166939443536,0.0,0.1764705882352941,"[0.8776916451335056, 0.9888412017167382, 0.9041713641488163, 0.7777777777777778, 0.6923076923076923, 0.576, 0.9963724304715841, 0.9918166939443536, 0.0, 0.17647058823529413]",1.171592567392457,0.0,5.894675254821777,464441.0,467404.0,0.0,0.0,0.0,"1515/108, 108/98, 98/99, 99/99, 99/100, 100/100, 100/101, 101/101, 101/102, 102/103, 103/103, 103/104, 104/104, 104/105, 105/105, 105/106, 106/106, 106/107, 107/108, 108/108, 108/109, 109/109, 109/110, 110/110, 110/111, 111/112, 112/112, 112/113, 113/10","1515/108, 108/98, 98/99, 99/99, 99/100, 100/100, 100/101, 101/101, 101/102, 102/103, 103/103, 103/104, 104/104, 104/105, 105/105, 105/106, 106/106, 106/107, 107/108, 108/108, 108/109, 109/109, 109/110, 110/110, 110/111, 111/112, 112/112, 112/113, 113/10",48775.0,1.0,1.0
11,v1.12 - 151,0,CrossEntropy,Adam,0.0009,1,50,MainLinear,0.0002,27,175,ACI,100,0.2,0,-2,3,cuda,0.0005,0.0015,"[108, 98, 99, 99, 100, 100, 101, 101, 102, 103, 103, 104, 104, 105, 105, 106, 106, 107, 108, 108, 109, 109, 110, 110, 111, 112, 112, 113, 10]","[0.62, 0.56, 0.56, 0.56, 0.56, 0.56, 0.56, 0.56, 0.56, 0.56, 0.56, 0.56, 0.56, 0.56, 0.56, 0.56, 0.56, 0.56, 0.56, 0.56, 0.56, 0.56, 0.56, 0.56, 0.56, 0.56, 0.56, 0.56, 1.0]",thinet,0.5,0.5,0.05,0.03,3.0,2.0,False,"[10, 30, 30, 30, 30, 30, 30, 30, 30, 30, 30, 30, 30, 30, 30, 30, 30, 30, 30, 30, 30, 30, 30, 30, 30, 30, 30, 30, 10]",All,models_for_ontology/6-ModelStateDict1731477998.6417298.pt,ModelStateDict1731477998.6417298.pt,10,1515,,results/BigModel(toOntology).csv,2761274,2025-02-11 09:07:10.872593,x86_64,NVIDIA GeForce RTX 2080 Ti,"_CudaDeviceProperties(name='NVIDIA GeForce RTX 2080 Ti', major=7, minor=5, total_memory=11004MB, multi_processor_count=68)",1919.019862651825,0.0015242989137229,,0.0020110727991886,,0.0016940498427078,,0.0009156486473198,,0.0007477842452265,,2347.131907939911,-208.26931200000035,22676480.0,18113.0,4528.0,12.22746898420155,0.9792702347718086,0.8288851243400277,0.0,0.9762336139827348,0.9963147626273576,0.995869420386409,0.9791666666666666,0.7052631578947368,0.8361970217640321,0.999412455934195,0.9983108108108107,0.0,0.8020833333333334,"[0.9762336139827348, 0.9963147626273575, 0.995869420386409, 0.9791666666666666, 0.7052631578947368, 0.8361970217640321, 0.999412455934195, 0.9983108108108109, 0.0, 0.8020833333333334]",0.0006750659186331,4.838659687899053,0.969382947577401,0.8236187170463545,0.0,0.9610278372591008,0.9897523484201536,0.9938718662952646,1.0,0.7058823529411765,0.8458498023715415,1.0,0.9975349219391948,0.0,0.7422680412371134,"[0.9610278372591007, 0.9897523484201537, 0.9938718662952646, 1.0, 0.7058823529411765, 0.8458498023715415, 1.0, 0.9975349219391948, 0.0, 0.7422680412371134]",0.0010686085883169,0.0,5.983525037765503,464441.0,467404.0,0.0,0.0,0.0,"1515/108, 108/98, 98/99, 99/99, 99/100, 100/100, 100/101, 101/101, 101/102, 102/103, 103/103, 103/104, 104/104, 104/105, 105/105, 105/106, 106/106, 106/107, 107/108, 108/108, 108/109, 109/109, 109/110, 110/110, 110/111, 111/112, 112/112, 112/113, 113/10","1515/108, 108/98, 98/99, 99/99, 99/100, 100/100, 100/101, 101/101, 101/102, 102/103, 103/103, 103/104, 104/104, 104/105, 105/105, 105/106, 106/106, 106/107, 107/108, 108/108, 108/109, 109/109, 109/110, 110/110, 110/111, 111/112, 112/112, 112/113, 113/10",48775.0,2.0,1.0
12,v1.12 - 151,0,CrossEntropy,Adam,0.0009,1,50,MainLinear,0.0002,27,175,ACI,100,0.2,0,-2,3,cuda,0.0005,0.0015,"[108, 98, 99, 99, 100, 100, 101, 101, 102, 103, 103, 104, 104, 105, 105, 106, 106, 107, 108, 108, 109, 109, 110, 110, 111, 112, 112, 113, 10]","[0.62, 0.56, 0.56, 0.56, 0.56, 0.56, 0.56, 0.56, 0.56, 0.56, 0.56, 0.56, 0.56, 0.56, 0.56, 0.56, 0.56, 0.56, 0.56, 0.56, 0.56, 0.56, 0.56, 0.56, 0.56, 0.56, 0.56, 0.56, 1.0]",RandomStructured,0.5,0.5,0.05,0.03,3.0,2.0,False,"[10, 30, 30, 30, 30, 30, 30, 30, 30, 30, 30, 30, 30, 30, 30, 30, 30, 30, 30, 30, 30, 30, 30, 30, 30, 30, 30, 30, 10]",All,models_for_ontology/7-ModelStateDict1731477930.1655464.pt,ModelStateDict1731477930.1655464.pt,10,1515,,results/BigModel(toOntology).csv,3924619,2025-02-11 09:24:13.828579,x86_64,NVIDIA GeForce RTX 2080 Ti,"_CudaDeviceProperties(name='NVIDIA GeForce RTX 2080 Ti', major=7, minor=5, total_memory=11004MB, multi_processor_count=68)",571.2330691814423,,,,,,,,,,,576.2374374866486,-1350.631424000001,31884800.0,18113.0,4528.0,23.62435588799417,0.9559186938080872,0.7290006115675327,0.0,0.9520287175024476,0.9931810802034852,0.9780564263322884,0.6545454545454545,0.5555555555555556,0.7211538461538461,0.9932846715328468,0.9962073324905184,0.0,0.445993031358885,"[0.9520287175024476, 0.9931810802034853, 0.9780564263322884, 0.6545454545454545, 0.5555555555555556, 0.7211538461538461, 0.9932846715328467, 0.9962073324905183, 0.0, 0.445993031358885]",0.0013042762594818,8.072339192032814,0.9445534718784588,0.7005745206813059,0.0,0.9446623093681916,0.9867803837953092,0.9723577235772358,0.5714285714285714,0.490566037735849,0.7335640138408305,0.9797859690844232,0.9958915365653246,0.0,0.3307086614173228,"[0.9446623093681917, 0.9867803837953092, 0.9723577235772358, 0.5714285714285714, 0.49056603773584906, 0.7335640138408305, 0.9797859690844233, 0.9958915365653246, 0.0, 0.33070866141732286]",0.0017827604222687,0.0,5.68450665473938,1228147.0,1233435.0,526724.0,0.0,2325.0,"1515/175, 175/176, 176/177, 177/178, 178/179, 179/180, 180/181, 181/182, 182/183, 183/184, 184/185, 185/186, 186/187, 187/188, 188/189, 189/190, 190/191, 191/192, 192/193, 193/194, 194/195, 195/196, 196/197, 197/198, 198/199, 199/200, 200/201, 201/202, 202/10","1515/108, 175/98, 176/99, 177/99, 178/100, 179/100, 180/101, 181/101, 182/102, 183/103, 184/103, 185/104, 186/104, 187/105, 188/105, 189/106, 190/106, 191/107, 192/108, 193/108, 194/109, 195/109, 196/110, 197/110, 198/111, 199/112, 200/112, 201/113, 202/10",69700.0,0.0,1.0
13,v1.12 - 151,0,CrossEntropy,Adam,0.0009,1,50,MainLinear,0.0002,27,175,ACI,100,0.2,0,-2,3,cuda,0.0005,0.0015,"[108, 98, 99, 99, 100, 100, 101, 101, 102, 103, 103, 104, 104, 105, 105, 106, 106, 107, 108, 108, 109, 109, 110, 110, 111, 112, 112, 113, 10]","[0.62, 0.56, 0.56, 0.56, 0.56, 0.56, 0.56, 0.56, 0.56, 0.56, 0.56, 0.56, 0.56, 0.56, 0.56, 0.56, 0.56, 0.56, 0.56, 0.56, 0.56, 0.56, 0.56, 0.56, 0.56, 0.56, 0.56, 0.56, 1.0]",RandomStructured,0.5,0.5,0.05,0.03,3.0,2.0,False,"[10, 30, 30, 30, 30, 30, 30, 30, 30, 30, 30, 30, 30, 30, 30, 30, 30, 30, 30, 30, 30, 30, 30, 30, 30, 30, 30, 30, 10]",All,models_for_ontology/7-ModelStateDict1731478143.0979779.pt,ModelStateDict1731478143.0979779.pt,10,1515,,results/BigModel(toOntology).csv,3928664,2025-02-11 09:34:01.103131,x86_64,NVIDIA GeForce RTX 2080 Ti,"_CudaDeviceProperties(name='NVIDIA GeForce RTX 2080 Ti', major=7, minor=5, total_memory=11004MB, multi_processor_count=68)",561.3495433330536,,,,,,,,,,,566.942990064621,777.8590719999993,31884800.0,18113.0,4528.0,26.95290266349912,0.9341746864396784,0.6270016135247067,0.0,0.9317210465964766,0.9945875730677636,0.9772964509394572,0.3055555555555556,0.4587155963302752,0.2574850299401197,0.9863728616990431,0.9846089850249584,0.0,0.3736730360934182,"[0.9317210465964766, 0.9945875730677636, 0.9772964509394572, 0.3055555555555556, 0.45871559633027525, 0.25748502994011974, 0.9863728616990431, 0.9846089850249584, 0.0, 0.37367303609341823]",0.0014880418850272,8.251705035567284,0.9207532104730272,0.6230676014389382,0.0,0.914501257334451,0.9880749574105622,0.977705274605764,0.4285714285714285,0.4482758620689655,0.2068965517241379,0.9903846153846154,0.9806138933764136,0.0,0.2956521739130435,"[0.914501257334451, 0.9880749574105622, 0.977705274605764, 0.42857142857142855, 0.4482758620689655, 0.20689655172413793, 0.9903846153846154, 0.9806138933764136, 0.0, 0.2956521739130435]",0.0018223730202224,0.0,6.282551050186157,1228147.0,1233435.0,526724.0,0.0,2325.0,"1515/175, 175/176, 176/177, 177/178, 178/179, 179/180, 180/181, 181/182, 182/183, 183/184, 184/185, 185/186, 186/187, 187/188, 188/189, 189/190, 190/191, 191/192, 192/193, 193/194, 194/195, 195/196, 196/197, 197/198, 198/199, 199/200, 200/201, 201/202, 202/10","1515/108, 175/98, 176/99, 177/99, 178/100, 179/100, 180/101, 181/101, 182/102, 183/103, 184/103, 185/104, 186/104, 187/105, 188/105, 189/106, 190/106, 191/107, 192/108, 193/108, 194/109, 195/109, 196/110, 197/110, 198/111, 199/112, 200/112, 201/113, 202/10",69700.0,1.0,1.0
14,v1.12 - 151,0,CrossEntropy,Adam,0.0009,1,50,MainLinear,0.0002,27,175,ACI,100,0.2,0,-2,3,cuda,0.0005,0.0015,"[108, 98, 99, 99, 100, 100, 101, 101, 102, 103, 103, 104, 104, 105, 105, 106, 106, 107, 108, 108, 109, 109, 110, 110, 111, 112, 112, 113, 10]","[0.62, 0.56, 0.56, 0.56, 0.56, 0.56, 0.56, 0.56, 0.56, 0.56, 0.56, 0.56, 0.56, 0.56, 0.56, 0.56, 0.56, 0.56, 0.56, 0.56, 0.56, 0.56, 0.56, 0.56, 0.56, 0.56, 0.56, 0.56, 1.0]",RandomStructured,0.5,0.5,0.05,0.03,3.0,2.0,False,"[10, 30, 30, 30, 30, 30, 30, 30, 30, 30, 30, 30, 30, 30, 30, 30, 30, 30, 30, 30, 30, 30, 30, 30, 30, 30, 30, 30, 10]",All,models_for_ontology/7-ModelStateDict1731477998.6417298.pt,ModelStateDict1731477998.6417298.pt,10,1515,,results/BigModel(toOntology).csv,3932595,2025-02-11 09:43:46.671444,x86_64,NVIDIA GeForce RTX 2080 Ti,"_CudaDeviceProperties(name='NVIDIA GeForce RTX 2080 Ti', major=7, minor=5, total_memory=11004MB, multi_processor_count=68)",558.4521749019623,,,,,,,,,,,563.5409798622131,-234.94656000000032,31884800.0,18113.0,4528.0,23.71105697005987,0.9397965948583926,0.6204273136849489,0.0,0.9314483319772172,0.9954486345903772,0.9850078905839031,0.0,0.6979166666666666,0.4901960784313725,1.0,0.9937027707808564,0.0,0.1105527638190954,"[0.9314483319772172, 0.9954486345903771, 0.9850078905839033, 0.0, 0.6979166666666666, 0.49019607843137253, 1.0, 0.9937027707808564, 0.0, 0.11055276381909548]",0.0013090629365682,7.635710086673498,0.9322935548447742,0.6202456059643732,0.0,0.922760887428102,0.9897523484201536,0.9782372143634384,0.0,0.7058823529411765,0.547945205479452,0.9975786924939468,0.9950819672131148,0.0,0.0652173913043478,"[0.9227608874281019, 0.9897523484201537, 0.9782372143634385, 0.0, 0.7058823529411765, 0.547945205479452, 0.9975786924939467, 0.9950819672131147, 0.0, 0.06521739130434782]",0.0016863317329225,0.0,5.836086988449097,1228147.0,1233435.0,526724.0,0.0,2325.0,"1515/175, 175/176, 176/177, 177/178, 178/179, 179/180, 180/181, 181/182, 182/183, 183/184, 184/185, 185/186, 186/187, 187/188, 188/189, 189/190, 190/191, 191/192, 192/193, 193/194, 194/195, 195/196, 196/197, 197/198, 198/199, 199/200, 200/201, 201/202, 202/10","1515/108, 175/98, 176/99, 177/99, 178/100, 179/100, 180/101, 181/101, 182/102, 183/103, 184/103, 185/104, 186/104, 187/105, 188/105, 189/106, 190/106, 191/107, 192/108, 193/108, 194/109, 195/109, 196/110, 197/110, 198/111, 199/112, 200/112, 201/113, 202/10",69700.0,2.0,1.0
15,v1.12 - 151,0,CrossEntropy,Adam,0.0009,1,50,MainLinear,0.0002,27,175,ACI,100,0.2,0,-2,3,cuda,0.0005,0.0015,"[108, 98, 99, 99, 100, 100, 101, 101, 102, 103, 103, 104, 104, 105, 105, 106, 106, 107, 108, 108, 109, 109, 110, 110, 111, 112, 112, 113, 10]","[0.62, 0.56, 0.56, 0.56, 0.56, 0.56, 0.56, 0.56, 0.56, 0.56, 0.56, 0.56, 0.56, 0.56, 0.56, 0.56, 0.56, 0.56, 0.56, 0.56, 0.56, 0.56, 0.56, 0.56, 0.56, 0.56, 0.56, 0.56, 1.0]",Recreation_Run,0.5,0.5,0.05,0.03,3.0,2.0,False,"[10, 30, 30, 30, 30, 30, 30, 30, 30, 30, 30, 30, 30, 30, 30, 30, 30, 30, 30, 30, 30, 30, 30, 30, 30, 30, 30, 30, 10]",All,models_for_ontology/8-ModelStateDict1731477930.1655464.pt,ModelStateDict1731477930.1655464.pt,10,1515,,results/BigModel(toOntology).csv,2763225,2025-02-11 09:44:22.778546,x86_64,NVIDIA GeForce RTX 2080 Ti,"_CudaDeviceProperties(name='NVIDIA GeForce RTX 2080 Ti', major=7, minor=5, total_memory=11004MB, multi_processor_count=68)",0.6597476005554199,0.0028247895565675,,0.0024099289533455,,0.0033557413758074,,0.0019256907940397,,0.0017731888559582,,426.05530166625977,-225.34553600000072,22765568.0,18113.0,4528.0,29.058662459254265,0.9388012218289032,0.5699214614672179,0.0,0.942313754334349,0.995011927998265,0.9735711495898972,0.0,0.0,0.6666666666666666,0.9973614775725592,0.9835861209225016,0.0,0.1407035175879397,"[0.942313754334349, 0.995011927998265, 0.9735711495898971, 0.0, 0.0, 0.6666666666666666, 0.9973614775725593, 0.9835861209225015, 0.0, 0.1407035175879397]",0.0016042987058606,9.09722938388586,0.9309048002524156,0.5659032375748686,0.0,0.9328231292517006,0.990166737922189,0.9697950377562028,0.0,0.0,0.6805555555555556,0.9951690821256038,0.982995951417004,0.0,0.1075268817204301,"[0.9328231292517006, 0.990166737922189, 0.9697950377562028, 0.0, 0.0, 0.6805555555555556, 0.9951690821256038, 0.982995951417004, 0.0, 0.10752688172043011]",0.0020091054293034,0.0,5.914889335632324,471678.0,474669.0,0.0,0.0,0.0,"1515/109, 109/99, 99/100, 100/100, 100/101, 101/101, 101/102, 102/102, 102/103, 103/104, 104/104, 104/105, 105/105, 105/106, 106/106, 106/107, 107/107, 107/108, 108/109, 109/109, 109/110, 110/110, 110/111, 111/111, 111/112, 112/113, 113/113, 113/114, 114/10","1515/109, 109/99, 99/100, 100/100, 100/101, 101/101, 101/102, 102/102, 102/103, 103/104, 104/104, 104/105, 105/105, 105/106, 106/106, 106/107, 107/107, 107/108, 108/109, 109/109, 109/110, 110/110, 110/111, 111/111, 111/112, 112/113, 113/113, 113/114, 114/10",49027.0,0.0,1.0
16,v1.12 - 151,0,CrossEntropy,Adam,0.0009,1,50,MainLinear,0.0002,27,175,ACI,100,0.2,0,-2,3,cuda,0.0005,0.0015,"[108, 98, 99, 99, 100, 100, 101, 101, 102, 103, 103, 104, 104, 105, 105, 106, 106, 107, 108, 108, 109, 109, 110, 110, 111, 112, 112, 113, 10]","[0.62, 0.56, 0.56, 0.56, 0.56, 0.56, 0.56, 0.56, 0.56, 0.56, 0.56, 0.56, 0.56, 0.56, 0.56, 0.56, 0.56, 0.56, 0.56, 0.56, 0.56, 0.56, 0.56, 0.56, 0.56, 0.56, 0.56, 0.56, 1.0]",Recreation_Run,0.5,0.5,0.05,0.03,3.0,2.0,False,"[10, 30, 30, 30, 30, 30, 30, 30, 30, 30, 30, 30, 30, 30, 30, 30, 30, 30, 30, 30, 30, 30, 30, 30, 30, 30, 30, 30, 10]",All,models_for_ontology/8-ModelStateDict1731478143.0979779.pt,ModelStateDict1731478143.0979779.pt,10,1515,,results/BigModel(toOntology).csv,2763706,2025-02-11 09:51:50.068366,x86_64,NVIDIA GeForce RTX 2080 Ti,"_CudaDeviceProperties(name='NVIDIA GeForce RTX 2080 Ti', major=7, minor=5, total_memory=11004MB, multi_processor_count=68)",0.6598401069641113,0.004086790760323,,0.0025267548168481,,0.0026429439899225,,0.00153097573067,,0.001432237019697,,427.6955754756928,-205.8936320000012,22765568.0,18113.0,4528.0,25.03674991056323,0.9478303373918842,0.6434204949493081,0.0,0.9434768671866652,0.9962026689812304,0.9731980223783504,0.0,0.5339805825242718,0.6234021632251721,0.9935747663551402,0.996420299010318,0.0,0.3739495798319328,"[0.9434768671866652, 0.9962026689812303, 0.9731980223783503, 0.0, 0.5339805825242718, 0.6234021632251721, 0.9935747663551402, 0.9964202990103179, 0.0, 0.3739495798319328]",0.0013822530729621,7.86390633136034,0.9417464787222056,0.6470943136324447,0.0,0.9376880103137086,0.9922945205479452,0.97347049269085,0.0,0.6274509803921569,0.6530612244897959,0.9915764139590856,0.9918300653594772,0.0,0.3035714285714285,"[0.9376880103137086, 0.9922945205479452, 0.9734704926908501, 0.0, 0.6274509803921569, 0.6530612244897959, 0.9915764139590855, 0.9918300653594772, 0.0, 0.30357142857142855]",0.0017367284300707,0.0,5.827898979187012,471678.0,474669.0,0.0,0.0,0.0,"1515/109, 109/99, 99/100, 100/100, 100/101, 101/101, 101/102, 102/102, 102/103, 103/104, 104/104, 104/105, 105/105, 105/106, 106/106, 106/107, 107/107, 107/108, 108/109, 109/109, 109/110, 110/110, 110/111, 111/111, 111/112, 112/113, 113/113, 113/114, 114/10","1515/109, 109/99, 99/100, 100/100, 100/101, 101/101, 101/102, 102/102, 102/103, 103/104, 104/104, 104/105, 105/105, 105/106, 106/106, 106/107, 107/107, 107/108, 108/109, 109/109, 109/110, 110/110, 110/111, 111/111, 111/112, 112/113, 113/113, 113/114, 114/10",49027.0,1.0,1.0
17,v1.12 - 151,0,CrossEntropy,Adam,0.0009,1,50,MainLinear,0.0002,27,175,ACI,100,0.2,0,-2,3,cuda,0.0005,0.0015,"[108, 98, 99, 99, 100, 100, 101, 101, 102, 103, 103, 104, 104, 105, 105, 106, 106, 107, 108, 108, 109, 109, 110, 110, 111, 112, 112, 113, 10]","[0.62, 0.56, 0.56, 0.56, 0.56, 0.56, 0.56, 0.56, 0.56, 0.56, 0.56, 0.56, 0.56, 0.56, 0.56, 0.56, 0.56, 0.56, 0.56, 0.56, 0.56, 0.56, 0.56, 0.56, 0.56, 0.56, 0.56, 0.56, 1.0]",Recreation_Run,0.5,0.5,0.05,0.03,3.0,2.0,False,"[10, 30, 30, 30, 30, 30, 30, 30, 30, 30, 30, 30, 30, 30, 30, 30, 30, 30, 30, 30, 30, 30, 30, 30, 30, 30, 30, 30, 10]",All,models_for_ontology/8-ModelStateDict1731477998.6417298.pt,ModelStateDict1731477998.6417298.pt,10,1515,,results/BigModel(toOntology).csv,2764187,2025-02-11 09:59:19.011927,x86_64,NVIDIA GeForce RTX 2080 Ti,"_CudaDeviceProperties(name='NVIDIA GeForce RTX 2080 Ti', major=7, minor=5, total_memory=11004MB, multi_processor_count=68)",0.6703774929046631,0.0031272327887428,,0.0033540710467903,,0.0044204206753756,,0.0026282630385709,,0.0022918219692346,,434.9774906635285,-188.2890239999997,22765568.0,18113.0,4528.0,38.2187902033329,0.9172736374965036,0.543458663629509,0.0,0.9088304512432211,0.9845522307443016,0.9654237288135592,0.0,0.0,0.3940886699507389,0.9903930131004368,0.961413484971568,0.0,0.2298850574712643,"[0.9088304512432211, 0.9845522307443016, 0.9654237288135593, 0.0, 0.0, 0.39408866995073893, 0.9903930131004367, 0.9614134849715679, 0.0, 0.22988505747126436]",0.0021100198864535,11.19579230993986,0.9115361557380268,0.5511926695527362,0.0,0.9013157894736842,0.9778911564625852,0.9648526077097506,0.0,0.0,0.4745762711864407,0.984468339307049,0.9612034837688044,0.0,0.2476190476190476,"[0.9013157894736842, 0.9778911564625851, 0.9648526077097506, 0.0, 0.0, 0.4745762711864407, 0.984468339307049, 0.9612034837688044, 0.0, 0.24761904761904763]",0.0024725689730432,0.0,5.558679103851318,471678.0,474669.0,0.0,0.0,0.0,"1515/109, 109/99, 99/100, 100/100, 100/101, 101/101, 101/102, 102/102, 102/103, 103/104, 104/104, 104/105, 105/105, 105/106, 106/106, 106/107, 107/107, 107/108, 108/109, 109/109, 109/110, 110/110, 110/111, 111/111, 111/112, 112/113, 113/113, 113/114, 114/10","1515/109, 109/99, 99/100, 100/100, 100/101, 101/101, 101/102, 102/102, 102/103, 103/104, 104/104, 104/105, 105/105, 105/106, 106/106, 106/107, 107/107, 107/108, 108/109, 109/109, 109/110, 110/110, 110/111, 111/111, 111/112, 112/113, 113/113, 113/114, 114/10",49027.0,2.0,1.0
18,v1.12 - 151,0,CrossEntropy,Adam,0.0009,1,50,MainLinear,0.0002,27,175,ACI,100,0.2,0,-2,3,cuda,0.0005,0.0015,"[108, 98, 99, 99, 100, 100, 101, 101, 102, 103, 103, 104, 104, 105, 105, 106, 106, 107, 108, 108, 109, 109, 110, 110, 111, 112, 112, 113, 10]","[0.62, 0.56, 0.56, 0.56, 0.56, 0.56, 0.56, 0.56, 0.56, 0.56, 0.56, 0.56, 0.56, 0.56, 0.56, 0.56, 0.56, 0.56, 0.56, 0.56, 0.56, 0.56, 0.56, 0.56, 0.56, 0.56, 0.56, 0.56, 1.0]",iterative_full_theseus_training|iterative_full_theseus,0.5,0.5,0.05,0.03,3.0,2.0,False,"[10, 30, 30, 30, 30, 30, 30, 30, 30, 30, 30, 30, 30, 30, 30, 30, 30, 30, 30, 30, 30, 30, 30, 30, 30, 30, 30, 30, 10]",All,models_for_ontology/3-ModelStateDict1731477930.1655464.pt,ModelStateDict1731477930.1655464.pt,10,1515,,results/BigModel(toOntology).csv,2607919,2025-02-11 16:14:56.878082,x86_64,NVIDIA GeForce RTX 2080 Ti,"_CudaDeviceProperties(name='NVIDIA GeForce RTX 2080 Ti', major=7, minor=5, total_memory=11004MB, multi_processor_count=68)",42247.60007071495,0.0013580644510537,,0.0012543593468911,,0.0011799239831113,,0.0010925000207989,,0.0010613935101773,,42725.03037834168,1271.123967999998,22765568.0,18113.0,4528.0,17.4349980391562,0.9641641585892808,0.6947129898494869,0.0,0.9554971067859022,0.9965285311347364,0.9940231106388632,0.0,0.6699507389162561,0.7697516930022573,0.9997061416397296,0.9955761533600168,0.0,0.5660964230171073,"[0.9554971067859022, 0.9965285311347364, 0.9940231106388631, 0.0, 0.6699507389162561, 0.7697516930022573, 0.9997061416397296, 0.9955761533600168, 0.0, 0.5660964230171073]",0.0009625682128391,7.545949641615152,0.9496212068753868,0.6723472859306809,0.0,0.9360613810741688,0.9905982905982906,0.9856985698569856,0.0,0.6101694915254238,0.7647058823529411,1.0,0.9901960784313726,0.0,0.4460431654676259,"[0.9360613810741688, 0.9905982905982906, 0.9856985698569857, 0.0, 0.6101694915254238, 0.7647058823529411, 1.0, 0.9901960784313726, 0.0, 0.4460431654676259]",0.0016665083130775,0.0,5.346349716186523,471678.0,474669.0,0.0,0.0,0.0,"1515/109, 109/99, 99/100, 100/100, 100/101, 101/101, 101/102, 102/102, 102/103, 103/104, 104/104, 104/105, 105/105, 105/106, 106/106, 106/107, 107/107, 107/108, 108/109, 109/109, 109/110, 110/110, 110/111, 111/111, 111/112, 112/113, 113/113, 113/114, 114/10","1515/109, 109/99, 99/100, 100/100, 100/101, 101/101, 101/102, 102/102, 102/103, 103/104, 104/104, 104/105, 105/105, 105/106, 106/106, 106/107, 107/107, 107/108, 108/109, 109/109, 109/110, 110/110, 110/111, 111/111, 111/112, 112/113, 113/113, 113/114, 114/10",49027.0,0.0,1.0
19,v1.12 - 151,0,CrossEntropy,Adam,0.0009,1,50,MainLinear,0.0002,27,175,ACI,100,0.2,0,-2,3,cuda,0.0005,0.0015,"[108, 98, 99, 99, 100, 100, 101, 101, 102, 103, 103, 104, 104, 105, 105, 106, 106, 107, 108, 108, 109, 109, 110, 110, 111, 112, 112, 113, 10]","[0.62, 0.56, 0.56, 0.56, 0.56, 0.56, 0.56, 0.56, 0.56, 0.56, 0.56, 0.56, 0.56, 0.56, 0.56, 0.56, 0.56, 0.56, 0.56, 0.56, 0.56, 0.56, 0.56, 0.56, 0.56, 0.56, 0.56, 0.56, 1.0]",ADMM_Joint,0.5,0.5,0.05,0.03,3.0,2.0,False,"[10, 30, 30, 30, 30, 30, 30, 30, 30, 30, 30, 30, 30, 30, 30, 30, 30, 30, 30, 30, 30, 30, 30, 30, 30, 30, 30, 30, 10]",All,models_for_ontology/1-ModelStateDict1731477930.1655464.pt,ModelStateDict1731477930.1655464.pt,10,1515,,results/BigModel(toOntology).csv,552849,2025-02-11 19:10:13.128327,x86_64,NVIDIA GeForce RTX 2080 Ti,"_CudaDeviceProperties(name='NVIDIA GeForce RTX 2080 Ti', major=7, minor=5, total_memory=11004MB, multi_processor_count=68)",2076.0688569545746,,,,,,,,,,,2084.0120747089386,-141.83219199999985,36484608.0,18113.0,4528.0,22.112434457987547,0.9469682339735592,0.5996930887740544,0.0,0.9436251438134088,0.9953347076055116,0.9816272965879264,0.0,0.0,0.5202312138728323,0.9964850615114236,0.9941102229701304,0.0,0.5655172413793104,"[0.9436251438134087, 0.9953347076055116, 0.9816272965879265, 0.0, 0.0, 0.5202312138728323, 0.9964850615114236, 0.9941102229701304, 0.0, 0.5655172413793104]",0.0012208046407545,6.923255901783705,0.939759825347926,0.5936385139063757,0.0,0.9393559180259304,0.9905982905982906,0.9781420765027322,0.0,0.0,0.6031746031746031,1.0,0.9910057236304172,0.0,0.4341085271317829,"[0.9393559180259305, 0.9905982905982906, 0.9781420765027322, 0.0, 0.0, 0.6031746031746031, 1.0, 0.9910057236304171, 0.0, 0.43410852713178294]",0.0015289876108179,0.0,8.796846628189087,1228147.0,1233435.0,526724.0,0.0,2325.0,"1515/175, 175/176, 176/177, 177/178, 178/179, 179/180, 180/181, 181/182, 182/183, 183/184, 184/185, 185/186, 186/187, 187/188, 188/189, 189/190, 190/191, 191/192, 192/193, 193/194, 194/195, 195/196, 196/197, 197/198, 198/199, 199/200, 200/201, 201/202, 202/10","1515/108, 175/98, 176/99, 177/99, 178/100, 179/100, 180/101, 181/101, 182/102, 183/103, 184/103, 185/104, 186/104, 187/105, 188/105, 189/106, 190/106, 191/107, 192/108, 193/108, 194/109, 195/109, 196/110, 197/110, 198/111, 199/112, 200/112, 201/113, 202/10",79879.0,0.0,1.0
20,v1.12 - 151,0,CrossEntropy,Adam,0.0009,1,50,MainLinear,0.0002,27,175,ACI,100,0.2,0,-2,3,cuda,0.0005,0.0015,"[108, 98, 99, 99, 100, 100, 101, 101, 102, 103, 103, 104, 104, 105, 105, 106, 106, 107, 108, 108, 109, 109, 110, 110, 111, 112, 112, 113, 10]","[0.62, 0.56, 0.56, 0.56, 0.56, 0.56, 0.56, 0.56, 0.56, 0.56, 0.56, 0.56, 0.56, 0.56, 0.56, 0.56, 0.56, 0.56, 0.56, 0.56, 0.56, 0.56, 0.56, 0.56, 0.56, 0.56, 0.56, 0.56, 1.0]",ADMM_Joint,0.5,0.5,0.05,0.03,3.0,2.0,False,"[10, 30, 30, 30, 30, 30, 30, 30, 30, 30, 30, 30, 30, 30, 30, 30, 30, 30, 30, 30, 30, 30, 30, 30, 30, 30, 30, 30, 10]",All,models_for_ontology/1-ModelStateDict1731478143.0979779.pt,ModelStateDict1731478143.0979779.pt,10,1515,,results/BigModel(toOntology).csv,564841,2025-02-11 19:45:13.157102,x86_64,NVIDIA GeForce RTX 2080 Ti,"_CudaDeviceProperties(name='NVIDIA GeForce RTX 2080 Ti', major=7, minor=5, total_memory=11004MB, multi_processor_count=68)",2063.6598925590515,,,,,,,,,,,2071.6064405441284,-7.34822400000121,36484608.0,18113.0,4528.0,33.75809498131275,0.9282467325494952,0.5840568719816264,0.0,0.9215237302248128,0.9895742832319722,0.9731064050928934,0.0,0.2754491017964072,0.3850415512465374,0.9757645701096364,0.979591836734694,0.0,0.3405172413793103,"[0.9215237302248127, 0.9895742832319722, 0.9731064050928934, 0.0, 0.2754491017964072, 0.3850415512465374, 0.9757645701096365, 0.9795918367346939, 0.0, 0.34051724137931033]",0.0018637495158898,10.285149060189724,0.9168027044482718,0.5734400475996256,0.0,0.9048020219039596,0.983326207781103,0.9692390717754992,0.0,0.2272727272727272,0.4601769911504424,0.9714964370546318,0.9773462783171522,0.0,0.2407407407407407,"[0.9048020219039595, 0.983326207781103, 0.9692390717754992, 0.0, 0.22727272727272727, 0.46017699115044247, 0.9714964370546318, 0.9773462783171522, 0.0, 0.24074074074074073]",0.0022714551811373,0.0,9.043766736984251,1228147.0,1233435.0,526724.0,0.0,2325.0,"1515/175, 175/176, 176/177, 177/178, 178/179, 179/180, 180/181, 181/182, 182/183, 183/184, 184/185, 185/186, 186/187, 187/188, 188/189, 189/190, 190/191, 191/192, 192/193, 193/194, 194/195, 195/196, 196/197, 197/198, 198/199, 199/200, 200/201, 201/202, 202/10","1515/108, 175/98, 176/99, 177/99, 178/100, 179/100, 180/101, 181/101, 182/102, 183/103, 184/103, 185/104, 186/104, 187/105, 188/105, 189/106, 190/106, 191/107, 192/108, 193/108, 194/109, 195/109, 196/110, 197/110, 198/111, 199/112, 200/112, 201/113, 202/10",79879.0,1.0,1.0
21,v1.12 - 151,0,CrossEntropy,Adam,0.0009,1,50,MainLinear,0.0002,27,175,ACI,100,0.2,0,-2,3,cuda,0.0005,0.0015,"[108, 98, 99, 99, 100, 100, 101, 101, 102, 103, 103, 104, 104, 105, 105, 106, 106, 107, 108, 108, 109, 109, 110, 110, 111, 112, 112, 113, 10]","[0.62, 0.56, 0.56, 0.56, 0.56, 0.56, 0.56, 0.56, 0.56, 0.56, 0.56, 0.56, 0.56, 0.56, 0.56, 0.56, 0.56, 0.56, 0.56, 0.56, 0.56, 0.56, 0.56, 0.56, 0.56, 0.56, 0.56, 0.56, 1.0]",ADMM_Joint,0.5,0.5,0.05,0.03,3.0,2.0,False,"[10, 30, 30, 30, 30, 30, 30, 30, 30, 30, 30, 30, 30, 30, 30, 30, 30, 30, 30, 30, 30, 30, 30, 30, 30, 30, 30, 30, 10]",All,models_for_ontology/1-ModelStateDict1731477998.6417298.pt,ModelStateDict1731477998.6417298.pt,10,1515,,results/BigModel(toOntology).csv,576505,2025-02-11 20:20:57.517362,x86_64,NVIDIA GeForce RTX 2080 Ti,"_CudaDeviceProperties(name='NVIDIA GeForce RTX 2080 Ti', major=7, minor=5, total_memory=11004MB, multi_processor_count=68)",2107.732774734497,,,,,,,,,,,2115.915510416031,5865.349120000001,36484608.0,18113.0,4528.0,14.931632812134922,0.969370590268522,0.7403819445811578,0.0,0.9731407169609416,0.995984807379273,0.993633952254642,0.9574468085106383,0.0,0.7551219512195122,0.9982394366197184,0.9966273187183812,0.0,0.7336244541484717,"[0.9731407169609417, 0.995984807379273, 0.9936339522546419, 0.9574468085106383, 0.0, 0.7551219512195122, 0.9982394366197183, 0.9966273187183811, 0.0, 0.7336244541484717]",0.000824360007295,5.374024789780378,0.9585591908301296,0.7226592237844456,0.0,0.959656652360515,0.991869918699187,0.9917172832689122,0.9090909090909092,0.0,0.7466666666666667,0.9987878787878788,0.9958915365653246,0.0,0.6329113924050633,"[0.959656652360515, 0.991869918699187, 0.9917172832689122, 0.9090909090909091, 0.0, 0.7466666666666667, 0.9987878787878788, 0.9958915365653246, 0.0, 0.6329113924050633]",0.0011868429306052,0.0,8.62709927558899,1228147.0,1233435.0,526724.0,0.0,2325.0,"1515/175, 175/176, 176/177, 177/178, 178/179, 179/180, 180/181, 181/182, 182/183, 183/184, 184/185, 185/186, 186/187, 187/188, 188/189, 189/190, 190/191, 191/192, 192/193, 193/194, 194/195, 195/196, 196/197, 197/198, 198/199, 199/200, 200/201, 201/202, 202/10","1515/108, 175/98, 176/99, 177/99, 178/100, 179/100, 180/101, 181/101, 182/102, 183/103, 184/103, 185/104, 186/104, 187/105, 188/105, 189/106, 190/106, 191/107, 192/108, 193/108, 194/109, 195/109, 196/110, 197/110, 198/111, 199/112, 200/112, 201/113, 202/10",79879.0,2.0,1.0
22,v1.12 - 151,0,CrossEntropy,Adam,0.0009,1,50,MainLinear,0.0002,27,175,ACI,100,0.2,0,-2,3,cuda,0.0005,0.0015,"[108, 98, 99, 99, 100, 100, 101, 101, 102, 103, 103, 104, 104, 105, 105, 106, 106, 107, 108, 108, 109, 109, 110, 110, 111, 112, 112, 113, 10]","[0.62, 0.56, 0.56, 0.56, 0.56, 0.56, 0.56, 0.56, 0.56, 0.56, 0.56, 0.56, 0.56, 0.56, 0.56, 0.56, 0.56, 0.56, 0.56, 0.56, 0.56, 0.56, 0.56, 0.56, 0.56, 0.56, 0.56, 0.56, 1.0]",iterative_full_theseus_training|iterative_full_theseus,0.5,0.5,0.05,0.03,3.0,2.0,False,"[10, 30, 30, 30, 30, 30, 30, 30, 30, 30, 30, 30, 30, 30, 30, 30, 30, 30, 30, 30, 30, 30, 30, 30, 30, 30, 30, 30, 10]",All,models_for_ontology/3-ModelStateDict1731478143.0979779.pt,ModelStateDict1731478143.0979779.pt,10,1515,,results/BigModel(toOntology).csv,2854139,2025-02-12 04:17:05.075939,x86_64,NVIDIA GeForce RTX 2080 Ti,"_CudaDeviceProperties(name='NVIDIA GeForce RTX 2080 Ti', major=7, minor=5, total_memory=11004MB, multi_processor_count=68)",42832.058250427246,0.0012334273746665,,0.001136176116291,,0.0012060308171116,,0.0009958028598668,,0.0009574321840218,,43308.71690273285,-6036.398079999999,22765568.0,18113.0,4528.0,15.839606893248856,0.9655810604258248,0.7237887010754667,0.0,0.9645390070921984,0.9960971379011276,0.9928438908030744,0.8623853211009175,0.0,0.7100840336134454,0.9991189427312775,0.9983100971694128,0.0,0.7145085803432137,"[0.9645390070921985, 0.9960971379011275, 0.9928438908030744, 0.8623853211009175, 0.0, 0.7100840336134454, 0.9991189427312775, 0.9983100971694128, 0.0, 0.7145085803432137]",0.00087448831741,7.618988379836082,0.9482735689494408,0.7075513775144444,0.0,0.941835415769065,0.9914529914529916,0.9819376026272578,0.9166666666666666,0.0,0.7285714285714285,0.9915764139590856,0.9910057236304172,0.0,0.5324675324675324,"[0.941835415769065, 0.9914529914529915, 0.9819376026272578, 0.9166666666666666, 0.0, 0.7285714285714285, 0.9915764139590855, 0.9910057236304171, 0.0, 0.5324675324675324]",0.0016826387764655,0.0,5.91767954826355,471678.0,474669.0,0.0,0.0,0.0,"1515/109, 109/99, 99/100, 100/100, 100/101, 101/101, 101/102, 102/102, 102/103, 103/104, 104/104, 104/105, 105/105, 105/106, 106/106, 106/107, 107/107, 107/108, 108/109, 109/109, 109/110, 110/110, 110/111, 111/111, 111/112, 112/113, 113/113, 113/114, 114/10","1515/109, 109/99, 99/100, 100/100, 100/101, 101/101, 101/102, 102/102, 102/103, 103/104, 104/104, 104/105, 105/105, 105/106, 106/106, 106/107, 107/107, 107/108, 108/109, 109/109, 109/110, 110/110, 110/111, 111/111, 111/112, 112/113, 113/113, 113/114, 114/10",49027.0,1.0,1.0
23,v1.12 - 151,0,CrossEntropy,Adam,0.0009,1,50,MainLinear,0.0002,27,175,ACI,100,0.2,0,-2,3,cuda,0.0005,0.0015,"[108, 98, 99, 99, 100, 100, 101, 101, 102, 103, 103, 104, 104, 105, 105, 106, 106, 107, 108, 108, 109, 109, 110, 110, 111, 112, 112, 113, 10]","[0.62, 0.56, 0.56, 0.56, 0.56, 0.56, 0.56, 0.56, 0.56, 0.56, 0.56, 0.56, 0.56, 0.56, 0.56, 0.56, 0.56, 0.56, 0.56, 0.56, 0.56, 0.56, 0.56, 0.56, 0.56, 0.56, 0.56, 0.56, 1.0]",DAIS_training|DAIS,0.5,0.5,0.05,0.03,3.0,2.0,False,"[10, 30, 30, 30, 30, 30, 30, 30, 30, 30, 30, 30, 30, 30, 30, 30, 30, 30, 30, 30, 30, 30, 30, 30, 30, 30, 30, 30, 10]",All,models_for_ontology/5-ModelStateDict1731477930.1655464.pt,ModelStateDict1731477930.1655464.pt,10,1515,,results/BigModel(toOntology).csv,982653,2025-02-12 09:15:57.612242,x86_64,NVIDIA GeForce RTX 2080 Ti,"_CudaDeviceProperties(name='NVIDIA GeForce RTX 2080 Ti', major=7, minor=5, total_memory=11004MB, multi_processor_count=68)",100473.65876317024,,,,,,,,,,,100479.11563301086,259.64544000000024,31884800.0,18113.0,4528.0,3258873.615234375,0.1432551880389209,0.078405686155938,0.0,0.008960955835289,0.422264542936288,0.0,0.0,0.0,0.0,0.3528313627878033,0.0,0.0,0.0,"[0.008960955835289098, 0.42226454293628807, 0.0, 0.0, 0.0, 0.0, 0.35283136278780336, 0.0, 0.0, 0.0]",179.91904241342544,814236.833984375,0.1455826137144596,0.0788516513112852,0.0,0.0102915951972555,0.4281824370319945,0.0,0.0,0.0,0.0,0.3500424808836024,0.0,0.0,0.0,"[0.010291595197255575, 0.42818243703199454, 0.0, 0.0, 0.0, 0.0, 0.3500424808836024, 0.0, 0.0, 0.0]",179.82262234637258,0.0,5.549115896224976,1228147.0,1233435.0,629150.0,0.0,2559.0,"1515/175, 175/176, 176/177, 177/178, 178/179, 179/180, 180/181, 181/182, 182/183, 183/184, 184/185, 185/186, 186/187, 187/188, 188/189, 189/190, 190/191, 191/192, 192/193, 193/194, 194/195, 195/196, 196/197, 197/198, 198/199, 199/200, 200/201, 201/202, 202/10","1515/63, 175/73, 176/109, 177/76, 178/80, 179/93, 180/93, 181/91, 182/91, 183/78, 184/109, 185/92, 186/68, 187/91, 188/92, 189/85, 190/93, 191/116, 192/109, 193/126, 194/79, 195/120, 196/117, 197/117, 198/144, 199/113, 200/94, 201/107, 202/10",69700.0,0.0,1.0
24,v1.12 - 151,0,CrossEntropy,Adam,0.0009,1,50,MainLinear,0.0002,27,175,ACI,100,0.2,0,-2,3,cuda,0.0005,0.0015,"[108, 98, 99, 99, 100, 100, 101, 101, 102, 103, 103, 104, 104, 105, 105, 106, 106, 107, 108, 108, 109, 109, 110, 110, 111, 112, 112, 113, 10]","[0.62, 0.56, 0.56, 0.56, 0.56, 0.56, 0.56, 0.56, 0.56, 0.56, 0.56, 0.56, 0.56, 0.56, 0.56, 0.56, 0.56, 0.56, 0.56, 0.56, 0.56, 0.56, 0.56, 0.56, 0.56, 0.56, 0.56, 0.56, 1.0]",iterative_full_theseus_training|iterative_full_theseus,0.5,0.5,0.05,0.03,3.0,2.0,False,"[10, 30, 30, 30, 30, 30, 30, 30, 30, 30, 30, 30, 30, 30, 30, 30, 30, 30, 30, 30, 30, 30, 30, 30, 30, 30, 30, 30, 10]",All,models_for_ontology/3-ModelStateDict1731477998.6417298.pt,ModelStateDict1731477998.6417298.pt,10,1515,,results/BigModel(toOntology).csv,3523623,2025-02-12 16:06:42.728774,x86_64,NVIDIA GeForce RTX 2080 Ti,"_CudaDeviceProperties(name='NVIDIA GeForce RTX 2080 Ti', major=7, minor=5, total_memory=11004MB, multi_processor_count=68)",42079.256452322006,0.0017236901099287,,0.0018613968078043,,0.0016439792291395,,0.0015172958485084,,0.0015529642762981,,42557.458419799805,330.481663999999,22765568.0,18113.0,4528.0,25.53427930176258,0.9481213635172144,0.6695049697365402,0.0,0.9385416666666668,0.9954436971143416,0.9693171432301868,0.0,0.7052631578947368,0.5239948119325551,0.998825601879037,0.9922350472193074,0.0,0.5714285714285714,"[0.9385416666666667, 0.9954436971143416, 0.9693171432301867, 0.0, 0.7052631578947368, 0.5239948119325551, 0.998825601879037, 0.9922350472193074, 0.0, 0.5714285714285714]",0.001409721156173,9.257162094116213,0.934426383637886,0.642397824268268,0.0,0.9251471825063078,0.9914529914529916,0.9670091941590048,0.0,0.6923076923076923,0.5614035087719298,0.9903846153846154,0.9885807504078304,0.0,0.3076923076923077,"[0.9251471825063078, 0.9914529914529915, 0.9670091941590049, 0.0, 0.6923076923076923, 0.5614035087719298, 0.9903846153846154, 0.9885807504078303, 0.0, 0.3076923076923077]",0.0020444262575344,0.0,6.583107709884644,471678.0,474669.0,0.0,0.0,0.0,"1515/109, 109/99, 99/100, 100/100, 100/101, 101/101, 101/102, 102/102, 102/103, 103/104, 104/104, 104/105, 105/105, 105/106, 106/106, 106/107, 107/107, 107/108, 108/109, 109/109, 109/110, 110/110, 110/111, 111/111, 111/112, 112/113, 113/113, 113/114, 114/10","1515/109, 109/99, 99/100, 100/100, 100/101, 101/101, 101/102, 102/102, 102/103, 103/104, 104/104, 104/105, 105/105, 105/106, 106/106, 106/107, 107/107, 107/108, 108/109, 109/109, 109/110, 110/110, 110/111, 111/111, 111/112, 112/113, 113/113, 113/114, 114/10",49027.0,2.0,1.0