,Version,Notes,LossFunction,Optimizer,LearningRate,NumberOfEpochs,ModelStructure,DatasetName,BatchSize,TrainTest,MaxSamples,Dataparallel,NumberOfWorkers,Device,AlphaForADMM,RhoForADMM,LayerPruneTargets,WeightPrunePercent,PruningSelection,BERTTheseusStartingLearningRate,BERTTheseusLearningRateModifier,AlphaForTOFD,BetaForTOFD,tForTOFD,LayerIteration,SaveLocation,FromSaveLocation,ProcessID,StartTime,cpuModel,TimeForPrune,Memory,LengthOfTrainingData,LengthOfValidationData,total_loss,f1_score,mean_loss,val_total_loss,val_f1_score,val_mean_loss,epoch,Epoch waypoint 0 mean_loss,-Waypoint_0-,Epoch waypoint 1 mean_loss,-Waypoint_1-,Epoch waypoint 2 mean_loss,-Waypoint_2-,Epoch waypoint 3 mean_loss,-Waypoint_3-,Epoch waypoint 4 mean_loss,-Waypoint_4-,TimeForRun,macs,parameters,NumberOfZeros,ModelWeightStructure,ModelWeightStructurePruneZero,GarbageCollectionSizeTotal,AssociatedOriginalRow
0,v0.61 - 61,0,CrossEntropy,Adam,0.02,10,SwappingTest,RandomDummy,3,0.2,100,-2,0,cpu,0.0005,0.0015,"[3, 1, 3]","[0.9, 0.7, 0.5]",,0.5,0.5,0.05,0.03,3.0,"[3, 1, 3]",,,87700,2024-08-29 22:24:14.105537,i386,8.678436279296875e-05,0.0,80.0,20.0,79038.37462615967,0.9173823529411764,987.9796828269958,67965.63354492188,0.6599999999999999,3398.2816772460938,9.0,289.61531788110733,ModelStateDict-Waypoint_0-1724984654.566844.pt,392.9360677546821,ModelStateDict-Waypoint_1-1724984654.844686.pt,352.2553584128618,ModelStateDict-Waypoint_2-1724984655.1262689.pt,299.1950230836868,ModelStateDict-Waypoint_3-1724984655.4118998.pt,428.33793392181394,ModelStateDict-Waypoint_4-1724984655.740077.pt,1.7041561603546145,30602.0,30905.0,0.0,"100/101, 101/102, 102/100","100/101, 101/102, 102/100",3640.0,
1,v0.61 - 61,0,CrossEntropy,Adam,0.02,10,SwappingTest,RandomDummy,3,0.2,100,-2,0,cpu,0.0005,0.0015,"[3, 1, 3]","[0.9, 0.5, 1.0]",,0.5,0.5,0.05,0.03,3.0,"[3, 1, 3]",,,87789,2024-08-29 22:25:20.190512,i386,0.000112771987915,0.0,80.0,20.0,31971.744415283203,0.9433823529411764,399.64680519104,18077.75457763672,0.7951048951048951,903.887728881836,9.0,203.55330616235733,ModelStateDict-Waypoint_0-1724984720.508388.pt,141.16262715160846,ModelStateDict-Waypoint_1-1724984720.946789.pt,104.5807596206665,ModelStateDict-Waypoint_2-1724984721.230069.pt,374.1838559627533,ModelStateDict-Waypoint_3-1724984721.5158799.pt,1333.8823490142822,ModelStateDict-Waypoint_4-1724984721.8376698.pt,1.7075920104980469,30602.0,30905.0,0.0,"100/101, 101/102, 102/100","100/101, 101/102, 102/100",3640.0,
2,v0.61 - 61,0,CrossEntropy,Adam,0.02,10,SwappingTest,RandomDummy,3,0.2,100,-2,0,cpu,0.0005,0.0015,"[3, 1, 3]","[0.9, 0.5, 1.0]",TOFD_INCOMPLETE,0.5,0.5,0.05,0.03,3.0,"[3, 1, 3]",,,87789,2024-08-29 22:25:23.396116,i386,1.0072259902954102,0.0,80.0,20.0,,0.0,,,0.0,,9.0,,,,,,,,,,,1.1832246780395508,37682.0,19083.0,0.0,"100/91, 91/51, 51/100","100/91, 91/51, 51/100",6879.0,1.0
3,v0.61 - 61,0,CrossEntropy,Adam,0.02,10,SwappingTest,RandomDummy,3,0.2,100,-2,0,cpu,0.0005,0.0015,"[3, 1, 3]","[0.9, 0.5, 1.0]",RandomStructured,0.5,0.5,0.05,0.03,3.0,"[3, 1, 3]",,,87789,2024-08-29 22:25:25.080312,i386,0.0309441089630126,0.0,80.0,20.0,5875.14453125,0.9627358490566038,73.439306640625,5875.14453125,0.8538461538461538,293.7572265625,9.0,73.439306640625,,73.439306640625,,73.439306640625,,73.439306640625,,73.439306640625,,1.237901210784912,30602.0,30905.0,6251.0,"100/101, 101/102, 102/100","100/90, 101/51, 102/100",5970.0,1.0
4,v0.61 - 61,0,CrossEntropy,Adam,0.02,10,SwappingTest,RandomDummy,3,0.2,100,-2,0,cpu,0.0005,0.0015,"[3, 1, 3]","[0.9, 0.5, 1.0]",DAIS_training|DAIS,0.5,0.5,0.05,0.03,3.0,"[3, 1, 3]",,,87789,2024-08-29 22:25:33.167104,i386,6.405149936676025,0.0,80.0,20.0,2403500.7109375,0.0003086419753086,30043.75888671875,585158.9921875,0.0047619047619047,29257.949609375,9.0,30043.75888671875,,30043.75888671875,,30043.75888671875,,30043.75888671875,,30043.75888671875,,1.248495101928711,30602.0,30905.0,20967.0,"100/101, 101/102, 102/100","100/63, 101/31, 102/2",5970.0,1.0
5,v0.61 - 61,0,CrossEntropy,Adam,0.02,10,SwappingTest,RandomDummy,3,0.2,100,-2,0,cpu,0.0005,0.0015,"[3, 1, 3]","[0.9, 0.5, 1.0]",,0.5,0.5,0.05,0.03,3.0,"[3, 1, 3]",,,87966,2024-08-29 22:26:32.555076,i386,0.0002839565277099,0.0,80.0,20.0,40788.923828125,0.950235849056604,509.8615478515625,13628.7109375,0.8681818181818182,681.435546875,9.0,198.9488341655524,ModelStateDict-Waypoint_0-1724984792.972322.pt,179.75882279872894,ModelStateDict-Waypoint_1-1724984793.400012.pt,154.06134045124054,ModelStateDict-Waypoint_2-1724984793.8269691.pt,950.4736335754394,ModelStateDict-Waypoint_3-1724984794.306098.pt,1346.3692504882813,ModelStateDict-Waypoint_4-1724984794.7658749.pt,2.29988694190979,30602.0,30905.0,0.0,"100/101, 101/102, 102/100","100/101, 101/102, 102/100",3640.0,
6,v0.61 - 61,0,CrossEntropy,Adam,0.02,10,SwappingTest,RandomDummy,3,0.2,100,-2,0,cpu,0.0005,0.0015,"[3, 1, 3]","[0.9, 0.5, 1.0]",TOFD_INCOMPLETE,0.5,0.5,0.05,0.03,3.0,"[3, 1, 3]",,,87966,2024-08-29 22:26:36.773871,i386,1.2220790386199951,0.0,80.0,20.0,,0.0,,,0.0,,9.0,,,,,,,,,,,1.7300448417663574,37682.0,19083.0,0.0,"100/91, 91/51, 51/100","100/91, 91/51, 51/100",6879.0,5.0
7,v0.61 - 61,0,CrossEntropy,Adam,0.02,10,SwappingTest,RandomDummy,3,0.2,100,-2,0,cpu,0.0005,0.0015,"[3, 1, 3]","[0.9, 0.5, 1.0]",RandomStructured,0.5,0.5,0.05,0.03,3.0,"[3, 1, 3]",,,87966,2024-08-29 22:26:39.223251,i386,0.0225918292999267,0.0,80.0,20.0,75674.94921875,0.644760781671159,945.936865234375,19911.74609375,0.5894230769230769,995.5873046875,9.0,945.936865234375,,945.936865234375,,945.936865234375,,945.936865234375,,945.936865234375,,1.2852859497070312,30602.0,30905.0,6251.0,"100/101, 101/102, 102/100","100/90, 101/51, 102/100",5970.0,5.0
8,v0.61 - 61,0,CrossEntropy,Adam,0.02,10,SwappingTest,RandomDummy,3,0.2,100,-2,0,cpu,0.0005,0.0015,"[3, 1, 3]","[0.9, 0.5, 1.0]",DAIS_training|DAIS,0.5,0.5,0.05,0.03,3.0,"[3, 1, 3]",,,87966,2024-08-29 22:26:46.675659,i386,5.68541407585144,0.0,80.0,20.0,2299746.7421875,0.0,28746.83427734375,607918.4609375,0.0,30395.923046875,9.0,28746.83427734375,,28746.83427734375,,28746.83427734375,,28746.83427734375,,28746.83427734375,,1.0914278030395508,30602.0,30905.0,18630.0,"100/101, 101/102, 102/100","100/52, 101/62, 102/5",5970.0,5.0
9,v0.61 - 61,0,CrossEntropy,Adam,0.02,10,SwappingTest,RandomDummy,3,0.2,100,-2,0,cpu,0.0005,0.0015,"[3, 1, 3]","[0.9, 0.5, 1.0]",BERT_theseus_training|BERT_theseus,0.5,0.5,0.05,0.03,3.0,"[3, 1, 3]",,,87966,2024-08-29 22:26:48.905373,i386,0.6769759654998779,0.0,80.0,20.0,5416.6256103515625,0.0,67.70782012939453,1400.4900512695312,0.0,70.02450256347656,9.0,67.70782012939453,,67.70782012939453,,67.70782012939453,,67.70782012939453,,67.70782012939453,,1.0750620365142822,10000.0,10100.0,0.0,100/100,100/100,5972.0,5.0
10,v0.61 - 61,0,CrossEntropy,Adam,0.02,10,SwappingTest,RandomDummy,3,0.2,100,-2,0,cpu,0.0005,0.0015,"[3, 1, 3]","[0.9, 0.5, 1.0]",iteritive_full_theseus_training|iteritive_full_theseus,0.5,0.5,0.05,0.03,3.0,"[3, 1, 3]",,,87966,2024-08-29 22:27:26.635800,i386,36.18671703338623,0.0,80.0,20.0,1765.023551940918,0.5327919751612132,22.06279439926148,515.2352676391602,0.4663967611336032,25.76176338195801,9.0,22.06279439926148,,22.06279439926148,,22.06279439926148,,22.06279439926148,,22.06279439926148,,1.1092946529388428,18690.0,18931.0,0.0,"100/90, 90/51, 51/100","100/90, 90/51, 51/100",5784.0,5.0
11,v0.61 - 61,0,CrossEntropy,Adam,0.02,10,SwappingTest,RandomDummy,3,0.2,100,-2,0,cpu,0.0005,0.0015,"[3, 1, 3]","[0.9, 0.5, 1.0]",thinet,0.5,0.5,0.05,0.03,3.0,"[3, 1, 3]",,,87966,2024-08-29 22:27:29.811015,i386,1.6002202033996582,0.0,80.0,20.0,848017.076171875,0.325,10600.213452148437,220184.263671875,0.3,11009.21318359375,9.0,10600.213452148437,,10600.213452148437,,10600.213452148437,,10600.213452148437,,10600.213452148437,,1.1480090618133545,28391.0,28683.0,232.0,"100/101, 101/91, 91/100","100/101, 101/91, 91/100",5937.0,5.0
12,v0.61 - 61,0,CrossEntropy,Adam,0.02,10,SwappingTest,RandomDummy,3,0.2,100,-2,0,cpu,0.0005,0.0015,"[3, 1, 3]","[0.9, 0.5, 1.0]",ADDM_Joint,0.5,0.5,0.05,0.03,3.0,"[3, 1, 3]",,,87966,2024-08-29 22:27:35.955946,i386,4.519108057022095,0.0,80.0,20.0,1980073338994688.0,0.1594339622641509,24750916737433.6,1303103278153728.0,0.1384615384615384,65155163907686.4,9.0,24750916737433.6,,24750916737433.6,,24750916737433.6,,24750916737433.6,,24750916737433.6,,1.1672310829162598,30602.0,30905.0,6161.0,"100/101, 101/102, 102/100","100/101, 101/102, 102/100",7182.0,5.0
13,v0.61 - 61,0,CrossEntropy,Adam,0.02,10,SwappingTest,RandomDummy,3,0.2,100,-2,0,cpu,0.0005,0.0015,"[3, 1, 3]","[0.9, 0.5, 1.0]",ADDM_Joint,0.5,0.5,0.05,0.03,3.0,"[3, 1, 3]",,,88502,2024-08-29 22:37:52.673436,i386,8.821487426757812e-05,0.0,80.0,20.0,512.5593566894531,0.9357046592221794,6.406991958618164,282.33155822753906,0.7951048951048951,14.116577911376954,9.0,165.82584944628178,,478.65617179870605,,45.53885605335236,,43.308512449264526,,12.969058227539062,,1.7726199626922607,30602.0,30905.0,0.0,"100/101, 101/102, 102/100","100/101, 101/102, 102/100",3640.0,12.0
14,v0.61 - 61,0,CrossEntropy,Adam,0.02,10,SwappingTest,RandomDummy,3,0.2,100,-2,0,cpu,0.0005,0.0015,"[3, 1, 3]","[0.9, 0.5, 1.0]",ADDM_Joint|DAIS_training|DAIS,0.5,0.5,0.05,0.03,3.0,"[3, 1, 3]",,,88502,2024-08-29 22:40:16.461062,i386,143.6314833164215,0.0,80.0,20.0,50603.60131502152,0.0,632.5450164377689,11681.289303302765,0.0,584.0644651651382,9.0,632.5450164377689,,632.5450164377689,,632.5450164377689,,632.5450164377689,,632.5450164377689,,1.243522882461548,30602.0,30905.0,23561.0,"100/101, 101/102, 102/100","100/32, 101/35, 102/3",4549.0,13.0
15,v0.61 - 61,0,CrossEntropy,Adam,0.02,10,SwappingTest,RandomDummy,3,0.2,100,-2,0,cpu,0.0005,0.0015,"[3, 1, 3]","[0.9, 0.5, 1.0]",ADDM_Joint|DAIS_training|DAIS,0.5,0.5,0.05,0.03,3.0,"[3, 1, 3]",,,88852,2024-08-29 22:44:22.022337,i386,8.034706115722656e-05,0.0,80.0,20.0,110485.05981445312,0.9094537815126048,1381.063247680664,41499.53076171875,0.8681818181818182,2074.9765380859376,9.0,206.2163701853832,,111.8823546409607,,544.6495784759521,,238.4239468097687,,789.72890625,,1.4994699954986572,30602.0,30905.0,0.0,"100/101, 101/102, 102/100","100/101, 101/102, 102/100",3640.0,14.0
16,v0.61 - 61,0,CrossEntropy,Adam,0.02,10,SwappingTest,RandomDummy,3,0.2,100,-2,0,cpu,0.0005,0.0015,"[3, 1, 3]","[0.9, 0.5, 1.0]",ADDM_Joint|DAIS_training|DAIS|DAIS_training|DAIS,0.5,0.5,0.05,0.03,3.0,"[3, 1, 3]",,,88852,2024-08-29 22:44:28.541750,i386,4.5464301109313965,0.0,80.0,20.0,525425.26171875,0.0,6567.815771484375,141059.59765625,0.0,7052.9798828125,9.0,6567.815771484375,,6567.815771484375,,6567.815771484375,,6567.815771484375,,6567.815771484375,,1.145327091217041,30602.0,30905.0,6432.0,"100/101, 101/102, 102/100","100/69, 101/70, 102/100",4549.0,15.0
17,v0.61 - 61,0,CrossEntropy,Adam,0.02,10,SwappingTest,RandomDummy,3,0.2,100,-2,0,cpu,0.0005,0.0015,"[3, 1, 3]","[0.9, 0.5, 1.0]",,0.5,0.5,0.05,0.03,3.0,"[3, 1, 3]",,,88949,2024-08-29 22:45:45.794242,i386,7.605552673339844e-05,0.0,80.0,20.0,21871.0924949646,0.9158367346938776,273.3886561870575,38129.8193359375,0.7451048951048951,1906.490966796875,9.0,219.25961779356004,,158.72477242946624,,167.60349516868592,,35.44108076095581,,463.4297034263611,,1.4366700649261477,30602.0,30905.0,0.0,"100/101, 101/102, 102/100","100/101, 101/102, 102/100",3640.0,5.0
18,v0.61 - 61,0,CrossEntropy,Adam,0.02,10,SwappingTest,RandomDummy,3,0.2,100,-2,0,cpu,0.0005,0.0015,"[3, 1, 3]","[0.9, 0.5, 1.0]",DAIS_training|DAIS,0.5,0.5,0.05,0.03,3.0,"[3, 1, 3]",,,88949,2024-08-29 22:45:52.138959,i386,4.446398973464966,0.0,80.0,20.0,5990222.25,0.0,74877.778125,1553718.1875,0.0,77685.909375,9.0,74877.778125,,74877.778125,,74877.778125,,74877.778125,,74877.778125,,1.1069738864898682,30602.0,30905.0,7033.0,"100/101, 101/102, 102/100","100/64, 101/69, 102/100",4549.0,17.0
19,v0.61 - 61,0,CrossEntropy,Adam,0.02,10,SwappingTest,RandomDummy,3,0.2,100,-2,0,cpu,0.0005,0.0015,"[3, 1, 3]","[0.9, 0.5, 1.0]",,0.5,0.5,0.05,0.03,3.0,"[3, 1, 3]",,,89050,2024-08-29 22:46:50.295828,i386,7.104873657226562e-05,0.0,80.0,20.0,5713.484050750732,0.9042295918367348,71.41855063438416,1339.8511962890625,0.85,66.99255981445313,9.0,156.83131176233292,,122.067364692688,,632.219376373291,,342.016138458252,,89.63421563757583,,1.479875087738037,30602.0,30905.0,0.0,"100/101, 101/102, 102/100","100/101, 101/102, 102/100",3640.0,5.0
20,v0.61 - 61,0,CrossEntropy,Adam,0.02,10,SwappingTest,RandomDummy,3,0.2,100,-2,0,cpu,0.0005,0.0015,"[3, 1, 3]","[0.9, 0.5, 1.0]",,0.5,0.5,0.05,0.03,3.0,"[3, 1, 3]",,,89050,2024-08-29 22:46:52.336121,i386,,,,,,,,,,,,,,,,,,,,,,,,,,,,,
21,v0.61 - 61,0,CrossEntropy,Adam,0.02,10,SwappingTest,RandomDummy,3,0.2,100,-2,0,cpu,0.0005,0.0015,"[3, 1, 3]","[0.9, 0.5, 1.0]",,0.5,0.5,0.05,0.03,3.0,"[3, 1, 3]",,,89188,2024-08-29 22:48:29.585373,i386,7.724761962890625e-05,0.0,80.0,20.0,114669.7900390625,0.9367647058823528,1433.3723754882812,47337.042236328125,0.7363636363636363,2366.8521118164062,9.0,186.0702722787857,,67.2557557106018,,12.2112797960639,,940.9921585083008,,827.098503613472,,1.454671859741211,30602.0,30905.0,0.0,"100/101, 101/102, 102/100","100/101, 101/102, 102/100",3640.0,5.0
22,v0.61 - 61,0,CrossEntropy,Adam,0.02,10,SwappingTest,RandomDummy,3,0.2,100,-2,0,cpu,0.0005,0.0015,"[3, 1, 3]","[0.9, 0.5, 1.0]",,0.5,0.5,0.05,0.03,3.0,"[3, 1, 3]",,,89188,2024-08-29 22:48:31.600342,i386,,,,,,,,,,,,,,,,,,,,,,,,,,,,,
23,v0.61 - 61,0,CrossEntropy,Adam,0.02,10,SwappingTest,RandomDummy,3,0.2,100,-2,0,cpu,0.0005,0.0015,"[3, 1, 3]","[0.9, 0.5, 1.0]",,0.5,0.5,0.05,0.03,3.0,"[3, 1, 3]",,,89344,2024-08-29 22:50:25.002238,i386,7.581710815429688e-05,0.0,80.0,20.0,16145.971366882324,0.9365,201.82464208602903,3316.6083984375,0.8538461538461538,165.830419921875,9.0,136.17489981651306,,75.19437427707017,,635.8646763324738,,1953.9706619262693,,607.2349285125732,,1.604583978652954,30602.0,30905.0,0.0,"100/101, 101/102, 102/100","100/101, 101/102, 102/100",3640.0,5.0
24,v0.61 - 61,0,CrossEntropy,Adam,0.02,10,SwappingTest,RandomDummy,3,0.2,100,-2,0,cpu,0.0005,0.0015,"[3, 1, 3]","[0.9, 0.5, 1.0]",,0.5,0.5,0.05,0.03,3.0,"[3, 1, 3]",,,89344,2024-08-29 22:50:27.337618,i386,,,,,,,,,,,,,,,,,,,,,,,,,,,,,
25,v0.61 - 61,0,CrossEntropy,Adam,0.02,10,SwappingTest,RandomDummy,3,0.2,100,-2,0,cpu,0.0005,0.0015,"[3, 1, 3]","[0.9, 0.5, 1.0]",,0.5,0.5,0.05,0.03,3.0,"[3, 1, 3]",,,89882,2024-08-29 22:59:07.939475,i386,0.0001370906829833,0.0,80.0,20.0,295846.5469970703,0.925,3698.081837463379,45522.21063232422,0.7363636363636363,2276.110531616211,9.0,373.2105944256124,,107.80259802266956,,188.8573729515076,,746.5203046321869,,125.83503036499025,,4.958566188812256,30602.0,30905.0,0.0,"100/101, 101/102, 102/100","100/101, 101/102, 102/100",3640.0,5.0
26,v0.61 - 61,0,CrossEntropy,Adam,0.02,10,SwappingTest,RandomDummy,3,0.2,100,-2,0,cpu,0.0005,0.0015,"[3, 1, 3]","[0.9, 0.5, 1.0]",,0.5,0.5,0.05,0.03,3.0,"[3, 1, 3]",,,89882,2024-08-29 22:59:13.834499,i386,,,,,,,,,,,,,,,,,,,,,,,,,,,,,
27,v0.61 - 61,0,CrossEntropy,Adam,0.02,10,SwappingTest,RandomDummy,3,0.2,100,-2,0,cpu,0.0005,0.0015,"[3, 1, 3]","[0.9, 0.5, 1.0]",,0.5,0.5,0.05,0.03,3.0,"[3, 1, 3]",,,90254,2024-08-29 23:07:30.447811,i386,8.392333984375e-05,0.0,80.0,20.0,45803.07651519776,0.9097046592221794,572.5384564399719,29566.560913085938,0.7136363636363636,1478.3280456542968,9.0,212.7146629691124,,103.80740358901676,,224.86848220825195,,180.5894164085388,,431.8385551452637,,1.795712947845459,30602.0,30905.0,0.0,"100/101, 101/102, 102/100","100/101, 101/102, 102/100",3640.0,5.0
28,v0.61 - 61,0,CrossEntropy,Adam,0.02,10,SwappingTest,RandomDummy,3,0.2,100,-2,0,cpu,0.0005,0.0015,"[3, 1, 3]","[0.9, 0.5, 1.0]",,0.5,0.5,0.05,0.03,3.0,"[3, 1, 3]",,,90254,2024-08-29 23:07:32.812544,i386,,,,,,,,,,,,,,,,,,,,,,,,,,,,,
29,v0.61 - 61,0,CrossEntropy,Adam,0.02,10,SwappingTest,RandomDummy,3,0.2,100,-2,0,cpu,0.0005,0.0015,"[3, 1, 3]","[0.9, 0.5, 1.0]",,0.5,0.5,0.05,0.03,3.0,"[3, 1, 3]",,,90470,2024-08-29 23:09:40.999333,i386,7.700920104980469e-05,0.0,80.0,20.0,114433.92712402344,0.95,1430.4240890502929,32896.82550048828,0.8681818181818182,1644.841275024414,9.0,207.3317666053772,,101.94054870605468,,47.433537817001344,,433.1580735206604,,1043.1897468566897,,1.7115099430084229,30602.0,30905.0,0.0,"100/101, 101/102, 102/100","100/101, 101/102, 102/100",3640.0,5.0
30,v0.61 - 61,0,CrossEntropy,Adam,0.02,10,SwappingTest,RandomDummy,3,0.2,100,-2,0,cpu,0.0005,0.0015,"[3, 1, 3]","[0.9, 0.5, 1.0]",,0.5,0.5,0.05,0.03,3.0,"[3, 1, 3]",,,90470,2024-08-29 23:09:43.278056,i386,,,,,,,,,,,,,,,,,,,,,,,,,,,,,
31,v0.61 - 61,0,CrossEntropy,Adam,0.02,10,SwappingTest,RandomDummy,3,0.2,100,-2,0,cpu,0.0005,0.0015,"[3, 1, 3]","[0.9, 0.5, 1.0]",,0.5,0.5,0.05,0.03,3.0,"[3, 1, 3]",,,90554,2024-08-29 23:11:43.695591,i386,8.082389831542969e-05,0.0,80.0,20.0,142191.17803955078,0.9237502774694784,1777.3897254943847,96751.962890625,0.6707792207792208,4837.59814453125,9.0,183.1478908658028,,158.4547700881958,,64.97727530002594,,163.69281868934632,,994.5909841537476,,2.316575050354004,30602.0,30905.0,0.0,"100/101, 101/102, 102/100","100/101, 101/102, 102/100",3640.0,5.0
32,v0.61 - 61,0,CrossEntropy,Adam,0.02,10,SwappingTest,RandomDummy,3,0.2,100,-2,0,cpu,0.0005,0.0015,"[3, 1, 3]","[0.9, 0.5, 1.0]",,0.5,0.5,0.05,0.03,3.0,"[3, 1, 3]",,,90554,2024-08-29 23:11:46.728044,i386,,,,,,,,,,,,,,,,,,,,,,,,,,,,,
33,v0.61 - 61,0,CrossEntropy,Adam,0.02,10,SwappingTest,RandomDummy,3,0.2,100,-2,0,cpu,0.0005,0.0015,"[3, 1, 3]","[0.9, 0.5, 1.0]",DAIS_training|DAIS,0.5,0.5,0.05,0.03,3.0,"[3, 1, 3]",,,90554,2024-08-29 23:11:53.595448,i386,6.867156982421875,0.0,80.0,20.0,1173.492904663086,0.0,14.668661308288574,303.3637390136719,0.0,15.168186950683594,9.0,14.668661308288574,,14.668661308288574,,14.668661308288574,,14.668661308288574,,14.668661308288574,,1.965074062347412,30602.0,30905.0,20301.0,"100/101, 101/102, 102/100","0/0, 101/1, 102/100",6371.0,5.0
34,v0.61 - 61,0,CrossEntropy,Adam,0.02,10,SwappingTest,RandomDummy,3,0.2,100,-2,0,cpu,0.0005,0.0015,"[3, 1, 3]","[0.9, 0.5, 1.0]",,0.5,0.5,0.05,0.03,3.0,"[3, 1, 3]",,,90752,2024-08-29 23:14:33.465221,i386,0.0001142024993896,0.0,80.0,20.0,33368.3655796051,0.9372502774694784,417.10456974506377,5631.697235107422,0.7951048951048951,281.5848617553711,9.0,150.28795378245795,,331.1579648971557,,109.17191290855408,,84.4707181930542,,119.30995063781738,,1.7382690906524658,30602.0,30905.0,0.0,"100/101, 101/102, 102/100","100/101, 101/102, 102/100",3640.0,5.0
35,v0.61 - 61,0,CrossEntropy,Adam,0.02,10,SwappingTest,RandomDummy,3,0.2,100,-2,0,cpu,0.0005,0.0015,"[3, 1, 3]","[0.9, 0.5, 1.0]",,0.5,0.5,0.05,0.03,3.0,"[3, 1, 3]",,,90752,2024-08-29 23:14:35.824443,i386,,,,,,,,,,,,,,,,,,,,,,,,,,,,,
36,v0.61 - 61,0,CrossEntropy,Adam,0.02,10,SwappingTest,RandomDummy,3,0.2,100,-2,0,cpu,0.0005,0.0015,"[3, 1, 3]","[0.9, 0.5, 1.0]",DAIS_training|DAIS,0.5,0.5,0.05,0.03,3.0,"[3, 1, 3]",,,90752,2024-08-29 23:14:41.837979,i386,6.006509065628052,0.0,80.0,20.0,1451.917823791504,0.0,18.1489727973938,379.510368347168,0.0,18.9755184173584,9.0,18.1489727973938,,18.1489727973938,,18.1489727973938,,18.1489727973938,,18.1489727973938,,1.3699707984924316,30602.0,30905.0,20201.0,"100/101, 101/102, 102/100","100/1, 101/1, 102/100",2731.0,5.0
37,v0.61 - 61,0,CrossEntropy,Adam,0.02,10,SwappingTest,RandomDummy,3,0.2,100,-2,0,cpu,0.0005,0.0015,"[3, 1, 3]","[0.9, 0.5, 1.0]",,0.5,0.5,0.05,0.03,3.0,"[3, 1, 3]",,,90752,2024-08-29 23:15:11.145433,i386,,,,,,,,,,,,,,,,,,,,,,,,,,,,,
38,v0.61 - 61,0,CrossEntropy,Adam,0.02,10,SwappingTest,RandomDummy,3,0.2,100,-2,0,cpu,0.0005,0.0015,"[3, 1, 3]","[0.9, 0.5, 1.0]",thinet,0.5,0.5,0.05,0.03,3.0,"[3, 1, 3]",,,90752,2024-08-29 23:15:12.820262,i386,1.6736392974853516,0.0,80.0,20.0,4089.07275390625,0.9627358490566038,51.11340942382813,6528.9044189453125,0.7363636363636363,326.4452209472656,9.0,192.64996912181377,,42.58284702301025,,74.45548126716167,,478.6151966571808,,134.60157890468835,,1.6640686988830566,28391.0,28683.0,0.0,"100/101, 101/91, 91/100","100/101, 101/91, 91/100",6239.0,5.0
39,v0.61 - 61,0,CrossEntropy,Adam,0.02,10,SwappingTest,RandomDummy,3,0.2,100,-2,0,cpu,0.0005,0.0015,"[3, 1, 3]","[0.9, 0.5, 1.0]",,0.5,0.5,0.05,0.03,3.0,"[3, 1, 3]",,,91187,2024-08-29 23:18:30.272851,i386,7.82012939453125e-05,0.0,80.0,20.0,1836.832504272461,0.0,22.96040630340576,473.5221099853516,0.0,23.67610549926757,0.0,,,,,,,,,,,0.1977341175079345,30602.0,30905.0,0.0,"100/101, 101/102, 102/100","100/101, 101/102, 102/100",913.0,5.0
40,v0.61 - 61,0,CrossEntropy,Adam,0.02,10,SwappingTest,RandomDummy,3,0.2,100,-2,0,cpu,0.0005,0.0015,"[3, 1, 3]","[0.9, 0.5, 1.0]",DAIS_training|DAIS,0.5,0.5,0.05,0.03,3.0,"[3, 1, 3]",,,91187,2024-08-29 23:18:43.417764,i386,4.083136081695557,0.0,80.0,20.0,1836.832504272461,0.0,22.96040630340576,473.5221099853516,0.0,23.67610549926757,0.0,,,,,,,,,,,0.107023000717163,30602.0,30905.0,0.0,"100/101, 101/102, 102/100","100/101, 101/102, 102/100",2731.0,5.0
41,v0.61 - 61,0,CrossEntropy,Adam,0.02,10,SwappingTest,RandomDummy,3,0.2,100,-2,0,cpu,0.0005,0.0015,"[3, 1, 3]","[0.9, 0.5, 1.0]",,0.5,0.5,0.05,0.03,3.0,"[3, 1, 3]",,,91260,2024-08-29 23:19:16.914443,i386,7.772445678710938e-05,0.0,80.0,20.0,1175.93900680542,0.3188679245283018,14.699237585067747,303.181209564209,0.2769230769230769,15.15906047821045,0.0,,,,,,,,,,,0.233314037322998,30602.0,30905.0,0.0,"100/101, 101/102, 102/100","100/101, 101/102, 102/100",913.0,5.0
42,v0.61 - 61,0,CrossEntropy,Adam,0.02,10,SwappingTest,RandomDummy,3,0.2,100,-2,0,cpu,0.0005,0.0015,"[3, 1, 3]","[0.9, 0.5, 1.0]",DAIS_training|DAIS,0.5,0.5,0.05,0.03,3.0,"[3, 1, 3]",,,91260,2024-08-29 23:19:21.884095,i386,4.153273105621338,0.0,80.0,20.0,1175.93900680542,0.3188679245283018,14.699237585067747,303.181209564209,0.2769230769230769,15.15906047821045,0.0,,,,,,,,,,,0.1114680767059326,30602.0,30905.0,0.0,"100/101, 101/102, 102/100","100/101, 101/102, 102/100",2731.0,5.0
43,v0.61 - 61,0,CrossEntropy,Adam,0.02,10,SwappingTest,RandomDummy,3,0.2,100,-2,0,cpu,0.0005,0.0015,"[3, 1, 3]","[0.9, 0.5, 1.0]",,0.5,0.5,0.05,0.03,3.0,"[3, 1, 3]",,,91361,2024-08-29 23:19:54.274939,i386,7.700920104980469e-05,0.0,80.0,20.0,1825.5009307861328,0.0,22.81876163482666,485.45469665527344,0.0,24.27273483276367,0.0,,,,,,,,,,,0.1726670265197754,30602.0,30905.0,0.0,"100/101, 101/102, 102/100","100/101, 101/102, 102/100",913.0,5.0
44,v0.61 - 61,0,CrossEntropy,Adam,0.02,10,SwappingTest,RandomDummy,3,0.2,100,-2,0,cpu,0.0005,0.0015,"[3, 1, 3]","[0.9, 0.5, 1.0]",DAIS_training|DAIS,0.5,0.5,0.05,0.03,3.0,"[3, 1, 3]",,,91361,2024-08-29 23:19:58.638650,i386,3.6852872371673584,0.0,80.0,20.0,1825.5009307861328,0.0,22.81876163482666,485.45469665527344,0.0,24.27273483276367,9.0,22.81876163482666,,22.81876163482666,,22.81876163482666,,22.81876163482666,,22.81876163482666,,1.260085105895996,30602.0,30905.0,0.0,"100/101, 101/102, 102/100","100/101, 101/102, 102/100",2731.0,5.0
45,v0.61 - 61,0,CrossEntropy,Adam,0.02,10,SwappingTest,RandomDummy,3,0.2,100,-2,0,cpu,0.0005,0.0015,"[3, 1, 3]","[0.9, 0.5, 1.0]",thinet,0.5,0.5,0.05,0.03,3.0,"[3, 1, 3]",,,91361,2024-08-29 23:20:48.022859,i386,1.4299819469451904,0.0,80.0,20.0,133.47308111190796,0.0,1.6684135138988494,34.29858160018921,0.0,1.7149290800094603,9.0,1.6684135138988494,,1.6684135138988494,,1.6684135138988494,,1.6684135138988494,,1.6684135138988494,,1.8983371257781985,28391.0,28683.0,69.0,"100/101, 101/91, 91/100","100/101, 101/91, 91/100",2698.0,5.0
46,v0.61 - 61,0,CrossEntropy,Adam,0.02,10,SwappingTest,RandomDummy,3,0.2,100,-2,0,cpu,0.0005,0.0015,"[3, 1, 3]","[0.9, 0.5, 1.0]",,0.5,0.5,0.05,0.03,3.0,"[3, 1, 3]",,,91561,2024-08-29 23:22:15.605854,i386,7.772445678710938e-05,0.0,80.0,20.0,1375.4191436767578,0.0,17.192739295959473,380.31874084472656,0.0,19.015937042236327,0.0,,,,,,,,,,,0.1627922058105468,30602.0,30905.0,0.0,"100/101, 101/102, 102/100","100/101, 101/102, 102/100",913.0,5.0
47,v0.61 - 61,0,CrossEntropy,Adam,0.02,10,SwappingTest,RandomDummy,3,0.2,100,-2,0,cpu,0.0005,0.0015,"[3, 1, 3]","[0.9, 0.5, 1.0]",DAIS_training|DAIS,0.5,0.5,0.05,0.03,3.0,"[3, 1, 3]",,,91561,2024-08-29 23:26:25.653353,i386,249.4298989772797,0.0,80.0,20.0,1375.4191436767578,0.0,17.192739295959473,380.31874084472656,0.0,19.015937042236327,9.0,17.192739295959473,,17.192739295959473,,17.192739295959473,,17.192739295959473,,17.192739295959473,,1.402318000793457,30602.0,30905.0,0.0,"100/101, 101/102, 102/100","100/101, 101/102, 102/100",2731.0,5.0
48,v0.61 - 61,0,CrossEntropy,Adam,0.02,10,SwappingTest,RandomDummy,3,0.2,100,-2,0,cpu,0.0005,0.0015,"[3, 1, 3]","[0.9, 0.5, 1.0]",thinet,0.5,0.5,0.05,0.03,3.0,"[3, 1, 3]",,,91561,2024-08-29 23:27:05.296582,i386,1.5141282081604004,0.0,80.0,20.0,133.65226936340332,0.0,1.6706533670425414,34.40617752075195,0.0,1.7203088760375975,9.0,1.6706533670425414,,1.6706533670425414,,1.6706533670425414,,1.6706533670425414,,1.6706533670425414,,1.3618392944335938,28391.0,28683.0,104.0,"100/101, 101/91, 91/100","100/101, 101/91, 91/100",2698.0,5.0
49,v0.61 - 61,0,CrossEntropy,Adam,0.02,10,SwappingTest,RandomDummy,3,0.2,100,-2,0,cpu,0.0005,0.0015,"[3, 1, 3]","[0.9, 0.5, 1.0]",,0.5,0.5,0.05,0.03,3.0,"[3, 1, 3]",,,91880,2024-08-29 23:28:06.463054,i386,7.295608520507812e-05,0.0,80.0,20.0,1908.0618743896484,0.0,23.850773429870607,521.7012481689453,0.0,26.085062408447264,0.0,,,,,,,,,,,0.1675858497619629,30602.0,30905.0,0.0,"100/101, 101/102, 102/100","100/101, 101/102, 102/100",913.0,5.0
50,v0.61 - 61,0,CrossEntropy,Adam,0.02,10,SwappingTest,RandomDummy,3,0.2,100,-2,0,cpu,0.0005,0.0015,"[3, 1, 3]","[0.9, 0.5, 1.0]",DAIS_training|DAIS,0.5,0.5,0.05,0.03,3.0,"[3, 1, 3]",,,91880,2024-08-29 23:28:11.194575,i386,4.08898401260376,0.0,80.0,20.0,1908.0618743896484,0.0,23.850773429870607,521.7012481689453,0.0,26.085062408447264,9.0,23.850773429870607,,23.850773429870607,,23.850773429870607,,23.850773429870607,,23.850773429870607,,1.665683031082153,30602.0,30905.0,0.0,"100/101, 101/102, 102/100","100/101, 101/102, 102/100",2731.0,5.0
51,v0.61 - 61,0,CrossEntropy,Adam,0.02,10,SwappingTest,RandomDummy,3,0.2,100,-2,0,cpu,0.0005,0.0015,"[3, 1, 3]","[0.9, 0.5, 1.0]",,0.5,0.5,0.05,0.03,3.0,"[3, 1, 3]",,,92060,2024-08-29 23:32:15.389536,i386,7.390975952148438e-05,0.0,80.0,20.0,1084.898105621338,0.0,13.561226320266725,273.2745704650879,0.0,13.663728523254395,0.0,,,,,,,,,,,0.1646740436553955,30602.0,30905.0,0.0,"100/101, 101/102, 102/100","100/101, 101/102, 102/100",913.0,5.0
52,v0.61 - 61,0,CrossEntropy,Adam,0.02,10,SwappingTest,RandomDummy,3,0.2,100,-2,0,cpu,0.0005,0.0015,"[3, 1, 3]","[0.9, 0.5, 1.0]",DAIS_training|DAIS,0.5,0.5,0.05,0.03,3.0,"[3, 1, 3]",,,92060,2024-08-29 23:32:19.751395,i386,3.694107055664064,0.0,80.0,20.0,1084.898105621338,0.0,13.561226320266725,273.2745704650879,0.0,13.663728523254395,9.0,13.561226320266725,,13.561226320266725,,13.561226320266725,,13.561226320266725,,13.561226320266725,,1.9162890911102293,30602.0,30905.0,0.0,"100/101, 101/102, 102/100","100/101, 101/102, 102/100",2731.0,5.0
53,v0.61 - 61,0,CrossEntropy,Adam,0.02,10,SwappingTest,RandomDummy,3,0.2,100,-2,0,cpu,0.0005,0.0015,"[3, 1, 3]","[0.9, 0.5, 1.0]",thinet,0.5,0.5,0.05,0.03,3.0,"[3, 1, 3]",,,92060,2024-08-29 23:32:58.586196,i386,32.76672291755676,0.0,80.0,20.0,121.04495048522948,0.325,1.5130618810653689,31.5981388092041,0.3,1.579906940460205,9.0,1.5130618810653689,,1.5130618810653689,,1.5130618810653689,,1.5130618810653689,,1.5130618810653689,,1.3102221488952637,18690.0,18931.0,0.0,"100/90, 90/51, 51/100","100/90, 90/51, 51/100",2545.0,5.0
54,v0.61 - 61,0,CrossEntropy,Adam,0.02,10,SwappingTest,RandomDummy,3,0.2,100,-2,0,cpu,0.0005,0.0015,"[3, 1, 3]","[0.9, 0.5, 1.0]",ADDM_Joint,0.5,0.5,0.05,0.03,3.0,"[3, 1, 3]",,,92060,2024-08-29 23:34:05.254587,i386,4.483774185180664,0.0,80.0,20.0,1171381731459072.0,0.1594339622641509,14642271643238.4,1136762952876032.0,0.1384615384615384,56838147643801.6,9.0,14642271643238.4,,14642271643238.4,,14642271643238.4,,14642271643238.4,,14642271643238.4,,1.5981199741363523,30602.0,30905.0,6161.0,"100/101, 101/102, 102/100","100/101, 101/102, 102/100",3943.0,5.0
55,v0.61 - 61,0,CrossEntropy,Adam,0.02,10,SwappingTest,RandomDummy,3,0.2,100,-2,0,cpu,0.0005,0.0015,"[3, 1, 3]","[0.9, 0.5, 1.0]",,0.5,0.5,0.05,0.03,3.0,"[3, 1, 3]",,,92315,2024-08-29 23:34:44.031806,i386,0.0001242160797119,0.0,80.0,20.0,2340.982147216797,0.0,29.26227684020996,591.8468627929688,0.0,29.59234313964844,0.0,,,,,,,,,,,0.2200260162353515,30602.0,30905.0,0.0,"100/101, 101/102, 102/100","100/101, 101/102, 102/100",913.0,5.0
56,v0.61 - 61,0,CrossEntropy,Adam,0.02,10,SwappingTest,RandomDummy,3,0.2,100,-2,0,cpu,0.0005,0.0015,"[3, 1, 3]","[0.9, 0.5, 1.0]",,0.5,0.5,0.05,0.03,3.0,"[3, 1, 3]",,,92717,2024-08-29 23:44:27.053722,i386,7.772445678710938e-05,0.0,80.0,20.0,,,,,,,,,,,,,,,,,,,,,,,,,5.0
57,v0.61 - 61,0,CrossEntropy,Adam,0.02,10,SwappingTest,RandomDummy,3,0.2,100,-2,0,cpu,0.0005,0.0015,"[3, 1, 3]","[0.9, 0.5, 1.0]",,0.5,0.5,0.05,0.03,3.0,"[3, 1, 3]",,,92909,2024-08-29 23:45:31.930147,i386,0.0001308917999267,0.0,80.0,20.0,1188.8642807006836,0.0,14.860803508758544,312.2482986450196,0.0,15.612414932250976,0.0,,,,,,,,,,,11.392025232315063,30602.0,30905.0,0.0,"100/101, 101/102, 102/100","100/101, 101/102, 102/100",913.0,5.0
58,v0.61 - 61,0,CrossEntropy,Adam,0.02,10,SwappingTest,RandomDummy,3,0.2,100,-2,0,cpu,0.0005,0.0015,"[3, 1, 3]","[0.9, 0.5, 1.0]",DAIS_training|DAIS,0.5,0.5,0.05,0.03,3.0,"[3, 1, 3]",,,92909,2024-08-29 23:46:20.518933,i386,30.36376595497132,0.0,80.0,20.0,69967.57641601562,0.0,874.5947052001953,17635.432861328125,0.0,881.7716430664062,9.0,874.5947052001953,,874.5947052001953,,874.5947052001953,,874.5947052001953,,874.5947052001953,,1.767686128616333,30602.0,30905.0,17698.0,"100/101, 101/102, 102/100","100/23, 101/4, 102/100",2731.0,5.0
59,v0.61 - 61,0,CrossEntropy,Adam,0.02,10,SwappingTest,RandomDummy,3,0.2,100,-2,0,cpu,0.0005,0.0015,"[3, 1, 3]","[0.9, 0.5, 1.0]",ADDM_Joint,0.5,0.5,0.05,0.03,3.0,"[3, 1, 3]",,,92909,2024-08-29 23:46:54.521104,i386,4.730819225311279,0.0,80.0,20.0,1095090451644416.0,0.1594339622641509,13688630645555.2,1080411505688576.0,0.1384615384615384,54020575284428.8,9.0,13688630645555.2,,13688630645555.2,,13688630645555.2,,13688630645555.2,,13688630645555.2,,1.733832836151123,30602.0,30905.0,6160.0,"100/101, 101/102, 102/100","100/101, 101/102, 102/100",3943.0,5.0
60,v0.61 - 61,0,CrossEntropy,Adam,0.02,10,SwappingTest,RandomDummy,3,0.2,100,-2,0,cpu,0.0005,0.0015,"[3, 1, 3]","[0.9, 0.5, 1.0]",,0.5,0.5,0.05,0.03,3.0,"[3, 1, 3]",,,93059,2024-08-29 23:47:52.346400,i386,7.796287536621094e-05,0.0,80.0,20.0,2600.471824645996,0.0,32.50589780807495,680.4931869506836,0.0,34.02465934753418,0.0,,,,,,,,,,,0.1853313446044922,30602.0,30905.0,0.0,"100/101, 101/102, 102/100","100/101, 101/102, 102/100",913.0,5.0
61,v0.61 - 61,0,CrossEntropy,Adam,0.02,10,SwappingTest,RandomDummy,3,0.2,100,-2,0,cpu,0.0005,0.0015,"[3, 1, 3]","[0.9, 0.5, 1.0]",DAIS_training|DAIS,0.5,0.5,0.05,0.03,3.0,"[3, 1, 3]",,,93059,2024-08-29 23:49:49.300797,i386,101.98517417907716,0.0,80.0,20.0,4535.304611206055,0.0,56.691307640075685,1177.024887084961,0.0,58.851244354248045,9.0,56.691307640075685,,56.691307640075685,,56.691307640075685,,56.691307640075685,,56.691307640075685,,1.933563232421875,30602.0,30905.0,20201.0,"100/101, 101/102, 102/100","100/1, 101/1, 102/100",2731.0,5.0
62,v0.61 - 61,0,CrossEntropy,Adam,0.02,10,SwappingTest,RandomDummy,3,0.2,100,-2,0,cpu,0.0005,0.0015,"[3, 1, 3]","[0.9, 0.5, 1.0]",ADDM_Joint,0.5,0.5,0.05,0.03,3.0,"[3, 1, 3]",,,93059,2024-08-29 23:50:55.518088,i386,4.889637231826782,0.0,80.0,20.0,1159096917032960.0,0.1594339622641509,14488711462912.0,1124460690145280.0,0.1384615384615384,56223034507264.0,9.0,14488711462912.0,,14488711462912.0,,14488711462912.0,,14488711462912.0,,14488711462912.0,,1.397416353225708,30602.0,30905.0,6161.0,"100/101, 101/102, 102/100","100/101, 101/102, 102/100",3943.0,5.0
63,v0.61 - 61,0,CrossEntropy,Adam,0.02,10,SwappingTest,RandomDummy,3,0.2,100,-2,0,cpu,0.0005,0.0015,"[3, 1, 3]","[0.9, 0.5, 1.0]",,0.5,0.5,0.05,0.03,3.0,"[3, 1, 3]",,,93363,2024-08-29 23:51:15.866095,i386,9.703636169433594e-05,0.0,80.0,20.0,2790.7122650146484,0.0,34.8839033126831,724.5355072021484,0.0,36.22677536010743,0.0,,,,,,,,,,,0.1731100082397461,30602.0,30905.0,0.0,"100/101, 101/102, 102/100","100/101, 101/102, 102/100",913.0,5.0
64,v0.61 - 61,0,CrossEntropy,Adam,0.02,10,SwappingTest,RandomDummy,3,0.2,100,-2,0,cpu,0.0005,0.0015,"[3, 1, 3]","[0.9, 0.5, 1.0]",ADDM_Joint,0.5,0.5,0.05,0.03,3.0,"[3, 1, 3]",,,93363,2024-08-29 23:54:00.981654,i386,144.4927158355713,0.0,80.0,20.0,1073992140062720.0,0.1594339622641509,13424901750784.0,1063674823311360.0,0.1384615384615384,53183741165568.0,9.0,13424901750784.0,,13424901750784.0,,13424901750784.0,,13424901750784.0,,13424901750784.0,,1.3647260665893557,30602.0,30905.0,6160.0,"100/101, 101/102, 102/100","100/101, 101/102, 102/100",3943.0,5.0
65,v0.61 - 61,0,CrossEntropy,Adam,0.02,10,SwappingTest,RandomDummy,3,0.2,100,-2,0,cpu,0.0005,0.0015,"[3, 1, 3]","[0.9, 0.5, 1.0]",,0.5,0.5,0.05,0.03,3.0,"[3, 1, 3]",,,93541,2024-08-29 23:54:50.131339,i386,7.486343383789062e-05,0.0,80.0,20.0,2074.099403381348,0.0,25.926242542266845,520.8610305786133,0.0,26.043051528930665,0.0,,,,,,,,,,,0.1979236602783203,30602.0,30905.0,0.0,"100/101, 101/102, 102/100","100/101, 101/102, 102/100",913.0,5.0
66,v0.61 - 61,0,CrossEntropy,Adam,0.02,10,SwappingTest,RandomDummy,3,0.2,100,-2,0,cpu,0.0005,0.0015,"[3, 1, 3]","[0.9, 0.5, 1.0]",,0.5,0.5,0.05,0.03,3.0,"[3, 1, 3]",,,93892,2024-08-30 00:01:58.514643,i386,7.891654968261719e-05,0.0,80.0,20.0,1446.101333618164,0.0,18.07626667022705,366.3891906738281,0.0,18.319459533691408,0.0,,,,,,,,,,,0.1639909744262695,30602.0,30905.0,0.0,"100/101, 101/102, 102/100","100/101, 101/102, 102/100",913.0,5.0
67,v0.61 - 61,0,CrossEntropy,Adam,0.02,10,SwappingTest,RandomDummy,3,0.2,100,-2,0,cpu,0.0005,0.0015,"[3, 1, 3]","[0.9, 0.5, 1.0]",ADDM_Joint,0.5,0.5,0.05,0.03,3.0,"[3, 1, 3]",,,93892,2024-08-30 00:02:40.572960,i386,37.812143087387085,0.0,80.0,20.0,1070454340845568.0,0.5121212121212121,13380679260569.6,1043233195163648.0,0.45,52161659758182.4,9.0,13380679260569.6,,13380679260569.6,,13380679260569.6,,13380679260569.6,,13380679260569.6,,1.3230319023132324,30602.0,30905.0,6161.0,"100/101, 101/102, 102/100","100/101, 101/102, 102/100",3943.0,5.0
68,v0.61 - 61,0,CrossEntropy,Adam,0.02,10,SwappingTest,RandomDummy,3,0.2,100,-2,0,cpu,0.0005,0.0015,"[3, 1, 3]","[0.9, 0.5, 1.0]",,0.5,0.5,0.05,0.03,3.0,"[3, 1, 3]",,,94095,2024-08-30 00:03:43.896163,i386,7.796287536621094e-05,0.0,80.0,20.0,1810.4993286132808,0.0,22.631241607666016,463.98138427734375,0.0,23.199069213867187,0.0,,,,,,,,,,,0.1727101802825927,30602.0,30905.0,0.0,"100/101, 101/102, 102/100","100/101, 101/102, 102/100",913.0,5.0
69,v0.61 - 61,0,CrossEntropy,Adam,0.02,10,SwappingTest,RandomDummy,3,0.2,100,-2,0,cpu,0.0005,0.0015,"[3, 1, 3]","[0.9, 0.5, 1.0]",ADDM_Joint,0.5,0.5,0.05,0.03,3.0,"[3, 1, 3]",,,94095,2024-08-30 00:03:59.552154,i386,11.852283000946043,0.0,80.0,20.0,1166273182171136.0,0.1594339622641509,14578414777139.2,1139794260525056.0,0.1384615384615384,56989713026252.8,9.0,14578414777139.2,,14578414777139.2,,14578414777139.2,,14578414777139.2,,14578414777139.2,,1.5051968097686768,30602.0,30905.0,6161.0,"100/101, 101/102, 102/100","100/101, 101/102, 102/100",3943.0,5.0
70,v0.61 - 61,0,CrossEntropy,Adam,0.02,10,SwappingTest,RandomDummy,3,0.2,100,-2,0,cpu,0.0005,0.0015,"[3, 1, 3]","[0.9, 0.5, 1.0]",,0.5,0.5,0.05,0.03,3.0,"[3, 1, 3]",,,94207,2024-08-30 00:04:59.964621,i386,7.486343383789062e-05,0.0,80.0,20.0,1942.0490798950195,0.0,24.275613498687743,515.2386245727539,0.0,25.761931228637696,0.0,,,,,,,,,,,0.1841022968292236,30602.0,30905.0,0.0,"100/101, 101/102, 102/100","100/101, 101/102, 102/100",913.0,5.0
71,v0.61 - 61,0,CrossEntropy,Adam,0.02,10,SwappingTest,RandomDummy,3,0.2,100,-2,0,cpu,0.0005,0.0015,"[3, 1, 3]","[0.9, 0.5, 1.0]",,0.5,0.5,0.05,0.03,3.0,"[3, 1, 3]",,,94856,2024-08-30 00:12:16.477752,i386,8.20159912109375e-05,0.0,80.0,20.0,2145.4759216308594,0.0,26.818449020385746,545.1084899902344,0.0,27.25542449951172,0.0,,,,,,,,,,,0.236171007156372,30602.0,30905.0,0.0,"100/101, 101/102, 102/100","100/101, 101/102, 102/100",913.0,5.0
72,v0.61 - 61,0,CrossEntropy,Adam,0.02,10,SwappingTest,RandomDummy,3,0.2,100,-2,0,cpu,0.0005,0.0015,"[3, 1, 3]","[0.9, 0.5, 1.0]",ADDM_Joint,0.5,0.5,0.05,0.03,3.0,"[3, 1, 3]",,,94856,2024-08-30 00:12:31.405969,i386,11.300997734069824,0.0,80.0,20.0,3494.179931640625,0.9627358490566038,43.677249145507815,3494.179931640625,0.8538461538461538,174.70899658203126,9.0,43.677249145507815,,43.677249145507815,,43.677249145507815,,43.677249145507815,,43.677249145507815,,1.427583932876587,30602.0,30905.0,6161.0,"100/101, 101/102, 102/100","100/101, 101/102, 102/100",3943.0,5.0
73,v0.61 - 61,0,CrossEntropy,Adam,0.02,10,SwappingTest,RandomDummy,3,0.2,100,-2,0,cpu,0.0005,0.0015,"[3, 1, 3]","[0.9, 0.5, 1.0]",,0.5,0.5,0.05,0.03,3.0,"[3, 1, 3]",,,94988,2024-08-30 00:14:25.121607,i386,8.296966552734375e-05,0.0,80.0,20.0,2988.1702728271484,0.0,37.35212841033936,750.0225372314453,0.0,37.50112686157227,0.0,,,,,,,,,,,0.1966416835784912,30602.0,30905.0,0.0,"100/101, 101/102, 102/100","100/101, 101/102, 102/100",913.0,5.0
74,v0.61 - 61,0,CrossEntropy,Adam,0.02,10,SwappingTest,RandomDummy,3,0.2,100,-2,0,cpu,0.0005,0.0015,"[3, 1, 3]","[0.9, 0.5, 1.0]",ADDM_Joint,0.5,0.5,0.05,0.03,3.0,"[3, 1, 3]",,,94988,2024-08-30 00:14:43.351204,i386,12.062321186065674,0.0,80.0,20.0,1139.351806640625,0.9627358490566038,14.241897583007812,1139.351806640625,0.8538461538461538,56.96759033203125,9.0,14.241897583007812,,14.241897583007812,,14.241897583007812,,14.241897583007812,,14.241897583007812,,1.454730987548828,30602.0,30905.0,6161.0,"100/101, 101/102, 102/100","100/101, 101/102, 102/100",3943.0,5.0
75,v0.61 - 61,0,CrossEntropy,Adam,0.02,10,SwappingTest,RandomDummy,3,0.2,100,-2,0,cpu,0.0005,0.0015,"[3, 1, 3]","[0.9, 0.5, 1.0]",,0.5,0.5,0.05,0.03,3.0,"[3, 1, 3]",,,95161,2024-08-30 00:15:28.845352,i386,8.130073547363281e-05,0.0,80.0,20.0,1214.7925148010254,0.0,15.184906435012817,324.1793403625488,0.0,16.208967018127442,0.0,,,,,,,,,,,0.2298920154571533,30602.0,30905.0,0.0,"100/101, 101/102, 102/100","100/101, 101/102, 102/100",913.0,5.0
76,v0.61 - 61,0,CrossEntropy,Adam,0.02,10,SwappingTest,RandomDummy,3,0.2,100,-2,0,cpu,0.0005,0.0015,"[3, 1, 3]","[0.9, 0.5, 1.0]",ADDM_Joint,0.5,0.5,0.05,0.03,3.0,"[3, 1, 3]",,,95161,2024-08-30 00:18:04.815250,i386,153.14138793945312,0.0,80.0,20.0,5189.329600175216,0.9627358490566038,64.8666200021902,5189.329592227934,0.8538461538461538,259.4664796113967,9.0,64.8666200021902,,64.8666200021902,,64.8666200021902,,64.8666200021902,,64.8666200021902,,1.5600907802581787,30602.0,30905.0,6161.0,"100/101, 101/102, 102/100","100/101, 101/102, 102/100",3943.0,5.0
77,v0.62 - 62,0,CrossEntropy,Adam,0.02,10,SwappingTest,RandomDummy,3,0.2,100,-2,0,cpu,0.0005,0.0015,"[3, 1, 3]","[0.9, 0.5, 1.0]",,0.5,0.5,0.05,0.03,3.0,"[3, 1, 3]",,,95523,2024-08-30 00:21:21.407619,i386,8.177757263183594e-05,0.0,80.0,20.0,2270.241355895996,0.0,28.37801694869995,564.2094039916992,0.0,28.21047019958496,0.0,,,,,,,,,,,0.2904820442199707,30602.0,30905.0,0.0,"100/101, 101/102, 102/100","100/101, 101/102, 102/100",913.0,5.0
78,v0.62 - 62,0,CrossEntropy,Adam,0.02,10,SwappingTest,RandomDummy,3,0.2,100,-2,0,cpu,0.0005,0.0015,"[3, 1, 3]","[0.9, 0.5, 1.0]",,0.5,0.5,0.05,0.03,3.0,"[3, 1, 3]",,,98426,2024-08-30 15:08:18.950697,i386,0.0001111030578613,0.0,80.0,20.0,2260.389091491699,0.0,28.25486364364624,541.3255233764648,0.0,27.066276168823244,0.0,,,,,,,,,,,0.1871941089630127,30602.0,30905.0,0.0,"100/101, 101/102, 102/100","100/101, 101/102, 102/100",913.0,5.0
79,v0.62 - 62,0,CrossEntropy,Adam,0.02,10,SwappingTest,RandomDummy,3,0.2,100,-2,0,cpu,0.0005,0.0015,"[3, 1, 3]","[0.9, 0.5, 1.0]",ADDM_Joint,0.5,0.5,0.05,0.03,3.0,"[3, 1, 3]",,,98426,2024-08-30 15:08:39.841524,i386,16.516345977783203,0.0,80.0,20.0,1477.0732421875,0.9627358490566038,18.46341552734375,1477.0732421875,0.8538461538461538,73.853662109375,9.0,18.46341552734375,,18.46341552734375,,18.46341552734375,,18.46341552734375,,18.46341552734375,,1.4435560703277588,30602.0,30905.0,6161.0,"100/101, 101/102, 102/100","100/101, 101/102, 102/100",3943.0,5.0
80,v0.62 - 62,0,CrossEntropy,Adam,0.02,10,SwappingTest,RandomDummy,3,0.2,100,-2,0,cpu,0.0005,0.0015,"[3, 1, 3]","[0.9, 0.5, 1.0]",,0.5,0.5,0.05,0.03,3.0,"[3, 1, 3]",,,98671,2024-08-30 15:12:28.264245,i386,7.414817810058594e-05,0.0,80.0,20.0,2310.0536766052246,0.0,28.87567095756531,578.8810386657715,0.0,28.944051933288574,0.0,,,,,,,,,,,0.2133321762084961,30602.0,30905.0,0.0,"100/101, 101/102, 102/100","100/101, 101/102, 102/100",913.0,5.0
81,v0.62 - 62,0,CrossEntropy,Adam,0.02,10,SwappingTest,RandomDummy,3,0.2,100,-2,0,cpu,0.0005,0.0015,"[3, 1, 3]","[0.9, 0.5, 1.0]",,0.5,0.5,0.05,0.03,3.0,"[3, 1, 3]",,,99035,2024-08-30 15:18:52.248247,i386,7.82012939453125e-05,0.0,80.0,20.0,1421.1224899291992,0.0,17.76403112411499,351.4807662963867,0.0,17.574038314819337,0.0,,,,,,,,,,,0.2512741088867187,30602.0,30905.0,0.0,"100/101, 101/102, 102/100","100/101, 101/102, 102/100",913.0,5.0
82,v0.62 - 62,0,CrossEntropy,Adam,0.02,10,SwappingTest,RandomDummy,3,0.2,100,-2,0,cpu,0.0005,0.0015,"[3, 1, 3]","[0.9, 0.5, 1.0]",,0.5,0.5,0.05,0.03,3.0,"[3, 1, 3]",,,1199,2024-08-30 15:37:54.231949,i386,8.296966552734375e-05,0.0,80.0,20.0,2012.6118621826167,0.0,25.15764827728272,518.0514678955078,0.0,25.90257339477539,0.0,,,,,,,,,,,0.2442131042480468,30602.0,30905.0,0.0,"100/101, 101/102, 102/100","100/101, 101/102, 102/100",913.0,5.0
83,v0.62 - 62,0,CrossEntropy,Adam,0.02,10,SwappingTest,RandomDummy,3,0.2,100,-2,0,cpu,0.0005,0.0015,"[3, 1, 3]","[0.9, 0.5, 1.0]",,0.5,0.5,0.05,0.03,3.0,"[3, 1, 3]",,,1423,2024-08-30 15:39:19.146967,i386,9.489059448242188e-05,0.0,80.0,20.0,2641.3207931518555,0.0,33.01650991439819,689.620964050293,0.0,34.48104820251465,0.0,,,,,,,,,,,0.2147107124328613,30602.0,30905.0,0.0,"100/101, 101/102, 102/100","100/101, 101/102, 102/100",913.0,5.0
84,v0.62 - 62,0,CrossEntropy,Adam,0.02,10,SwappingTest,RandomDummy,3,0.2,100,-2,0,cpu,0.0005,0.0015,"[3, 1, 3]","[0.9, 0.5, 1.0]",,0.5,0.5,0.05,0.03,3.0,"[3, 1, 3]",,,1607,2024-08-30 15:41:23.806324,i386,0.0001022815704345,0.0,80.0,20.0,2179.149646759033,0.0,27.239370584487915,535.6443977355957,0.0,26.782219886779785,0.0,,,,,,,,,,,0.249518871307373,30602.0,30905.0,0.0,"100/101, 101/102, 102/100","100/101, 101/102, 102/100",913.0,5.0
85,v0.62 - 62,0,CrossEntropy,Adam,0.02,10,SwappingTest,RandomDummy,3,0.2,100,-2,0,cpu,0.0005,0.0015,"[3, 1, 3]","[0.9, 0.5, 1.0]",,0.5,0.5,0.05,0.03,3.0,"[3, 1, 3]",,,1795,2024-08-30 15:42:19.262370,i386,7.796287536621094e-05,0.0,80.0,20.0,1377.0960693359375,0.0,17.21370086669922,343.8208465576172,0.0,17.191042327880858,0.0,,,,,,,,,,,0.187269926071167,30602.0,30905.0,0.0,"100/101, 101/102, 102/100","100/101, 101/102, 102/100",913.0,5.0
86,v0.62 - 62,0,CrossEntropy,Adam,0.02,10,SwappingTest,RandomDummy,3,0.2,100,-2,0,cpu,0.0005,0.0015,"[3, 1, 3]","[0.9, 0.5, 1.0]",,0.5,0.5,0.05,0.03,3.0,"[3, 1, 3]",,,1961,2024-08-30 15:44:43.690560,i386,0.0001380443572998,0.0,80.0,20.0,1899.0067672729488,0.0,23.737584590911865,511.7388534545898,0.0,25.58694267272949,0.0,,,,,,,,,,,0.1808781623840332,30602.0,30905.0,0.0,"100/101, 101/102, 102/100","100/101, 101/102, 102/100",913.0,5.0
87,v0.62 - 62,0,CrossEntropy,Adam,0.02,10,SwappingTest,RandomDummy,3,0.2,100,-2,0,cpu,0.0005,0.0015,"[3, 1, 3]","[0.9, 0.5, 1.0]",ADDM_Joint,0.5,0.5,0.05,0.03,3.0,"[3, 1, 3]",,,1961,2024-08-30 15:45:05.737949,i386,18.83366799354553,0.0,80.0,20.0,453.986967086792,0.5327919751612132,5.6748370885849,219.92715644836423,0.4663967611336032,10.996357822418211,9.0,5.6748370885849,,5.6748370885849,,5.6748370885849,,5.6748370885849,,5.6748370885849,,1.79606294631958,30602.0,30905.0,29948.0,"100/101, 101/102, 102/100","100/3, 65/1, 102/3",3943.0,5.0
