,Version,Notes,LossFunction,Optimizer,LearningRate,NumberOfEpochs,ModelStructure,DatasetName,BatchSize,Dataparallel,NumberOfWorkers,Device,AlphaForADMM,RhoForADMM,LayerPruneTargets,WeightPrunePercent,PruningSelection,BERTTheseusStartingLearningRate,BERTTheseusLearningRateModifier,ProcessID,StartTime,total_loss,f1_score,mean_loss,val_total_loss,val_f1_score,val_mean_loss,epoch,Epoch 0 mean_loss,Epoch 2 mean_loss,Epoch 4 mean_loss,Epoch 6 mean_loss,Epoch 8 mean_loss,macs,parameters,NumberOfZeros,ModelWeightStructure,ModelWeightStructurePruneZero,spec_total_loss,spec_f1_score,spec_mean_loss,alph_t,alph_f,alph_m,alph_total_loss,alph_f1_score,alph_mean_loss
0,v0.34 - 34,0,CrossEntropy,Adam,0.0001,10,SimpleCNN,RandomDummy,3,-2,0,cpu,0.0005,0.0015,"[3, 1, 3, 3]","[0.72, 0.5, 0.7, 0.8]",,0.5,0.5,32145,2024-08-10 23:09:08.570837,0.103056414052844,1.0,0.0034352138017614,0.0,0.0,0.0,9.0,10.656635729471844,2.95205725034078,0.0824345537771781,0.0083645604550838,0.0042982678239544,26896.0,19372.0,0.0,"4/48, 36/9, 90/100, 100/100","4/48, 36/9, 90/100, 100/100",,,,,,,,,
1,v0.34 - 34,0,CrossEntropy,Adam,0.0001,10,SimpleCNN,RandomDummy,3,-2,0,cpu,0.0005,0.0015,"[3, 1, 3, 3]","[0.72, 0.5, 0.7, 0.8]",,0.5,0.5,32238,2024-08-10 23:09:41.887668,0.0122367574367672,1.0,0.0004078919145589,0.0,0.0,0.0,9.0,7.957376956939697,0.09306953959167,0.0036432820682724,0.001152784928369,0.0005128057169107,26896.0,19372.0,0.0,"4/48, 36/9, 90/100, 100/100","4/48, 36/9, 90/100, 100/100",,,,,,,,,
2,v0.34 - 34,0,CrossEntropy,Adam,0.0001,10,SimpleCNN,RandomDummy,3,-2,0,cpu,0.0005,0.0015,"[3, 1, 3, 3]","[0.72, 0.5, 0.7, 0.8]",,0.5,0.5,32363,2024-08-10 23:11:16.240660,0.0327447270974516,1.0,0.0010914909032483,0.0,0.0,0.0,9.0,13.182418251037598,3.107973337173462,0.0225183999786774,0.0080265317733089,0.0016643454631169,26896.0,19372.0,0.0,"4/48, 36/9, 90/100, 100/100","4/48, 36/9, 90/100, 100/100",,,,,,,,,
3,v0.34 - 34,0,CrossEntropy,Adam,0.0001,10,SimpleCNN,RandomDummy,3,-2,0,cpu,0.0005,0.0015,"[3, 1, 3, 3]","[0.72, 0.5, 0.7, 0.8]",,0.5,0.5,32440,2024-08-10 23:12:11.466266,0.0017962163983611,1.0,5.98738799453713e-05,0.0,0.0,0.0,9.0,13.58275973002116,2.8519280274709065,0.0037453522420643,3.020354585411648e-05,5.718508618883789e-05,26896.0,19372.0,0.0,"4/48, 36/9, 90/100, 100/100","4/48, 36/9, 90/100, 100/100",,,,,,,,,
4,v0.34 - 34,0,CrossEntropy,Adam,0.0001,10,SimpleCNN,RandomDummy,3,-2,0,cpu,0.0005,0.0015,"[3, 1, 3, 3]","[0.72, 0.5, 0.7, 0.8]",,0.5,0.5,32536,2024-08-10 23:13:28.861302,0.0163063508225604,1.0,0.0005435450274186,0.0,0.0,0.0,9.0,6.76743516921997,0.9617230594158171,0.0013220723718404,0.0007266731777538,0.0005881476410043,26896.0,19372.0,0.0,"4/48, 36/9, 90/100, 100/100","4/48, 36/9, 90/100, 100/100",,,,,,,,,
5,v0.34 - 34,0,CrossEntropy,Adam,0.0001,10,SimpleCNN,RandomDummy,3,-2,0,cpu,0.0005,0.0015,"[3, 1, 3, 3]","[0.72, 0.5, 0.7, 0.8]",,0.5,0.5,32683,2024-08-10 23:14:55.239503,0.0045673544518649,1.0,0.0001522451483954,0.0,0.0,0.0,9.0,3.645605580012004,0.0076723725845416,0.0014518029832591,0.0003581491978062,0.000183998325762,26896.0,19372.0,0.0,"4/48, 36/9, 90/100, 100/100","4/48, 36/9, 90/100, 100/100",,,,,,,,,
6,v0.34 - 34,0,CrossEntropy,Adam,0.0001,10,SimpleCNN,RandomDummy,3,-2,0,cpu,0.0005,0.0015,"[3, 1, 3, 3]","[0.72, 0.5, 0.7, 0.8]",,0.5,0.5,33011,2024-08-10 23:21:21.397313,0.0696508148685097,1.0,0.0023216938289503,0.0,0.0,0.0,9.0,14.885858154296876,1.2092564264933268,0.0371608919774492,0.0052409270467857,0.0025010407126198,26896.0,19372.0,0.0,"4/48, 36/9, 90/100, 100/100","4/48, 36/9, 90/100, 100/100",,,,,,,,,
7,v0.34 - 34,4,CrossEntropy,Adam,0.0001,10,SimpleCNN,RandomDummy,3,-2,0,cpu,0.0005,0.0015,"[3, 1, 3, 3]","[0.72, 0.5, 0.7, 0.8]",,0.5,0.5,33185,2024-08-10 23:23:22.471318,118.41381072998048,0.1666666666666666,3.947127024332682,0.0,0.0,0.0,9.0,3.5525641568625965,3.947127024332682,3.947127024332682,3.947127024332682,3.947127024332682,26896.0,19372.0,4768.0,"4/48, 36/9, 90/100, 100/100","4/34, 30/9, 90/100, 100/100",,,,,,,,,
8,v0.34 - 34,0,CrossEntropy,Adam,0.0001,10,SimpleCNN,RandomDummy,3,-2,0,cpu,0.0005,0.0015,"[3, 1, 3, 3]","[0.72, 0.5, 0.7, 0.8]",BERT_theseus,0.5,0.5,33185,2024-08-10 23:23:24.141333,786.2157440185547,0.0,26.20719146728516,0.0,0.0,0.0,9.0,26.20719146728516,26.20719146728516,26.20719146728516,26.20719146728516,26.20719146728516,25390.0,19416.0,0.0,"71/213, 90/100, 100/100","71/213, 90/100, 100/100",,,,,,,,,
9,v0.34 - 34,0,CrossEntropy,Adam,0.0001,10,SimpleCNN,RandomDummy,3,-2,0,cpu,0.0005,0.0015,"[3, 1, 3, 3]","[0.72, 0.5, 0.7, 0.8]",iteritive_full_theseus,0.5,0.5,33185,2024-08-10 23:23:32.199788,137.50812530517578,0.0,4.583604176839192,0.0,0.0,0.0,9.0,4.583604176839192,4.583604176839192,4.583604176839192,4.583604176839192,4.583604176839192,12924.0,9336.0,0.0,"4/32, 24/3, 30/70, 70/100","4/32, 24/3, 30/70, 70/100",,,,,,,,,
10,v0.34 - 34,0,CrossEntropy,Adam,0.0001,10,SimpleCNN,RandomDummy,3,-2,0,cpu,0.0005,0.0015,"[3, 1, 3, 3]","[0.72, 0.5, 0.7, 0.8]",thinet,0.5,0.5,33185,2024-08-10 23:23:33.629295,167.72762298583984,0.0,5.590920766194661,0.0,0.0,0.0,9.0,5.590920766194661,5.590920766194661,5.590920766194661,5.590920766194661,5.590920766194661,13112.0,8252.0,19.0,"4/36, 27/6, 60/50, 50/100","4/36, 27/6, 60/50, 50/100",,,,,,,,,
11,v0.34 - 34,0,CrossEntropy,Adam,0.0001,10,SimpleCNN,RandomDummy,3,-2,0,cpu,0.0005,0.0015,"[3, 1, 3, 3]","[0.72, 0.5, 0.7, 0.8]",ADDM_Joint,0.5,0.5,33185,2024-08-10 23:23:37.264850,118.5035228729248,0.1666666666666666,3.9501174290974936,0.0,0.0,0.0,9.0,3.9501174290974936,3.9501174290974936,3.9501174290974936,3.9501174290974936,3.9501174290974936,26896.0,19372.0,4768.0,"4/48, 36/9, 90/100, 100/100","4/34, 30/9, 90/100, 100/100",,,,,,,,,
12,v0.35 - 35,4,CrossEntropy,Adam,0.0001,10,SimpleCNN,RandomDummy,3,-2,0,cpu,0.0005,0.0015,"[3, 1, 3, 3]","[0.72, 0.5, 0.7, 0.8]",,0.5,0.5,33496,2024-08-10 23:27:31.785358,550.2206802368164,0.5333333333333333,18.34068934122721,0.0,0.0,0.0,9.0,16.506632287815833,18.34068934122721,18.34068934122721,18.34068934122721,18.34068934122721,26896.0,19372.0,4768.0,"4/48, 36/9, 90/100, 100/100","4/34, 33/9, 90/100, 100/100",,,,,,,,,
13,v0.35 - 35,0,CrossEntropy,Adam,0.0001,10,SimpleCNN,RandomDummy,3,-2,0,cpu,0.0005,0.0015,"[3, 1, 3, 3]","[0.72, 0.5, 0.7, 0.8]",BERT_theseus,0.5,0.5,33496,2024-08-10 23:27:33.541245,255.4969787597656,0.3333333333333333,8.516565958658854,0.0,0.0,0.0,9.0,8.516565958658854,8.516565958658854,8.516565958658854,8.516565958658854,8.516565958658854,25390.0,19416.0,0.0,"71/213, 90/100, 100/100","71/213, 90/100, 100/100",,,,,,,,,
14,v0.35 - 35,0,CrossEntropy,Adam,0.0001,10,SimpleCNN,RandomDummy,3,-2,0,cpu,0.0005,0.0015,"[3, 1, 3, 3]","[0.72, 0.5, 0.7, 0.8]",iteritive_full_theseus,0.5,0.5,33496,2024-08-10 23:27:40.305071,1210.2117919921875,0.0,40.34039306640625,0.0,0.0,0.0,9.0,40.34039306640625,40.34039306640625,40.34039306640625,40.34039306640625,40.34039306640625,12924.0,9336.0,0.0,"4/32, 24/3, 30/70, 70/100","4/32, 24/3, 30/70, 70/100",,,,,,,,,
15,v0.35 - 35,0,CrossEntropy,Adam,0.0001,10,SimpleCNN,RandomDummy,3,-2,0,cpu,0.0005,0.0015,"[3, 1, 3, 3]","[0.72, 0.5, 0.7, 0.8]",thinet,0.5,0.5,33496,2024-08-10 23:27:41.841550,11207.698974609377,0.0,373.5899658203125,0.0,0.0,0.0,9.0,373.5899658203125,373.5899658203125,373.5899658203125,373.5899658203125,373.5899658203125,13112.0,8252.0,33.0,"4/36, 27/6, 60/50, 50/100","4/36, 27/6, 60/50, 50/100",,,,,,,,,
16,v0.35 - 35,0,CrossEntropy,Adam,0.0001,10,SimpleCNN,RandomDummy,3,-2,0,cpu,0.0005,0.0015,"[3, 1, 3, 3]","[0.72, 0.5, 0.7, 0.8]",ADDM_Joint,0.5,0.5,33496,2024-08-10 23:27:45.198033,550.5737686157227,0.5333333333333333,18.352458953857425,0.0,0.0,0.0,9.0,18.352458953857425,18.352458953857425,18.352458953857425,18.352458953857425,18.352458953857425,26896.0,19372.0,4768.0,"4/48, 36/9, 90/100, 100/100","4/34, 33/9, 90/100, 100/100",,,,,,,,,
17,v0.35 - 35,0,CrossEntropy,Adam,0.0001,10,SimpleCNN,RandomDummy,3,-2,0,cpu,0.0005,0.0015,"[3, 1, 3, 3]","[0.72, 0.5, 0.7, 0.8]",,0.5,0.5,33702,2024-08-10 23:31:11.562976,0.0361304660327732,1.0,0.0012043488677591,0.0,0.0,0.0,9.0,2.58929451306661,0.3858460923035939,0.0068891398919125,0.0021173420362174,0.001371182121026,26896.0,19372.0,0.0,"4/48, 36/9, 90/100, 100/100","4/48, 36/9, 90/100, 100/100",,,,,,,,,
18,v0.35 - 35,0,CrossEntropy,Adam,0.0001,10,SimpleCNN,RandomDummy,3,-2,0,cpu,0.0005,0.0015,"[3, 1, 3, 3]","[0.72, 0.5, 0.7, 0.8]",BERT_theseus,0.5,0.5,33702,2024-08-10 23:31:13.074526,90.60412406921388,0.1666666666666666,3.0201374689737954,0.0,0.0,0.0,9.0,3.0201374689737954,3.0201374689737954,3.0201374689737954,3.0201374689737954,3.0201374689737954,25390.0,19416.0,0.0,"71/213, 90/100, 100/100","71/213, 90/100, 100/100",,,,,,,,,
19,v0.35 - 35,0,CrossEntropy,Adam,0.0001,10,SimpleCNN,RandomDummy,3,-2,0,cpu,0.0005,0.0015,"[3, 1, 3, 3]","[0.72, 0.5, 0.7, 0.8]",iteritive_full_theseus,0.5,0.5,33702,2024-08-10 23:31:20.695420,133.45234870910645,0.0,4.448411623636882,0.0,0.0,0.0,9.0,4.448411623636882,4.448411623636882,4.448411623636882,4.448411623636882,4.448411623636882,12924.0,9336.0,0.0,"4/32, 24/3, 30/70, 70/100","4/32, 24/3, 30/70, 70/100",,,,,,,,,
20,v0.35 - 35,0,CrossEntropy,Adam,0.0001,10,SimpleCNN,RandomDummy,3,-2,0,cpu,0.0005,0.0015,"[3, 1, 3, 3]","[0.72, 0.5, 0.7, 0.8]",thinet,0.5,0.5,33702,2024-08-10 23:31:22.215010,90.17756462097168,0.0,3.005918820699056,0.0,0.0,0.0,9.0,3.005918820699056,3.005918820699056,3.005918820699056,3.005918820699056,3.005918820699056,13112.0,8252.0,25.0,"4/36, 27/6, 60/50, 50/100","4/36, 27/6, 60/50, 50/100",,,,,,,,,
21,v0.35 - 35,0,CrossEntropy,Adam,0.0001,10,SimpleCNN,RandomDummy,3,-2,0,cpu,0.0005,0.0015,"[3, 1, 3, 3]","[0.72, 0.5, 0.7, 0.8]",ADDM_Joint,0.5,0.5,33702,2024-08-10 23:31:25.970536,47.93789386749268,0.5555555555555555,1.5979297955830891,0.0,0.0,0.0,9.0,1.5979297955830891,1.5979297955830891,1.5979297955830891,1.5979297955830891,1.5979297955830891,26896.0,19372.0,4768.0,"4/48, 36/9, 90/100, 100/100","4/34, 31/9, 90/100, 100/100",,,,,,,,,
22,v0.35 - 35,0,CrossEntropy,Adam,0.0001,10,SimpleCNN,RandomDummy,3,-2,0,cpu,0.0005,0.0015,"[3, 1, 3, 3]","[0.72, 0.5, 0.7, 0.8]",,0.5,0.5,33875,2024-08-10 23:32:26.288567,0.0534458314068615,1.0,0.001781527713562,0.0,0.0,0.0,9.0,12.81270980834961,1.3419536784291268,0.0175524462945759,0.0045036453132828,0.0019380675628781,26896.0,19372.0,0.0,"4/48, 36/9, 90/100, 100/100","4/48, 36/9, 90/100, 100/100",,,,,,,,,
23,v0.35 - 35,0,CrossEntropy,Adam,0.0001,10,SimpleCNN,RandomDummy,3,-2,0,cpu,0.0005,0.0015,"[3, 1, 3, 3]","[0.72, 0.5, 0.7, 0.8]",BERT_theseus,0.5,0.5,33875,2024-08-10 23:32:27.793430,432.72388458251953,0.3333333333333333,14.424129486083984,0.0,0.0,0.0,9.0,14.424129486083984,14.424129486083984,14.424129486083984,14.424129486083984,14.424129486083984,25390.0,19416.0,0.0,"71/213, 90/100, 100/100","71/213, 90/100, 100/100",,,,,,,,,
24,v0.35 - 35,0,CrossEntropy,Adam,0.0001,10,SimpleCNN,RandomDummy,3,-2,0,cpu,0.0005,0.0015,"[3, 1, 3, 3]","[0.72, 0.5, 0.7, 0.8]",iteritive_full_theseus,0.5,0.5,33875,2024-08-10 23:32:34.331361,427.2139358520508,0.0,14.240464528401692,0.0,0.0,0.0,9.0,14.240464528401692,14.240464528401692,14.240464528401692,14.240464528401692,14.240464528401692,12924.0,9336.0,0.0,"4/32, 24/3, 30/70, 70/100","4/32, 24/3, 30/70, 70/100",,,,,,,,,
25,v0.35 - 35,0,CrossEntropy,Adam,0.0001,10,SimpleCNN,RandomDummy,3,-2,0,cpu,0.0005,0.0015,"[3, 1, 3, 3]","[0.72, 0.5, 0.7, 0.8]",thinet,0.5,0.5,33875,2024-08-10 23:32:35.735999,590.4337692260742,0.0,19.68112564086914,0.0,0.0,0.0,9.0,19.68112564086914,19.68112564086914,19.68112564086914,19.68112564086914,19.68112564086914,13112.0,8252.0,81.0,"4/36, 27/6, 60/50, 50/100","4/36, 27/6, 60/50, 50/100",,,,,,,,,
26,v0.35 - 35,0,CrossEntropy,Adam,0.0001,10,SimpleCNN,RandomDummy,3,-2,0,cpu,0.0005,0.0015,"[3, 1, 3, 3]","[0.72, 0.5, 0.7, 0.8]",ADDM_Joint,0.5,0.5,33875,2024-08-10 23:32:38.934574,646.373291015625,0.1666666666666666,21.5457763671875,0.0,0.0,0.0,9.0,21.5457763671875,21.5457763671875,21.5457763671875,21.5457763671875,21.5457763671875,26896.0,19372.0,4768.0,"4/48, 36/9, 90/100, 100/100","4/34, 31/9, 90/100, 100/100",,,,,,,,,
27,v0.35 - 35,0,CrossEntropy,Adam,0.0001,10,SimpleCNN,RandomDummy,3,-2,0,cpu,0.0005,0.0015,"[3, 1, 3, 3]","[0.72, 0.5, 0.7, 0.8]",,0.5,0.5,34151,2024-08-10 23:34:28.084218,0.0141884217737242,1.0,0.0004729473924574,0.0,0.0,0.0,9.0,3.820746151606242,0.1856452996532122,0.0025210120094319,0.0007442507582406,0.0005232706821213,26896.0,19372.0,0.0,"4/48, 36/9, 90/100, 100/100","4/48, 36/9, 90/100, 100/100",,,,,,,,,
28,v0.35 - 35,0,CrossEntropy,Adam,0.0001,10,SimpleCNN,RandomDummy,3,-2,0,cpu,0.0005,0.0015,"[3, 1, 3, 3]","[0.72, 0.5, 0.7, 0.8]",BERT_theseus,0.5,0.5,34151,2024-08-10 23:34:29.624613,1082.4422454833984,0.0,36.081408182779946,0.0,0.0,0.0,9.0,36.081408182779946,36.081408182779946,36.081408182779946,36.081408182779946,36.081408182779946,25390.0,19416.0,0.0,"71/213, 90/100, 100/100","71/213, 90/100, 100/100",,,,,,,,,
29,v0.35 - 35,0,CrossEntropy,Adam,0.0001,10,SimpleCNN,RandomDummy,3,-2,0,cpu,0.0005,0.0015,"[3, 1, 3, 3]","[0.72, 0.5, 0.7, 0.8]",iteritive_full_theseus,0.5,0.5,34151,2024-08-10 23:34:36.196759,918.2227325439452,0.0,30.60742441813151,0.0,0.0,0.0,9.0,30.60742441813151,30.60742441813151,30.60742441813151,30.60742441813151,30.60742441813151,12924.0,9336.0,0.0,"4/32, 24/3, 30/70, 70/100","4/32, 24/3, 30/70, 70/100",,,,,,,,,
30,v0.35 - 35,0,CrossEntropy,Adam,0.0001,10,SimpleCNN,RandomDummy,3,-2,0,cpu,0.0005,0.0015,"[3, 1, 3, 3]","[0.72, 0.5, 0.7, 0.8]",thinet,0.5,0.5,34151,2024-08-10 23:34:37.664890,56.69885158538818,0.0,1.88996171951294,0.0,0.0,0.0,9.0,1.88996171951294,1.88996171951294,1.88996171951294,1.88996171951294,1.88996171951294,13112.0,8252.0,26.0,"4/36, 27/6, 60/50, 50/100","4/36, 27/6, 60/50, 50/100",,,,,,,,,
31,v0.35 - 35,0,CrossEntropy,Adam,0.0001,10,SimpleCNN,RandomDummy,3,-2,0,cpu,0.0005,0.0015,"[3, 1, 3, 3]","[0.72, 0.5, 0.7, 0.8]",ADDM_Joint,0.5,0.5,34151,2024-08-10 23:34:40.895823,0.0,1.0,0.0,0.0,0.0,0.0,9.0,0.0,0.0,0.0,0.0,0.0,26896.0,19372.0,4768.0,"4/48, 36/9, 90/100, 100/100","4/34, 31/9, 90/100, 100/100",,,,,,,,,
32,v0.35 - 35,0,CrossEntropy,Adam,0.0001,10,SimpleCNN,RandomDummy,3,-2,0,cpu,0.0005,0.0015,"[3, 1, 3, 3]","[0.72, 0.5, 0.7, 0.8]",,0.5,0.5,39923,2024-08-12 15:10:24.999465,0.0295018600299954,1.0,0.0009833953343331,0.0,0.0,0.0,9.0,4.800963846842448,0.96292800505956,0.0070759973488748,0.0017166849070539,0.0011105086111153,26896.0,19372.0,0.0,"4/48, 36/9, 90/100, 100/100","4/48, 36/9, 90/100, 100/100",,,,,,,,,
33,v0.35 - 35,0,CrossEntropy,Adam,0.0001,10,SimpleCNN,RandomDummy,3,-2,0,cpu,0.0005,0.0015,"[3, 1, 3, 3]","[0.72, 0.5, 0.7, 0.8]",,0.5,0.5,1386,2024-08-12 23:27:12.900764,0.248944828286767,1.0,0.0082981609428922,0.0,0.0,0.0,9.0,14.819189325968424,3.177453390757243,0.4661509891351064,0.0484498813748359,0.0108764600629607,26896.0,19372.0,0.0,"4/48, 36/9, 90/100, 100/100","4/48, 36/9, 90/100, 100/100",,,,,,,,,
34,v0.35 - 35,0,CrossEntropy,Adam,0.0001,10,SimpleCNN,RandomDummy,3,-2,0,cpu,0.0005,0.0015,"[3, 1, 3, 3]","[0.72, 0.5, 0.7, 0.8]",DAIS_training,0.5,0.5,1386,2024-08-12 23:27:44.113164,,,,,,,,,,,,,,,,,,,,,,,,,,
35,v0.35 - 35,0,CrossEntropy,Adam,0.0001,10,SimpleCNN,RandomDummy,3,-2,0,cpu,0.0005,0.0015,"[3, 1, 3, 3]","[0.72, 0.5, 0.7, 0.8]",,0.5,0.5,1584,2024-08-12 23:28:39.190901,0.0280040588695555,1.0,0.0009334686289851,0.0,0.0,0.0,9.0,7.088470649719239,1.4226765195528666,0.0051266282175978,0.0016279170444856,0.0010836034780368,26896.0,19372.0,0.0,"4/48, 36/9, 90/100, 100/100","4/48, 36/9, 90/100, 100/100",,,,,,,,,
36,v0.35 - 35,0,CrossEntropy,Adam,0.0001,10,SimpleCNN,RandomDummy,3,-2,0,cpu,0.0005,0.0015,"[3, 1, 3, 3]","[0.72, 0.5, 0.7, 0.8]",DAIS_training,0.5,0.5,1584,2024-08-12 23:28:47.038963,,,,,,,,,,,,,,,,,,,,,,,,,,
37,v0.35 - 35,0,CrossEntropy,Adam,0.0001,10,SimpleCNN,RandomDummy,3,-2,0,cpu,0.0005,0.0015,"[3, 1, 3, 3]","[0.72, 0.5, 0.7, 0.8]",,0.5,0.5,1736,2024-08-12 23:29:21.242988,0.0067393000936135,1.0,0.0002246433364537,0.0,0.0,0.0,9.0,4.719878880182902,0.0169509184624378,0.0029983909179766,0.0008031200889187,0.0002919856323084,26896.0,19372.0,0.0,"4/48, 36/9, 90/100, 100/100","4/48, 36/9, 90/100, 100/100",,,,,,,,,
38,v0.35 - 35,0,CrossEntropy,Adam,0.0001,10,SimpleCNN,RandomDummy,3,-2,0,cpu,0.0005,0.0015,"[3, 1, 3, 3]","[0.72, 0.5, 0.7, 0.8]",DAIS_training,0.5,0.5,1736,2024-08-12 23:29:22.506025,,,,,,,,,,,,,,,,,,,,,,,,,,
39,v0.35 - 35,0,CrossEntropy,Adam,0.0001,10,SimpleCNN,RandomDummy,3,-2,0,cpu,0.0005,0.0015,"[3, 1, 3, 3]","[0.72, 0.5, 0.7, 0.8]",,0.5,0.5,1852,2024-08-12 23:30:55.222468,0.011634831666015,1.0,0.0003878277222005,0.0,0.0,0.0,9.0,22.143747584025064,8.519252332051595,0.9112453408539296,0.0007336009332599,0.0004285140234666,26896.0,19372.0,0.0,"4/48, 36/9, 90/100, 100/100","4/48, 36/9, 90/100, 100/100",,,,,,,,,
40,v0.35 - 35,0,CrossEntropy,Adam,0.0001,10,SimpleCNN,RandomDummy,3,-2,0,cpu,0.0005,0.0015,"[3, 1, 3, 3]","[0.72, 0.5, 0.7, 0.8]",DAIS_training,0.5,0.5,1852,2024-08-12 23:30:56.436405,,,,,,,,,,,,,,,,,,,,,,,,,,
41,v0.35 - 35,0,CrossEntropy,Adam,0.0001,10,SimpleCNN,RandomDummy,3,-2,0,cpu,0.0005,0.0015,"[3, 1, 3, 3]","[0.72, 0.5, 0.7, 0.8]",,0.5,0.5,2009,2024-08-12 23:33:42.374966,0.0180752227315679,1.0,0.0006025074243855,0.0,0.0,0.0,9.0,5.043259239196777,0.1081048533320427,0.0037343647020558,0.0008708236040547,0.000637190878236,26896.0,19372.0,0.0,"4/48, 36/9, 90/100, 100/100","4/48, 36/9, 90/100, 100/100",,,,,,,,,
42,v0.35 - 35,0,CrossEntropy,Adam,0.0001,10,SimpleCNN,RandomDummy,3,-2,0,cpu,0.0005,0.0015,"[3, 1, 3, 3]","[0.72, 0.5, 0.7, 0.8]",DAIS_training,0.5,0.5,2009,2024-08-12 23:33:43.657223,,,,,,,,,,,,,,,,,,,,,,,,,,
43,v0.35 - 35,0,CrossEntropy,Adam,0.0001,10,SimpleCNN,RandomDummy,3,-2,0,cpu,0.0005,0.0015,"[3, 1, 3, 3]","[0.72, 0.5, 0.7, 0.8]",,0.5,0.5,2080,2024-08-12 23:34:23.167213,0.059215516783297,1.0,0.0019738505594432,0.0,0.0,0.0,9.0,13.244010162353517,2.375237568219503,0.0063066224567592,0.0031752314108113,0.0022694154642522,26896.0,19372.0,0.0,"4/48, 36/9, 90/100, 100/100","4/48, 36/9, 90/100, 100/100",,,,,,,,,
44,v0.35 - 35,0,CrossEntropy,Adam,0.0001,10,SimpleCNN,RandomDummy,3,-2,0,cpu,0.0005,0.0015,"[3, 1, 3, 3]","[0.72, 0.5, 0.7, 0.8]",DAIS_training,0.5,0.5,2080,2024-08-12 23:34:24.507376,,,,,,,,,,,,,,,,,,,,,,,,,,
45,v0.35 - 35,0,CrossEntropy,Adam,0.0001,10,SimpleCNN,RandomDummy,3,-2,0,cpu,0.0005,0.0015,"[3, 1, 3, 3]","[0.72, 0.5, 0.7, 0.8]",,0.5,0.5,2136,2024-08-12 23:34:50.827146,0.0261339452117681,1.0,0.0008711315070589,0.0,0.0,0.0,9.0,9.313225428263346,3.2480064868927,0.2597914961477121,0.0017029422180106,0.0009602952826147,26896.0,19372.0,0.0,"4/48, 36/9, 90/100, 100/100","4/48, 36/9, 90/100, 100/100",,,,,,,,,
46,v0.35 - 35,0,CrossEntropy,Adam,0.0001,10,SimpleCNN,RandomDummy,3,-2,0,cpu,0.0005,0.0015,"[3, 1, 3, 3]","[0.72, 0.5, 0.7, 0.8]",DAIS_training,0.5,0.5,2136,2024-08-12 23:34:52.065065,,,,,,,,,,,,,,,,,,,,,,,,,,
47,v0.35 - 35,0,CrossEntropy,Adam,0.0001,10,SimpleCNN,RandomDummy,3,-2,0,cpu,0.0005,0.0015,"[3, 1, 3, 3]","[0.72, 0.5, 0.7, 0.8]",,0.5,0.5,2208,2024-08-12 23:36:28.694088,0.0610937303863465,1.0,0.0020364576795448,0.0,0.0,0.0,9.0,5.419541295369466,0.6794686774412791,0.0179821293801069,0.0040119887329638,0.0024763419137646,26896.0,19372.0,0.0,"4/48, 36/9, 90/100, 100/100","4/48, 36/9, 90/100, 100/100",,,,,,,,,
48,v0.35 - 35,0,CrossEntropy,Adam,0.0001,10,SimpleCNN,RandomDummy,3,-2,0,cpu,0.0005,0.0015,"[3, 1, 3, 3]","[0.72, 0.5, 0.7, 0.8]",DAIS_training,0.5,0.5,2208,2024-08-12 23:36:30.260559,,,,,,,,,,,,,,,,,,,,,,,,,,
49,v0.35 - 35,0,CrossEntropy,Adam,0.0001,10,SimpleCNN,RandomDummy,3,-2,0,cpu,0.0005,0.0015,"[3, 1, 3, 3]","[0.72, 0.5, 0.7, 0.8]",,0.5,0.5,2418,2024-08-12 23:39:27.405957,0.234188076108694,1.0,0.0078062692036231,0.0,0.0,0.0,9.0,16.786907704671226,3.475042708714803,0.5701446930567423,0.0614523544907569,0.0107976011311014,26896.0,19372.0,0.0,"4/48, 36/9, 90/100, 100/100","4/48, 36/9, 90/100, 100/100",,,,,,,,,
50,v0.35 - 35,0,CrossEntropy,Adam,0.0001,10,SimpleCNN,RandomDummy,3,-2,0,cpu,0.0005,0.0015,"[3, 1, 3, 3]","[0.72, 0.5, 0.7, 0.8]",DAIS_training,0.5,0.5,2418,2024-08-12 23:39:28.616345,,,,,,,,,,,,,,,,,,,,,,,,,,
51,v0.35 - 35,0,CrossEntropy,Adam,0.0001,10,SimpleCNN,RandomDummy,3,-2,0,cpu,0.0005,0.0015,"[3, 1, 3, 3]","[0.72, 0.5, 0.7, 0.8]",,0.5,0.5,2604,2024-08-12 23:46:25.073165,0.0142359720775857,1.0,0.0004745324025861,0.0,0.0,0.0,9.0,13.376602300008138,0.6836179389307896,0.0004238941706717,0.0019407310678313,0.0007081894436851,26896.0,19372.0,0.0,"4/48, 36/9, 90/100, 100/100","4/48, 36/9, 90/100, 100/100",,,,,,,,,
52,v0.35 - 35,0,CrossEntropy,Adam,0.0001,10,SimpleCNN,RandomDummy,3,-2,0,cpu,0.0005,0.0015,"[3, 1, 3, 3]","[0.72, 0.5, 0.7, 0.8]",DAIS_training,0.5,0.5,2604,2024-08-12 23:46:26.193584,,,,,,,,,,,,,,,,,,,,,,,,,,
53,v0.36 - 36,0,CrossEntropy,Adam,0.0001,10,SimpleCNN,RandomDummy,3,-2,0,cpu,0.0005,0.0015,"[3, 1, 3, 3]","[0.72, 0.5, 0.7, 0.8]",,0.5,0.5,3130,2024-08-12 23:52:45.797521,0.0466639741789549,1.0,0.0015554658059651,0.0,0.0,0.0,9.0,22.03570048014323,3.698870690663656,0.3557319104671478,0.0111213446594774,0.0039524195560564,26896.0,19372.0,0.0,"4/48, 36/9, 90/100, 100/100","4/48, 36/9, 90/100, 100/100",,,,,,,,,
54,v0.36 - 36,0,CrossEntropy,Adam,0.0001,10,SimpleCNN,RandomDummy,3,-2,0,cpu,0.0005,0.0015,"[3, 1, 3, 3]","[0.72, 0.5, 0.7, 0.8]",DAIS_training,0.5,0.5,3130,2024-08-12 23:52:47.043565,,,,,,,,,,,,,,,,,,,,,,,,,,
55,v0.36 - 36,0,CrossEntropy,Adam,0.0001,10,SimpleCNN,RandomDummy,3,-2,0,cpu,0.0005,0.0015,"[3, 1, 3, 3]","[0.72, 0.5, 0.7, 0.8]",,0.5,0.5,3195,2024-08-12 23:53:41.286633,0.0216570240445435,1.0,0.0007219008014847,0.0,0.0,0.0,9.0,4.404828929901123,0.106730097780625,0.002061625647669,0.0011278320336714,0.0007983611042921,26896.0,19372.0,0.0,"4/48, 36/9, 90/100, 100/100","4/48, 36/9, 90/100, 100/100",,,,,,,,,
56,v0.36 - 36,0,CrossEntropy,Adam,0.0001,10,SimpleCNN,RandomDummy,3,-2,0,cpu,0.0005,0.0015,"[3, 1, 3, 3]","[0.72, 0.5, 0.7, 0.8]",DAIS_training,0.5,0.5,3195,2024-08-12 23:53:42.432236,,,,,,,,,,,,,,,,,,,,,,,,,,
57,v0.36 - 36,0,CrossEntropy,Adam,0.0001,10,SimpleCNN,RandomDummy,3,-2,0,cpu,0.0005,0.0015,"[3, 1, 3, 3]","[0.72, 0.5, 0.7, 0.8]",,0.5,0.5,3286,2024-08-12 23:54:54.747989,0.0478203506208956,1.0,0.0015940116873631,0.0,0.0,0.0,9.0,14.92908566792806,4.315194574991862,0.8676725506782532,0.0114639100308219,0.0021416700910776,26896.0,19372.0,0.0,"4/48, 36/9, 90/100, 100/100","4/48, 36/9, 90/100, 100/100",,,,,,,,,
58,v0.36 - 36,0,CrossEntropy,Adam,0.0001,10,SimpleCNN,RandomDummy,3,-2,0,cpu,0.0005,0.0015,"[3, 1, 3, 3]","[0.72, 0.5, 0.7, 0.8]",DAIS_training,0.5,0.5,3286,2024-08-12 23:54:55.895750,,,,,,,,,,,,,,,,,,,,,,,,,,
59,v0.36 - 36,0,CrossEntropy,Adam,0.0001,10,SimpleCNN,RandomDummy,3,-2,0,cpu,0.0005,0.0015,"[3, 1, 3, 3]","[0.72, 0.5, 0.7, 0.8]",,0.5,0.5,3411,2024-08-12 23:55:56.553852,0.0006970739050302,1.0,2.3235796834342182e-05,0.0,0.0,0.0,9.0,17.685558700561522,2.1987411697705586,0.0460714560933411,7.616751342235754e-05,2.5973052349096785e-05,26896.0,19372.0,0.0,"4/48, 36/9, 90/100, 100/100","4/48, 36/9, 90/100, 100/100",,,,,,,,,
60,v0.36 - 36,0,CrossEntropy,Adam,0.0001,10,SimpleCNN,RandomDummy,3,-2,0,cpu,0.0005,0.0015,"[3, 1, 3, 3]","[0.72, 0.5, 0.7, 0.8]",DAIS_training,0.5,0.5,3411,2024-08-12 23:55:57.774420,,,,,,,,,,,,,,,,,,,,,,,,,,
61,v0.36 - 36,0,CrossEntropy,Adam,0.0001,10,SimpleCNN,RandomDummy,3,-2,0,cpu,0.0005,0.0015,"[3, 1, 3, 3]","[0.72, 0.5, 0.7, 0.8]",,0.5,0.5,3805,2024-08-13 00:51:57.895448,0.0070061887381598,1.0,0.0002335396246053,0.0,0.0,0.0,9.0,11.133649826049805,3.123313347498576,0.0322145614773035,0.0006131505710072,0.000255195290083,26896.0,19372.0,0.0,"4/48, 36/9, 90/100, 100/100","4/48, 36/9, 90/100, 100/100",,,,,,,,,
62,v0.36 - 36,0,CrossEntropy,Adam,0.0001,10,SimpleCNN,RandomDummy,3,-2,0,cpu,0.0005,0.0015,"[3, 1, 3, 3]","[0.72, 0.5, 0.7, 0.8]",DAIS_training,0.5,0.5,3805,2024-08-13 00:51:59.051446,,,,,,,,,,,,,,,,,,,,,,,,,,
63,v0.36 - 36,0,CrossEntropy,Adam,0.0001,10,SimpleCNN,RandomDummy,3,-2,0,cpu,0.0005,0.0015,"[3, 1, 3, 3]","[0.72, 0.5, 0.7, 0.8]",,0.5,0.5,3865,2024-08-13 00:53:20.624428,0.0127178194234147,1.0,0.0004239273141138,0.0,0.0,0.0,9.0,5.102963987986247,0.1111047049363454,0.0059501032344996,0.0009689834744979,0.0005061715142801,26896.0,19372.0,0.0,"4/48, 36/9, 90/100, 100/100","4/48, 36/9, 90/100, 100/100",,,,,,,,,
64,v0.36 - 36,0,CrossEntropy,Adam,0.0001,10,SimpleCNN,RandomDummy,3,-2,0,cpu,0.0005,0.0015,"[3, 1, 3, 3]","[0.72, 0.5, 0.7, 0.8]",DAIS_training,0.5,0.5,3865,2024-08-13 00:53:21.745052,,,,,,,,,,,,,,,,,,,,,,,,,,
65,v0.36 - 36,0,CrossEntropy,Adam,0.0001,10,SimpleCNN,RandomDummy,3,-2,0,cpu,0.0005,0.0015,"[3, 1, 3, 3]","[0.72, 0.5, 0.7, 0.8]",,0.5,0.5,3979,2024-08-13 00:55:05.333048,0.0271927947178483,1.0,0.0009064264905949,0.0,0.0,0.0,9.0,7.53961410522461,2.185453510284424,0.0431600489964087,0.0034341750511278,0.00111773883303,26896.0,19372.0,0.0,"4/48, 36/9, 90/100, 100/100","4/48, 36/9, 90/100, 100/100",,,,,,,,,
66,v0.36 - 36,0,CrossEntropy,Adam,0.0001,10,SimpleCNN,RandomDummy,3,-2,0,cpu,0.0005,0.0015,"[3, 1, 3, 3]","[0.72, 0.5, 0.7, 0.8]",DAIS_training,0.5,0.5,3979,2024-08-13 00:55:06.552730,,,,,,,,,,,,,,,,,,,,,,,,,,
67,v0.36 - 36,0,CrossEntropy,Adam,0.0001,10,SimpleCNN,RandomDummy,3,-2,0,cpu,0.0005,0.0015,"[3, 1, 3, 3]","[0.72, 0.5, 0.7, 0.8]",,0.5,0.5,4045,2024-08-13 00:56:16.899766,0.1180387120693922,1.0,0.0039346237356464,0.0,0.0,0.0,9.0,16.409686915079753,4.030082194010417,0.4326314151287079,0.0250153735280036,0.0054421783424913,26896.0,19372.0,0.0,"4/48, 36/9, 90/100, 100/100","4/48, 36/9, 90/100, 100/100",,,,,,,,,
68,v0.36 - 36,0,CrossEntropy,Adam,0.0001,10,SimpleCNN,RandomDummy,3,-2,0,cpu,0.0005,0.0015,"[3, 1, 3, 3]","[0.72, 0.5, 0.7, 0.8]",DAIS_training,0.5,0.5,4045,2024-08-13 00:56:18.189759,,,,,,,,,,,,,,,,,,,,,,,,,,
69,v0.36 - 36,0,CrossEntropy,Adam,0.0001,10,SimpleCNN,RandomDummy,3,-2,0,cpu,0.0005,0.0015,"[3, 1, 3, 3]","[0.72, 0.5, 0.7, 0.8]",,0.5,0.5,4097,2024-08-13 00:56:35.056190,0.061503006145358,1.0,0.0020501002048452,0.0,0.0,0.0,9.0,17.71678860982259,7.61149361928304,0.6665251987675825,0.0013759639114141,0.0025803308933973,26896.0,19372.0,0.0,"4/48, 36/9, 90/100, 100/100","4/48, 36/9, 90/100, 100/100",,,,,,,,,
70,v0.36 - 36,0,CrossEntropy,Adam,0.0001,10,SimpleCNN,RandomDummy,3,-2,0,cpu,0.0005,0.0015,"[3, 1, 3, 3]","[0.72, 0.5, 0.7, 0.8]",DAIS_training,0.5,0.5,4097,2024-08-13 00:56:36.249000,,,,,,,,,,,,,,,,,,,,,,,,,,
71,v0.36 - 36,0,CrossEntropy,Adam,0.0001,10,SimpleCNN,RandomDummy,3,-2,0,cpu,0.0005,0.0015,"[3, 1, 3, 3]","[0.72, 0.5, 0.7, 0.8]",,0.5,0.5,4148,2024-08-13 00:57:30.761641,0.044948321999982,1.0,0.0014982773999994,0.0,0.0,0.0,9.0,20.53638966878255,7.166389846801758,0.4875196263194084,0.0077544544513026,0.0036436717646817,26896.0,19372.0,0.0,"4/48, 36/9, 90/100, 100/100","4/48, 36/9, 90/100, 100/100",,,,,,,,,
72,v0.36 - 36,0,CrossEntropy,Adam,0.0001,10,SimpleCNN,RandomDummy,3,-2,0,cpu,0.0005,0.0015,"[3, 1, 3, 3]","[0.72, 0.5, 0.7, 0.8]",DAIS_training,0.5,0.5,4148,2024-08-13 00:57:32.156372,,,,,,,,,,,,,,,,,,,,,,,,,,
73,v0.36 - 36,0,CrossEntropy,Adam,0.0001,10,SimpleCNN,RandomDummy,3,-2,0,cpu,0.0005,0.0015,"[3, 1, 3, 3]","[0.72, 0.5, 0.7, 0.8]",,0.5,0.5,4287,2024-08-13 00:58:10.845213,0.0249111650045961,1.0,0.0008303721668198,0.0,0.0,0.0,9.0,1.7532845179239909,0.0111863994660476,0.0022745502802232,0.0013027270014087,0.0009198794762293,26896.0,19372.0,0.0,"4/48, 36/9, 90/100, 100/100","4/48, 36/9, 90/100, 100/100",,,,,,,,,
74,v0.36 - 36,0,CrossEntropy,Adam,0.0001,10,SimpleCNN,RandomDummy,3,-2,0,cpu,0.0005,0.0015,"[3, 1, 3, 3]","[0.72, 0.5, 0.7, 0.8]",DAIS_training,0.5,0.5,4287,2024-08-13 00:58:12.096571,,,,,,,,,,,,,,,,,,,,,,,,,,
75,v0.36 - 36,0,CrossEntropy,Adam,0.0001,10,SimpleCNN,RandomDummy,3,-2,0,cpu,0.0005,0.0015,"[3, 1, 3, 3]","[0.72, 0.5, 0.7, 0.8]",,0.5,0.5,6669,2024-08-13 13:56:52.887762,0.0487229358404874,1.0,0.0016240978613495,0.0,0.0,0.0,9.0,4.31000231107076,0.1815965741872787,0.0108039703220129,0.0029111981391906,0.0017075271345674,26896.0,19372.0,0.0,"4/48, 36/9, 90/100, 100/100","4/48, 36/9, 90/100, 100/100",,,,,,,,,
76,v0.36 - 36,0,CrossEntropy,Adam,0.0001,10,SimpleCNN,RandomDummy,3,-2,0,cpu,0.0005,0.0015,"[3, 1, 3, 3]","[0.72, 0.5, 0.7, 0.8]",DAIS_training,0.5,0.5,6669,2024-08-13 13:56:54.367322,,,,,,,,,,,,,,,,,,,,,,,,,,
77,v0.36 - 36,0,CrossEntropy,Adam,0.0001,10,SimpleCNN,RandomDummy,3,-2,0,cpu,0.0005,0.0015,"[3, 1, 3, 3]","[0.72, 0.5, 0.7, 0.8]",,0.5,0.5,7369,2024-08-13 14:10:54.589564,,,,,,,,,,,,,,,,,,,,,,,,,,
78,v0.36 - 36,0,CrossEntropy,Adam,0.0001,10,SimpleCNN,RandomDummy,3,-2,0,cpu,0.0005,0.0015,"[3, 1, 3, 3]","[0.72, 0.5, 0.7, 0.8]",,0.5,0.5,7449,2024-08-13 14:11:29.346190,,,,,,,,,,,,,,,,,,,,,,,,,,
79,v0.36 - 36,0,CrossEntropy,Adam,0.0001,10,SimpleCNN,RandomDummy,3,-2,0,cpu,0.0005,0.0015,"[3, 1, 3, 3]","[0.72, 0.5, 0.7, 0.8]",,0.5,0.5,7577,2024-08-13 14:12:06.226952,0.0353671950288116,1.0,0.0011789065009603,0.0,0.0,0.0,9.0,11.954762522379555,2.5979267676671345,0.0570825461919109,0.0017572896555066,0.0014107938312614,26896.0,19372.0,0.0,"4/48, 36/9, 90/100, 100/100","4/48, 36/9, 90/100, 100/100",,,,,,,,,
80,v0.36 - 36,0,CrossEntropy,Adam,0.0001,10,SimpleCNN,RandomDummy,3,-2,0,cpu,0.0005,0.0015,"[3, 1, 3, 3]","[0.72, 0.5, 0.7, 0.8]",DAIS_training,0.5,0.5,7577,2024-08-13 14:12:07.501335,,,,,,,,,,,,,,,,,,,,,,,,,,
81,v0.36 - 36,0,CrossEntropy,Adam,0.0001,10,SimpleCNN,RandomDummy,3,-2,0,cpu,0.0005,0.0015,"[3, 1, 3, 3]","[0.72, 0.5, 0.7, 0.8]",,0.5,0.5,7669,2024-08-13 14:14:28.459033,0.0196200056234374,1.0,0.0006540001874479,0.0,0.0,0.0,9.0,7.221128145853679,0.8601489941279093,0.021692756935954,0.0016139055602252,0.0007024622211853,26896.0,19372.0,0.0,"4/48, 36/9, 90/100, 100/100","4/48, 36/9, 90/100, 100/100",,,,,,,,,
82,v0.36 - 36,0,CrossEntropy,Adam,0.0001,10,SimpleCNN,RandomDummy,3,-2,0,cpu,0.0005,0.0015,"[3, 1, 3, 3]","[0.72, 0.5, 0.7, 0.8]",DAIS_training,0.5,0.5,7669,2024-08-13 14:14:29.745639,,,,,,,,,,,,,,,,,,,,,,,,,,
83,v0.36 - 36,0,CrossEntropy,Adam,0.0001,10,SimpleCNN,RandomDummy,3,-2,0,cpu,0.0005,0.0015,"[3, 1, 3, 3]","[0.72, 0.5, 0.7, 0.8]",,0.5,0.5,7777,2024-08-13 14:15:09.673360,0.0013950210995972,1.0,4.650070331990719e-05,0.0,0.0,0.0,9.0,5.003161652882894,0.0071244000069176,7.500952002980436e-05,5.043246104226758e-05,4.7132376251587024e-05,26896.0,19372.0,0.0,"4/48, 36/9, 90/100, 100/100","4/48, 36/9, 90/100, 100/100",,,,,,,,,
84,v0.36 - 36,0,CrossEntropy,Adam,0.0001,10,SimpleCNN,RandomDummy,3,-2,0,cpu,0.0005,0.0015,"[3, 1, 3, 3]","[0.72, 0.5, 0.7, 0.8]",DAIS_training,0.5,0.5,7777,2024-08-13 14:15:11.092807,7.009494765952695e-05,1.0,3.3378546504536644e-06,0.0,0.0,0.0,3.0,,,,,,,,,,,0.0014844608740531,1.0,7.068861305015162e-05,o,1.0,e,,,
85,v0.36 - 36,0,CrossEntropy,Adam,0.0001,10,SimpleCNN,RandomDummy,3,-2,0,cpu,0.0005,0.0015,"[3, 1, 3, 3]","[0.72, 0.5, 0.7, 0.8]",,0.5,0.5,7882,2024-08-13 14:17:05.557905,0.0392948391381651,1.0,0.0013098279712721,0.0,0.0,0.0,9.0,8.871235656738282,2.016500822703044,0.0286943784294029,0.0026945479058971,0.0019125967596968,26896.0,19372.0,0.0,"4/48, 36/9, 90/100, 100/100","4/48, 36/9, 90/100, 100/100",,,,,,,,,
86,v0.36 - 36,0,CrossEntropy,Adam,0.0001,10,SimpleCNN,RandomDummy,3,-2,0,cpu,0.0005,0.0015,"[3, 1, 3, 3]","[0.72, 0.5, 0.7, 0.8]",DAIS_training,0.5,0.5,7882,2024-08-13 14:17:07.590403,0.0,1.0,0.0,0.0,0.0,0.0,9.0,,,,,,,,,,,0.0,1.0,0.0,,,,1991.841064453125,1.0,221.315673828125
87,v0.36 - 36,0,CrossEntropy,Adam,0.0001,10,SimpleCNN,RandomDummy,3,-2,0,cpu,0.0005,0.0015,"[3, 1, 3, 3]","[0.72, 0.5, 0.7, 0.8]",DAIS_training|DAIS,0.5,0.5,7882,2024-08-13 14:18:02.352231,142.998685836792,0.0,4.766622861226399,0.0,0.0,0.0,9.0,4.766622861226399,4.766622861226399,4.766622861226399,4.766622861226399,4.766622861226399,26896.0,19372.0,0.0,"4/48, 36/9, 90/100, 100/100","4/48, 36/9, 90/100, 100/100",,,,,,,,,
