,Version,Notes,LossFunction,Optimizer,LearningRate,NumberOfEpochs,ModelStructure,Dropout,HiddenDim,HiddenDimSize,DatasetName,BatchSize,TrainTest,MaxSamples,Dataparallel,NumberOfWorkers,Device,AlphaForADMM,RhoForADMM,LayerPruneTargets,WeightPrunePercent,PruningSelection,BERTTheseusStartingLearningRate,BERTTheseusLearningRateModifier,AlphaForTOFD,BetaForTOFD,tForTOFD,LayerIteration,SaveLocation,FromSaveLocation,NumClasses,NumFeatures,ProcessID,StartTime,cpuModel,TimeForPrune,Memory,CudaMemory,LengthOfTrainingData,LengthOfValidationData,total_loss,f1_score_weight,f1_score_macro,mean_loss,val_total_loss,val_f1_score_weight,val_f1_score_macro,val_mean_loss,epoch,Epoch waypoint 0 mean_loss,-Waypoint_0-,Epoch waypoint 1 mean_loss,-Waypoint_1-,Epoch waypoint 2 mean_loss,-Waypoint_2-,Epoch waypoint 3 mean_loss,-Waypoint_3-,Epoch waypoint 4 mean_loss,-Waypoint_4-,TimeForRun,macs,parameters,NumberOfZeros,ModelWeightStructure,ModelWeightStructurePruneZero,GarbageCollectionSizeTotal,AssociatedOriginalRow,LassoForDAIS
0,v0.78 - 78,0,CrossEntropy,Adam,0.000904255,150,MainLinear,0.000224328,27,875,ACI,3000,0.2,0,-2,0,cuda,0.001,0.001,"[30, 30, 30, 30, 30, 30, 30, 30, 30, 30, 30, 30, 30, 30, 30, 30, 30, 30, 30, 30, 30, 30, 30, 30, 30, 30, 30, 30, 20]","[0.99, 0.99, 1.0, 1.0, 1.0, 1.0, 1.0, 1.0, 1.0, 1.0, 1.0, 1.0, 1.0, 1.0, 1.0, 1.0, 1.0, 1.0, 1.0, 1.0, 1.0, 1.0, 1.0, 1.0, 1.0, 1.0, 1.0, 1.0, 1.0]",,0.5,0.5,0.05,0.03,3.0,"[10, 10, 30, 30, 30, 30, 30, 30, 30, 30, 30, 30, 30, 30, 30, 30, 30, 30, 30, 30, 30, 30, 30, 30, 30, 30, 30, 30, 20]",ModelStateDict1726074341.0074522.pt,,20,1516,4185939,2024-09-11 12:59:15.908656,x86_64,0.0002288818359375,0.0,0.0,18113.0,4528.0,85.30274283885956,0.1733856279302977,0.0677478241226638,0.0047094762236437,4.6507227420806885,0.1760983197393367,0.0684844929599227,0.0010271030790814,149.0,0.0008622291619488,ModelStateDict-Waypoint_0-1726074030.5149825.pt,0.0008161787443656,ModelStateDict-Waypoint_1-1726074107.1674922.pt,0.1145081360217835,ModelStateDict-Waypoint_2-1726074184.086015.pt,0.0780719288772442,ModelStateDict-Waypoint_3-1726074260.837758.pt,0.0539707460349738,ModelStateDict-Waypoint_4-1726074338.0015106.pt,384.1954698562622,22015875.0,22040395.0,1.0,"1516/875, 875/875, 875/875, 875/875, 875/875, 875/875, 875/875, 875/875, 875/875, 875/875, 875/875, 875/875, 875/875, 875/875, 875/875, 875/875, 875/875, 875/875, 875/875, 875/875, 875/875, 875/875, 875/875, 875/875, 875/875, 875/875, 875/875, 875/875, 875/20","1516/875, 875/875, 875/875, 875/875, 875/875, 875/875, 875/875, 875/875, 875/875, 875/875, 875/875, 875/875, 875/875, 875/875, 875/875, 875/875, 875/875, 875/875, 875/875, 875/875, 875/875, 875/875, 875/875, 875/875, 875/875, 875/875, 875/875, 875/875, 875/20",300336.0,,
1,v0.78 - 78,0,CrossEntropy,Adam,9.04255e-05,150,MainLinear,0.000224328,27,875,ACI,3000,0.2,0,-2,0,cuda,0.001,0.001,"[30, 30, 30, 30, 30, 30, 30, 30, 30, 30, 30, 30, 30, 30, 30, 30, 30, 30, 30, 30, 30, 30, 30, 30, 30, 30, 30, 30, 20]","[0.99, 0.99, 1.0, 1.0, 1.0, 1.0, 1.0, 1.0, 1.0, 1.0, 1.0, 1.0, 1.0, 1.0, 1.0, 1.0, 1.0, 1.0, 1.0, 1.0, 1.0, 1.0, 1.0, 1.0, 1.0, 1.0, 1.0, 1.0, 1.0]",,0.5,0.5,0.05,0.03,3.0,"[10, 10, 30, 30, 30, 30, 30, 30, 30, 30, 30, 30, 30, 30, 30, 30, 30, 30, 30, 30, 30, 30, 30, 30, 30, 30, 30, 30, 20]",ModelStateDict1726074765.1208253.pt,,20,1516,4187337,2024-09-11 13:06:12.060924,x86_64,0.0002329349517822,0.0,0.0,18113.0,4528.0,16.17979097366333,0.170571039435408,0.0666535303441022,0.0008932695287176,4.622925996780396,0.1664514296169768,0.0646919778699861,0.0010209642219037,149.0,0.0009613782916071,ModelStateDict-Waypoint_0-1726074448.4748347.pt,0.0009168580677102,ModelStateDict-Waypoint_1-1726074527.1830664.pt,0.0009035382444299,ModelStateDict-Waypoint_2-1726074605.445166.pt,0.0008918020691421,ModelStateDict-Waypoint_3-1726074683.8279812.pt,0.0008823854895737,ModelStateDict-Waypoint_4-1726074762.0216563.pt,392.0104792118073,22015875.0,22040395.0,1.0,"1516/875, 875/875, 875/875, 875/875, 875/875, 875/875, 875/875, 875/875, 875/875, 875/875, 875/875, 875/875, 875/875, 875/875, 875/875, 875/875, 875/875, 875/875, 875/875, 875/875, 875/875, 875/875, 875/875, 875/875, 875/875, 875/875, 875/875, 875/875, 875/20","1516/875, 875/875, 875/875, 875/875, 875/875, 875/875, 875/875, 875/875, 875/875, 875/875, 875/875, 875/875, 875/875, 875/875, 875/875, 875/875, 875/875, 875/875, 875/875, 875/875, 875/875, 875/875, 875/875, 875/875, 875/875, 875/875, 875/875, 875/875, 875/20",300336.0,,
2,v0.78 - 78,0,CrossEntropy,Adam,9.04255e-05,150,MainLinear,0.000224328,27,875,ACI,3000,0.2,0,-2,0,cuda,0.001,0.001,"[30, 30, 30, 30, 30, 30, 30, 30, 30, 30, 30, 30, 30, 30, 30, 30, 30, 30, 30, 30, 30, 30, 30, 30, 30, 30, 30, 30, 20]","[0.99, 0.99, 1.0, 1.0, 1.0, 1.0, 1.0, 1.0, 1.0, 1.0, 1.0, 1.0, 1.0, 1.0, 1.0, 1.0, 1.0, 1.0, 1.0, 1.0, 1.0, 1.0, 1.0, 1.0, 1.0, 1.0, 1.0, 1.0, 1.0]",,0.5,0.5,0.05,0.03,3.0,"[10, 10, 30, 30, 30, 30, 30, 30, 30, 30, 30, 30, 30, 30, 30, 30, 30, 30, 30, 30, 30, 30, 30, 30, 30, 30, 30, 30, 20]",ModelStateDict1726074946.3346415.pt,,20,1516,4188770,2024-09-11 13:14:35.139082,x86_64,0.000227928161621,0.0,0.0,3366.0,841.0,5.149754524230957,0.0828498193909674,0.0589650032842812,0.0015299330137346,2.6014397144317627,0.0741213914095305,0.0581736102698265,0.0030932695772078,149.0,0.0016505106955996,ModelStateDict-Waypoint_0-1726074888.9110086.pt,0.001592600267697,ModelStateDict-Waypoint_1-1726074903.0995271.pt,0.0015672397840185,ModelStateDict-Waypoint_2-1726074917.2694783.pt,0.0015479392121394,ModelStateDict-Waypoint_3-1726074931.3911376.pt,0.0015235160407181,ModelStateDict-Waypoint_4-1726074945.4039137.pt,70.7461633682251,22015875.0,22040395.0,0.0,"1516/875, 875/875, 875/875, 875/875, 875/875, 875/875, 875/875, 875/875, 875/875, 875/875, 875/875, 875/875, 875/875, 875/875, 875/875, 875/875, 875/875, 875/875, 875/875, 875/875, 875/875, 875/875, 875/875, 875/875, 875/875, 875/875, 875/875, 875/875, 875/20","1516/875, 875/875, 875/875, 875/875, 875/875, 875/875, 875/875, 875/875, 875/875, 875/875, 875/875, 875/875, 875/875, 875/875, 875/875, 875/875, 875/875, 875/875, 875/875, 875/875, 875/875, 875/875, 875/875, 875/875, 875/875, 875/875, 875/875, 875/875, 875/20",300336.0,,
3,v0.78 - 78,0,CrossEntropy,Adam,9.04255e-05,150,MainLinear,0.000224328,27,875,ACI,3000,0.2,0,-2,0,cuda,0.001,0.001,"[30, 30, 30, 30, 30, 30, 30, 30, 30, 30, 30, 30, 30, 30, 30, 30, 30, 30, 30, 30, 30, 30, 30, 30, 30, 30, 30, 30, 20]","[0.99, 0.99, 1.0, 1.0, 1.0, 1.0, 1.0, 1.0, 1.0, 1.0, 1.0, 1.0, 1.0, 1.0, 1.0, 1.0, 1.0, 1.0, 1.0, 1.0, 1.0, 1.0, 1.0, 1.0, 1.0, 1.0, 1.0, 1.0, 1.0]",,0.5,0.5,0.05,0.03,3.0,"[10, 10, 30, 30, 30, 30, 30, 30, 30, 30, 30, 30, 30, 30, 30, 30, 30, 30, 30, 30, 30, 30, 30, 30, 30, 30, 30, 30, 20]",ModelStateDict1726075930.3911674.pt,,20,1516,4190085,2024-09-11 13:25:41.698339,x86_64,0.0002331733703613,0.0,0.0,18113.0,4528.0,2.005511909723282,0.8879016502990277,0.5250499079748062,0.0001107222387082,0.6175381243228912,0.8904350861436336,0.5234081002358126,0.0001363820945942,149.0,0.0005832687822412,ModelStateDict-Waypoint_0-1726075617.2461846.pt,0.000269457504539,ModelStateDict-Waypoint_1-1726075694.6575387.pt,0.0001323366029583,ModelStateDict-Waypoint_2-1726075772.1201844.pt,0.0001021343349837,ModelStateDict-Waypoint_3-1726075849.6980228.pt,0.000120463817925,ModelStateDict-Waypoint_4-1726075927.356269.pt,387.6289577484131,22015875.0,22040395.0,0.0,"1516/875, 875/875, 875/875, 875/875, 875/875, 875/875, 875/875, 875/875, 875/875, 875/875, 875/875, 875/875, 875/875, 875/875, 875/875, 875/875, 875/875, 875/875, 875/875, 875/875, 875/875, 875/875, 875/875, 875/875, 875/875, 875/875, 875/875, 875/875, 875/20","1516/875, 875/875, 875/875, 875/875, 875/875, 875/875, 875/875, 875/875, 875/875, 875/875, 875/875, 875/875, 875/875, 875/875, 875/875, 875/875, 875/875, 875/875, 875/875, 875/875, 875/875, 875/875, 875/875, 875/875, 875/875, 875/875, 875/875, 875/875, 875/20",225280.0,,
4,v0.89 - 89,0,CrossEntropy,Adam,0.000904255,100,MainLinear,0.000224328,27,875,ACI,3000,0.2,1000,-2,0,cuda,0.001,0.001,"[30, 30, 30, 30, 30, 30, 30, 30, 30, 30, 30, 30, 30, 30, 30, 30, 30, 30, 30, 30, 30, 30, 30, 30, 30, 30, 30, 30, 20]","[0.99, 0.99, 0.99, 0.99, 0.99, 0.99, 0.99, 0.99, 0.99, 0.99, 0.99, 0.99, 0.99, 0.99, 0.99, 0.99, 0.99, 0.99, 0.99, 0.99, 0.99, 0.99, 0.99, 0.99, 0.99, 0.99, 0.99, 0.99, 1.0]",,0.5,0.5,0.05,0.03,3.0,"[10, 10, 10, 10, 10, 10, 10, 10, 10, 10, 10, 10, 10, 10, 10, 10, 10, 10, 10, 10, 10, 10, 10, 10, 10, 10, 10, 10, 20]",,,20,1516,706241,2024-09-16 21:59:11.069116,x86_64,0.0002374649047851,0.0,0.0,800.0,200.0,1.758700609207153,0.1149162561576354,0.0425615763546798,0.0021983757615089,1.721237301826477,0.1509125475285171,0.053231939163498,0.0086138272285461,39.0,0.0022510281205177,ModelStateDict-Waypoint_0-1726538355.0991.pt,0.0021985357999801,ModelStateDict-Waypoint_1-1726538358.5860255.pt,,,,,,,,,,,,,,,False
5,v0.89 - 89,0,CrossEntropy,Adam,0.000904255,100,MainLinear,0.000224328,27,875,ACI,3000,0.2,1000,-2,0,cuda,0.001,0.001,"[30, 30, 30, 30, 30, 30, 30, 30, 30, 30, 30, 30, 30, 30, 30, 30, 30, 30, 30, 30, 30, 30, 30, 30, 30, 30, 30, 30, 20]","[0.99, 0.99, 0.99, 0.99, 0.99, 0.99, 0.99, 0.99, 0.99, 0.99, 0.99, 0.99, 0.99, 0.99, 0.99, 0.99, 0.99, 0.99, 0.99, 0.99, 0.99, 0.99, 0.99, 0.99, 0.99, 0.99, 0.99, 0.99, 1.0]",,0.5,0.5,0.05,0.03,3.0,"[10, 10, 10, 10, 10, 10, 10, 10, 10, 10, 10, 10, 10, 10, 10, 10, 10, 10, 10, 10, 10, 10, 10, 10, 10, 10, 10, 10, 20]",ModelStateDict1726538399.220123.pt,,20,1516,706605,2024-09-16 21:59:40.102802,x86_64,0.0002391338348388,0.0,0.0,800.0,200.0,1.771770477294922,0.1148031496062992,0.04251968503937,0.0022147130966186,1.7175915241241455,0.1509125475285171,0.053231939163498,0.0085879576206207,99.0,0.0022296626865863,ModelStateDict-Waypoint_0-1726538384.1856368.pt,0.0021946874260902,ModelStateDict-Waypoint_1-1726538387.775445.pt,0.002191566824913,ModelStateDict-Waypoint_2-1726538391.4063253.pt,0.0021808350086212,ModelStateDict-Waypoint_3-1726538395.0193498.pt,0.0022092369198799,ModelStateDict-Waypoint_4-1726538398.6372406.pt,18.23964524269104,22015875.0,22040395.0,0.0,"1516/875, 875/875, 875/875, 875/875, 875/875, 875/875, 875/875, 875/875, 875/875, 875/875, 875/875, 875/875, 875/875, 875/875, 875/875, 875/875, 875/875, 875/875, 875/875, 875/875, 875/875, 875/875, 875/875, 875/875, 875/875, 875/875, 875/875, 875/875, 875/20","1516/875, 875/875, 875/875, 875/875, 875/875, 875/875, 875/875, 875/875, 875/875, 875/875, 875/875, 875/875, 875/875, 875/875, 875/875, 875/875, 875/875, 875/875, 875/875, 875/875, 875/875, 875/875, 875/875, 875/875, 875/875, 875/875, 875/875, 875/875, 875/20",225280.0,,False
6,v0.89 - 89,0,CrossEntropy,Adam,0.000904255,100,MainLinear,0.000224328,27,875,ACI,3000,0.2,1000,-2,0,cuda,0.001,0.001,"[30, 30, 30, 30, 30, 30, 30, 30, 30, 30, 30, 30, 30, 30, 30, 30, 30, 30, 30, 30, 30, 30, 30, 30, 30, 30, 30, 30, 20]","[0.99, 0.99, 0.99, 0.99, 0.99, 0.99, 0.99, 0.99, 0.99, 0.99, 0.99, 0.99, 0.99, 0.99, 0.99, 0.99, 0.99, 0.99, 0.99, 0.99, 0.99, 0.99, 0.99, 0.99, 0.99, 0.99, 0.99, 0.99, 1.0]",RandomStructured,0.5,0.5,0.05,0.03,3.0,"[10, 10, 10, 10, 10, 10, 10, 10, 10, 10, 10, 10, 10, 10, 10, 10, 10, 10, 10, 10, 10, 10, 10, 10, 10, 10, 10, 10, 20]",ModelStateDict1726538399.220123.pt,,20,1516,706605,2024-09-16 21:59:59.494847,x86_64,0.0552432537078857,23.48236800000086,88581120.0,800.0,200.0,1.777887225151062,0.1148031496062992,0.04251968503937,0.0022223590314388,1.7172789573669434,0.1509125475285171,0.053231939163498,0.0085863947868347,99.0,0.0022238609194755,,0.0022223499417304,,0.0022223499417304,,0.0022243764996528,,0.0022223499417304,,17.131474494934082,22015875.0,22040395.0,226269.0,"1516/875, 875/875, 875/875, 875/875, 875/875, 875/875, 875/875, 875/875, 875/875, 875/875, 875/875, 875/875, 875/875, 875/875, 875/875, 875/875, 875/875, 875/875, 875/875, 875/875, 875/875, 875/875, 875/875, 875/875, 875/875, 875/875, 875/875, 875/875, 875/20","1516/866, 875/866, 875/866, 875/866, 875/866, 875/866, 875/866, 875/866, 875/866, 875/866, 875/866, 875/866, 875/866, 875/866, 875/866, 875/866, 875/866, 875/866, 875/866, 875/866, 875/866, 875/866, 875/866, 875/866, 875/866, 875/866, 875/866, 875/866, 875/20",375392.0,5.0,False
7,v0.89 - 89,0,CrossEntropy,Adam,0.000904255,100,MainLinear,0.000224328,27,875,ACI,3000,0.2,1000,-2,0,cuda,0.001,0.001,"[30, 30, 30, 30, 30, 30, 30, 30, 30, 30, 30, 30, 30, 30, 30, 30, 30, 30, 30, 30, 30, 30, 30, 30, 30, 30, 30, 30, 20]","[0.99, 0.99, 0.99, 0.99, 0.99, 0.99, 0.99, 0.99, 0.99, 0.99, 0.99, 0.99, 0.99, 0.99, 0.99, 0.99, 0.99, 0.99, 0.99, 0.99, 0.99, 0.99, 0.99, 0.99, 0.99, 0.99, 0.99, 0.99, 1.0]",,0.5,0.5,0.05,0.03,3.0,"[10, 10, 10, 10, 10, 10, 10, 10, 10, 10, 10, 10, 10, 10, 10, 10, 10, 10, 10, 10, 10, 10, 10, 10, 10, 10, 10, 10, 20]",,,20,1516,707525,2024-09-16 22:09:40.953416,x86_64,0.0001332759857177,0.0,0.0,800.0,200.0,1.7750935554504397,0.1148031496062992,0.04251968503937,0.002218866944313,1.7356579303741455,0.1509125475285171,0.053231939163498,0.0086782896518707,24.0,0.0022340434789657,ModelStateDict-Waypoint_0-1726538984.0010307.pt,,,,,,,,,,,,,,,,,False
8,v0.89 - 89,0,CrossEntropy,Adam,0.000904255,100,MainLinear,0.000224328,27,875,ACI,3000,0.2,1000,-2,0,cuda,0.001,0.001,"[30, 30, 30, 30, 30, 30, 30, 30, 30, 30, 30, 30, 30, 30, 30, 30, 30, 30, 30, 30, 30, 30, 30, 30, 30, 30, 30, 30, 20]","[0.99, 0.99, 0.99, 0.99, 0.99, 0.99, 0.99, 0.99, 0.99, 0.99, 0.99, 0.99, 0.99, 0.99, 0.99, 0.99, 0.99, 0.99, 0.99, 0.99, 0.99, 0.99, 0.99, 0.99, 0.99, 0.99, 0.99, 0.99, 1.0]",,0.5,0.5,0.05,0.03,3.0,"[10, 10, 10, 10, 10, 10, 10, 10, 10, 10, 10, 10, 10, 10, 10, 10, 10, 10, 10, 10, 10, 10, 10, 10, 10, 10, 10, 10, 20]",ModelStateDict1726539033.703691.pt,,20,1516,707897,2024-09-16 22:10:20.661729,x86_64,0.0001285076141357,0.0,0.0,800.0,200.0,1.7588881254196167,0.1148031496062992,0.04251968503937,0.0021986101567745,1.7212584018707275,0.1509125475285171,0.053231939163498,0.0086062920093536,99.0,0.0022302085161209,ModelStateDict-Waypoint_0-1726539023.6128469.pt,0.0025392439961433,ModelStateDict-Waypoint_1-1726539026.065108.pt,0.0025047102570533,ModelStateDict-Waypoint_2-1726539028.4403627.pt,0.0024770145118236,ModelStateDict-Waypoint_3-1726539030.9084191.pt,0.0021981635689735,ModelStateDict-Waypoint_4-1726539033.3705893.pt,12.380672454833984,22015875.0,22040395.0,0.0,"1516/875, 875/875, 875/875, 875/875, 875/875, 875/875, 875/875, 875/875, 875/875, 875/875, 875/875, 875/875, 875/875, 875/875, 875/875, 875/875, 875/875, 875/875, 875/875, 875/875, 875/875, 875/875, 875/875, 875/875, 875/875, 875/875, 875/875, 875/875, 875/20","1516/875, 875/875, 875/875, 875/875, 875/875, 875/875, 875/875, 875/875, 875/875, 875/875, 875/875, 875/875, 875/875, 875/875, 875/875, 875/875, 875/875, 875/875, 875/875, 875/875, 875/875, 875/875, 875/875, 875/875, 875/875, 875/875, 875/875, 875/875, 875/20",225280.0,,False
9,v0.89 - 89,0,CrossEntropy,Adam,0.000904255,100,MainLinear,0.000224328,27,875,ACI,3000,0.2,1000,-2,0,cuda,0.001,0.001,"[30, 30, 30, 30, 30, 30, 30, 30, 30, 30, 30, 30, 30, 30, 30, 30, 30, 30, 30, 30, 30, 30, 30, 30, 30, 30, 30, 30, 20]","[0.99, 0.99, 0.99, 0.99, 0.99, 0.99, 0.99, 0.99, 0.99, 0.99, 0.99, 0.99, 0.99, 0.99, 0.99, 0.99, 0.99, 0.99, 0.99, 0.99, 0.99, 0.99, 0.99, 0.99, 0.99, 0.99, 0.99, 0.99, 1.0]",RandomStructured,0.5,0.5,0.05,0.03,3.0,"[10, 10, 10, 10, 10, 10, 10, 10, 10, 10, 10, 10, 10, 10, 10, 10, 10, 10, 10, 10, 10, 10, 10, 10, 10, 10, 10, 10, 20]",ModelStateDict1726539033.703691.pt,,20,1516,707897,2024-09-16 22:10:33.947852,x86_64,0.0312108993530273,3.0965759999999136,88581120.0,800.0,200.0,1.763181447982788,0.1148031496062992,0.04251968503937,0.0022039768099784,1.7238028049468994,0.1509125475285171,0.053231939163498,0.0086190140247344,99.0,0.002203964293003,,0.0022078348696231,,0.0022038516402244,,0.002203864455223,,0.0022039310634136,,11.40006422996521,22015875.0,22040395.0,226269.0,"1516/875, 875/875, 875/875, 875/875, 875/875, 875/875, 875/875, 875/875, 875/875, 875/875, 875/875, 875/875, 875/875, 875/875, 875/875, 875/875, 875/875, 875/875, 875/875, 875/875, 875/875, 875/875, 875/875, 875/875, 875/875, 875/875, 875/875, 875/875, 875/20","1516/866, 875/866, 875/866, 875/866, 875/866, 875/866, 875/866, 875/866, 875/866, 875/866, 875/866, 875/866, 875/866, 875/866, 875/866, 875/866, 875/866, 875/866, 875/866, 875/866, 875/866, 875/866, 875/866, 875/866, 875/866, 875/866, 875/866, 875/866, 875/20",375392.0,8.0,False
10,v0.89 - 89,0,CrossEntropy,Adam,0.000904255,100,MainLinear,0.000224328,27,875,ACI,3000,0.2,1000,-2,0,cuda,0.001,0.001,"[30, 30, 30, 30, 30, 30, 30, 30, 30, 30, 30, 30, 30, 30, 30, 30, 30, 30, 30, 30, 30, 30, 30, 30, 30, 30, 30, 30, 20]","[0.99, 0.99, 0.99, 0.99, 0.99, 0.99, 0.99, 0.99, 0.99, 0.99, 0.99, 0.99, 0.99, 0.99, 0.99, 0.99, 0.99, 0.99, 0.99, 0.99, 0.99, 0.99, 0.99, 0.99, 0.99, 0.99, 0.99, 0.99, 1.0]",DAIS_training|DAIS,0.5,0.5,0.05,0.03,3.0,"[10, 10, 10, 10, 10, 10, 10, 10, 10, 10, 10, 10, 10, 10, 10, 10, 10, 10, 10, 10, 10, 10, 10, 10, 10, 10, 10, 10, 20]",ModelStateDict1726539033.703691.pt,,20,1516,707897,2024-09-16 22:29:38.381232,x86_64,1132.8027267456057,77.62739200000033,88229888.0,800.0,200.0,1.4649449586868286,0.327893834123085,0.1265275799361092,0.0018311811983585,1.3883322477340698,0.3678831545508954,0.1428315659704638,0.0069416612386703,99.0,0.0018311811983585,,0.0018311811983585,,0.0018311811983585,,0.0018311811983585,,0.0018311811983585,,10.958546876907349,22015875.0,22040395.0,11375.0,"1516/875, 875/875, 875/875, 875/875, 875/875, 875/875, 875/875, 875/875, 875/875, 875/875, 875/875, 875/875, 875/875, 875/875, 875/875, 875/875, 875/875, 875/875, 875/875, 875/875, 875/875, 875/875, 875/875, 875/875, 875/875, 875/875, 875/875, 875/875, 875/20","1516/875, 875/875, 875/875, 875/875, 875/875, 875/875, 875/875, 875/875, 875/875, 875/875, 875/875, 875/875, 875/875, 875/875, 875/875, 875/875, 875/875, 875/875, 875/875, 875/875, 875/875, 875/875, 875/875, 875/873, 875/875, 875/870, 875/874, 875/870, 875/20",375392.0,8.0,False
11,v0.89 - 89,0,CrossEntropy,Adam,0.000904255,100,MainLinear,0.000224328,27,875,ACI,3000,0.2,1000,-2,0,cuda,0.001,0.001,"[30, 30, 30, 30, 30, 30, 30, 30, 30, 30, 30, 30, 30, 30, 30, 30, 30, 30, 30, 30, 30, 30, 30, 30, 30, 30, 30, 30, 20]","[0.99, 0.99, 0.99, 0.99, 0.99, 0.99, 0.99, 0.99, 0.99, 0.99, 0.99, 0.99, 0.99, 0.99, 0.99, 0.99, 0.99, 0.99, 0.99, 0.99, 0.99, 0.99, 0.99, 0.99, 0.99, 0.99, 0.99, 0.99, 1.0]",BERT_theseus_training|BERT_theseus,0.5,0.5,0.05,0.03,3.0,"[10, 10, 10, 10, 10, 10, 10, 10, 10, 10, 10, 10, 10, 10, 10, 10, 10, 10, 10, 10, 10, 10, 10, 10, 10, 10, 10, 10, 20]",ModelStateDict1726539033.703691.pt,,20,1516,707897,2024-09-16 22:31:58.936879,x86_64,129.36627173423767,-36.75750400000106,88747008.0,800.0,200.0,2.9670519828796387,0.1148031496062992,0.04251968503937,0.0037088149785995,2.963980436325073,0.1509125475285171,0.053231939163498,0.0148199021816253,99.0,0.0037088149785995,,0.0037088149785995,,0.0037088149785995,,0.0037088149785995,,0.0037088149785995,,11.292710781097412,22015875.0,22040395.0,0.0,"1516/875, 875/875, 875/875, 875/875, 875/875, 875/875, 875/875, 875/875, 875/875, 875/875, 875/875, 875/875, 875/875, 875/875, 875/875, 875/875, 875/875, 875/875, 875/875, 875/875, 875/875, 875/875, 875/875, 875/875, 875/875, 875/875, 875/875, 875/875, 875/20","1516/875, 875/875, 875/875, 875/875, 875/875, 875/875, 875/875, 875/875, 875/875, 875/875, 875/875, 875/875, 875/875, 875/875, 875/875, 875/875, 875/875, 875/875, 875/875, 875/875, 875/875, 875/875, 875/875, 875/875, 875/875, 875/875, 875/875, 875/875, 875/20",375500.0,8.0,False
12,v0.89 - 89,0,CrossEntropy,Adam,0.000904255,100,MainLinear,0.000224328,27,875,ACI,3000,0.2,1000,-2,0,cuda,0.001,0.001,"[30, 30, 30, 30, 30, 30, 30, 30, 30, 30, 30, 30, 30, 30, 30, 30, 30, 30, 30, 30, 30, 30, 30, 30, 30, 30, 30, 30, 20]","[0.99, 0.99, 0.99, 0.99, 0.99, 0.99, 0.99, 0.99, 0.99, 0.99, 0.99, 0.99, 0.99, 0.99, 0.99, 0.99, 0.99, 0.99, 0.99, 0.99, 0.99, 0.99, 0.99, 0.99, 0.99, 0.99, 0.99, 0.99, 1.0]",iteritive_full_theseus_training|iteritive_full_theseus,0.5,0.5,0.05,0.03,3.0,"[10, 10, 10, 10, 10, 10, 10, 10, 10, 10, 10, 10, 10, 10, 10, 10, 10, 10, 10, 10, 10, 10, 10, 10, 10, 10, 10, 10, 20]",ModelStateDict1726539033.703691.pt,,20,1516,707897,2024-09-16 22:36:07.112028,x86_64,236.66825079917908,32.69836800000121,87845376.0,800.0,200.0,2.979398727416992,0.0705310880829015,0.0341968911917098,0.0037242484092712,2.977628469467163,0.060672268907563,0.0354808590102707,0.0148881423473358,99.0,0.0037242484092712,,0.0037242484092712,,0.0037242484092712,,0.0037242484092712,,0.0037242484092712,,10.640336990356444,21627315.0,21651611.0,2.0,"1516/867, 867/867, 867/867, 867/867, 867/867, 867/867, 867/867, 867/867, 867/867, 867/867, 867/867, 867/867, 867/867, 867/867, 867/867, 867/867, 867/867, 867/867, 867/867, 867/867, 867/867, 867/867, 867/867, 867/867, 867/867, 867/867, 867/867, 867/867, 867/20","1516/867, 867/867, 867/867, 867/867, 867/867, 867/867, 867/867, 867/867, 867/867, 867/867, 867/867, 867/867, 867/867, 867/867, 867/867, 867/867, 867/867, 867/867, 867/867, 867/867, 867/867, 867/867, 867/867, 867/867, 867/867, 867/867, 867/867, 867/867, 867/20",374828.0,8.0,False
13,v0.89 - 89,0,CrossEntropy,Adam,0.000904255,100,MainLinear,0.000224328,27,875,ACI,3000,0.2,1000,-2,0,cuda,0.001,0.001,"[30, 30, 30, 30, 30, 30, 30, 30, 30, 30, 30, 30, 30, 30, 30, 30, 30, 30, 30, 30, 30, 30, 30, 30, 30, 30, 30, 30, 20]","[0.99, 0.99, 0.99, 0.99, 0.99, 0.99, 0.99, 0.99, 0.99, 0.99, 0.99, 0.99, 0.99, 0.99, 0.99, 0.99, 0.99, 0.99, 0.99, 0.99, 0.99, 0.99, 0.99, 0.99, 0.99, 0.99, 0.99, 0.99, 1.0]",thinet,0.5,0.5,0.05,0.03,3.0,"[10, 10, 10, 10, 10, 10, 10, 10, 10, 10, 10, 10, 10, 10, 10, 10, 10, 10, 10, 10, 10, 10, 10, 10, 10, 10, 10, 10, 20]",ModelStateDict1726539033.703691.pt,,20,1516,707897,2024-09-17 00:36:54.943610,x86_64,7236.980150699615,28.577792000000045,1158656.0,800.0,200.0,15146.33203125,0.0,0.0,18.9329150390625,15382.2197265625,0.0,0.0,76.9110986328125,99.0,18.9329150390625,,18.9329150390625,,18.9329150390625,,18.9329150390625,,18.9329150390625,,10.91878628730774,21578988.0,21603256.0,784383.0,"1516/866, 866/866, 866/866, 866/866, 866/866, 866/866, 866/866, 866/866, 866/866, 866/866, 866/866, 866/866, 866/866, 866/866, 866/866, 866/866, 866/866, 866/866, 866/866, 866/866, 866/866, 866/866, 866/866, 866/866, 866/866, 866/866, 866/866, 866/866, 866/20","1516/866, 866/866, 866/866, 866/866, 866/866, 866/866, 866/866, 866/866, 866/866, 866/866, 866/866, 866/866, 866/866, 866/866, 866/866, 866/866, 866/866, 866/866, 866/866, 866/866, 866/866, 866/866, 866/866, 866/866, 866/866, 866/866, 866/866, 866/866, 866/20",374744.0,8.0,False
14,v0.89 - 89,0,CrossEntropy,Adam,0.000904255,100,MainLinear,0.000224328,27,875,ACI,3000,0.2,1000,-2,0,cuda,0.001,0.001,"[30, 30, 30, 30, 30, 30, 30, 30, 30, 30, 30, 30, 30, 30, 30, 30, 30, 30, 30, 30, 30, 30, 30, 30, 30, 30, 30, 30, 20]","[0.99, 0.99, 0.99, 0.99, 0.99, 0.99, 0.99, 0.99, 0.99, 0.99, 0.99, 0.99, 0.99, 0.99, 0.99, 0.99, 0.99, 0.99, 0.99, 0.99, 0.99, 0.99, 0.99, 0.99, 0.99, 0.99, 0.99, 0.99, 1.0]",ADDM_Joint,0.5,0.5,0.05,0.03,3.0,"[10, 10, 10, 10, 10, 10, 10, 10, 10, 10, 10, 10, 10, 10, 10, 10, 10, 10, 10, 10, 10, 10, 10, 10, 10, 10, 10, 10, 20]",ModelStateDict1726539033.703691.pt,,20,1516,707897,2024-09-17 00:37:17.458742,x86_64,11.368882179260254,77.83219199999985,198936576.0,800.0,200.0,2.397524356842041,0.1148031496062992,0.04251968503937,0.0029969054460525,2.3894619941711426,0.1509125475285171,0.053231939163498,0.0119473099708557,99.0,0.0029969054460525,,0.0029969054460525,,0.0029969054460525,,0.0029969054460525,,0.0029969054460525,,10.208626985549929,22015875.0,22040395.0,21251938.0,"1516/875, 875/875, 875/875, 875/875, 875/875, 875/875, 875/875, 875/875, 875/875, 875/875, 875/875, 875/875, 875/875, 875/875, 875/875, 875/875, 875/875, 875/875, 875/875, 875/875, 875/875, 875/875, 875/875, 875/875, 875/875, 875/875, 875/875, 875/875, 875/20","1516/30, 875/30, 875/30, 875/30, 875/30, 875/30, 875/30, 875/30, 875/30, 875/30, 875/30, 875/30, 875/30, 875/30, 875/30, 875/30, 875/30, 875/30, 875/30, 875/30, 875/30, 875/30, 875/30, 875/30, 875/30, 875/30, 875/30, 875/30, 875/20",382072.0,8.0,False
15,v0.89 - 89,0,CrossEntropy,Adam,0.000904255,100,MainLinear,0.000224328,27,875,ACI,3000,0.2,1000,-2,0,cuda,0.001,0.001,"[30, 30, 30, 30, 30, 30, 30, 30, 30, 30, 30, 30, 30, 30, 30, 30, 30, 30, 30, 30, 30, 30, 30, 30, 30, 30, 30, 30, 20]","[0.99, 0.99, 0.99, 0.99, 0.99, 0.99, 0.99, 0.99, 0.99, 0.99, 0.99, 0.99, 0.99, 0.99, 0.99, 0.99, 0.99, 0.99, 0.99, 0.99, 0.99, 0.99, 0.99, 0.99, 0.99, 0.99, 0.99, 0.99, 1.0]",TOFD_INCOMPLETE,0.5,0.5,0.05,0.03,3.0,"[10, 10, 10, 10, 10, 10, 10, 10, 10, 10, 10, 10, 10, 10, 10, 10, 10, 10, 10, 10, 10, 10, 10, 10, 10, 10, 10, 10, 20]",ModelStateDict1726539033.703691.pt,,20,1516,707897,2024-09-17 00:37:51.682370,x86_64,23.792250871658325,285.6099840000006,245537792.0,800.0,200.0,,0.1148031496062992,0.04251968503937,,,0.1509125475285171,0.053231939163498,,99.0,,,,,,,,,,,10.941248655319214,43254630.0,21651611.0,0.0,"1516/867, 867/867, 867/867, 867/867, 867/867, 867/867, 867/867, 867/867, 867/867, 867/867, 867/867, 867/867, 867/867, 867/867, 867/867, 867/867, 867/867, 867/867, 867/867, 867/867, 867/867, 867/867, 867/867, 867/867, 867/867, 867/867, 867/867, 867/867, 867/20","1516/867, 867/867, 867/867, 867/867, 867/867, 867/867, 867/867, 867/867, 867/867, 867/867, 867/867, 867/867, 867/867, 867/867, 867/867, 867/867, 867/867, 867/867, 867/867, 867/867, 867/867, 867/867, 867/867, 867/867, 867/867, 867/867, 867/867, 867/867, 867/20",556893.0,8.0,False
16,v0.89 - 89,0,CrossEntropy,Adam,0.000904255,100,MainLinear,0.000224328,27,875,ACI,3000,0.2,1000,-2,0,cuda,0.001,0.001,"[30, 30, 30, 30, 30, 30, 30, 30, 30, 30, 30, 30, 30, 30, 30, 30, 30, 30, 30, 30, 30, 30, 30, 30, 30, 30, 30, 30, 20]","[0.7, 0.7, 0.7, 0.7, 0.7, 0.7, 0.7, 0.7, 0.7, 0.7, 0.7, 0.7, 0.7, 0.7, 0.7, 0.7, 0.7, 0.7, 0.7, 0.7, 0.7, 0.7, 0.7, 0.7, 0.7, 0.7, 0.7, 0.7, 1.0]",RandomStructured,0.5,0.5,0.05,0.03,3.0,"[10, 10, 10, 10, 10, 10, 10, 10, 10, 10, 10, 10, 10, 10, 10, 10, 10, 10, 10, 10, 10, 10, 10, 10, 10, 10, 10, 10, 20]",ModelStateDict1726539033.703691.pt,,20,1516,707897,2024-09-17 00:38:03.064098,x86_64,0.0194480419158935,0.0,88172544.0,800.0,200.0,1624.775146484375,0.0834099264705882,0.0367647058823529,2.030968933105469,1601.2481689453125,0.0744329896907216,0.0391752577319587,8.006240844726562,99.0,2.030968933105469,,2.030968933105469,,2.030968933105469,,2.030968933105469,,2.030968933105469,,11.078032493591309,22015875.0,22040395.0,7495002.0,"1516/875, 875/875, 875/875, 875/875, 875/875, 875/875, 875/875, 875/875, 875/875, 875/875, 875/875, 875/875, 875/875, 875/875, 875/875, 875/875, 875/875, 875/875, 875/875, 875/875, 875/875, 875/875, 875/875, 875/875, 875/875, 875/875, 875/875, 875/875, 875/20","1516/30, 875/612, 875/612, 875/612, 875/612, 875/612, 875/612, 875/612, 875/612, 875/612, 875/612, 875/612, 875/612, 875/612, 875/612, 875/612, 875/612, 875/612, 875/612, 875/612, 875/612, 875/612, 875/612, 875/612, 875/612, 875/612, 875/612, 875/612, 875/20",385358.0,8.0,False
17,v0.89 - 89,0,CrossEntropy,Adam,0.000904255,100,MainLinear,0.000224328,27,875,ACI,3000,0.2,1000,-2,0,cuda,0.001,0.001,"[30, 30, 30, 30, 30, 30, 30, 30, 30, 30, 30, 30, 30, 30, 30, 30, 30, 30, 30, 30, 30, 30, 30, 30, 30, 30, 30, 30, 20]","[0.7, 0.7, 0.7, 0.7, 0.7, 0.7, 0.7, 0.7, 0.7, 0.7, 0.7, 0.7, 0.7, 0.7, 0.7, 0.7, 0.7, 0.7, 0.7, 0.7, 0.7, 0.7, 0.7, 0.7, 0.7, 0.7, 0.7, 0.7, 1.0]",DAIS_training|DAIS,0.5,0.5,0.05,0.03,3.0,"[10, 10, 10, 10, 10, 10, 10, 10, 10, 10, 10, 10, 10, 10, 10, 10, 10, 10, 10, 10, 10, 10, 10, 10, 10, 10, 10, 10, 20]",ModelStateDict1726539033.703691.pt,,20,1516,707897,2024-09-17 00:56:02.235515,x86_64,1067.8856456279757,17.768447999998898,88960000.0,800.0,200.0,67.67074584960938,0.2215013404825737,0.0745795759200585,0.0845884323120117,63.391483306884766,0.2667567567567567,0.0846846846846846,0.3169574165344238,99.0,0.0845884323120117,,0.0845884323120117,,0.0845884323120117,,0.0845884323120117,,0.0845884323120117,,10.62105107307434,22015875.0,22040395.0,1600127.0,"1516/875, 875/875, 875/875, 875/875, 875/875, 875/875, 875/875, 875/875, 875/875, 875/875, 875/875, 875/875, 875/875, 875/875, 875/875, 875/875, 875/875, 875/875, 875/875, 875/875, 875/875, 875/875, 875/875, 875/875, 875/875, 875/875, 875/875, 875/875, 875/20","1516/30, 875/862, 875/861, 875/860, 875/866, 875/859, 875/867, 875/871, 875/863, 875/868, 875/864, 875/863, 875/865, 875/866, 875/860, 875/860, 875/854, 875/857, 875/865, 875/863, 875/849, 875/858, 875/859, 875/862, 875/868, 875/857, 875/853, 875/861, 875/20",385358.0,8.0,False
18,v0.89 - 89,0,CrossEntropy,Adam,0.000904255,100,MainLinear,0.000224328,27,875,ACI,3000,0.2,1000,-2,0,cuda,0.001,0.001,"[30, 30, 30, 30, 30, 30, 30, 30, 30, 30, 30, 30, 30, 30, 30, 30, 30, 30, 30, 30, 30, 30, 30, 30, 30, 30, 30, 30, 20]","[0.7, 0.7, 0.7, 0.7, 0.7, 0.7, 0.7, 0.7, 0.7, 0.7, 0.7, 0.7, 0.7, 0.7, 0.7, 0.7, 0.7, 0.7, 0.7, 0.7, 0.7, 0.7, 0.7, 0.7, 0.7, 0.7, 0.7, 0.7, 1.0]",BERT_theseus_training|BERT_theseus,0.5,0.5,0.05,0.03,3.0,"[10, 10, 10, 10, 10, 10, 10, 10, 10, 10, 10, 10, 10, 10, 10, 10, 10, 10, 10, 10, 10, 10, 10, 10, 10, 10, 10, 10, 20]",ModelStateDict1726539033.703691.pt,,20,1516,707897,2024-09-17 00:58:22.296411,x86_64,129.23271131515503,3.0556159999996453,88186880.0,800.0,200.0,2.9655089378356934,0.1148031496062992,0.04251968503937,0.0037068861722946,2.963451623916626,0.1509125475285171,0.053231939163498,0.0148172581195831,99.0,0.0037068861722946,,0.0037068861722946,,0.0037068861722946,,0.0037068861722946,,0.0037068861722946,,11.136313199996948,22015875.0,22040395.0,1281628.0,"1516/875, 875/875, 875/875, 875/875, 875/875, 875/875, 875/875, 875/875, 875/875, 875/875, 875/875, 875/875, 875/875, 875/875, 875/875, 875/875, 875/875, 875/875, 875/875, 875/875, 875/875, 875/875, 875/875, 875/875, 875/875, 875/875, 875/875, 875/875, 875/20","1516/30, 875/875, 875/875, 875/875, 875/875, 875/875, 875/875, 875/875, 875/875, 875/875, 875/875, 875/875, 875/875, 875/875, 875/875, 875/875, 875/875, 875/875, 875/875, 875/875, 875/875, 875/875, 875/875, 875/875, 875/875, 875/875, 875/875, 875/875, 875/20",385466.0,8.0,False
19,v0.89 - 89,0,CrossEntropy,Adam,0.000904255,100,MainLinear,0.000224328,27,875,ACI,3000,0.2,1000,-2,0,cuda,0.001,0.001,"[30, 30, 30, 30, 30, 30, 30, 30, 30, 30, 30, 30, 30, 30, 30, 30, 30, 30, 30, 30, 30, 30, 30, 30, 30, 30, 30, 30, 20]","[0.7, 0.7, 0.7, 0.7, 0.7, 0.7, 0.7, 0.7, 0.7, 0.7, 0.7, 0.7, 0.7, 0.7, 0.7, 0.7, 0.7, 0.7, 0.7, 0.7, 0.7, 0.7, 0.7, 0.7, 0.7, 0.7, 0.7, 0.7, 1.0]",iteritive_full_theseus_training|iteritive_full_theseus,0.5,0.5,0.05,0.03,3.0,"[10, 10, 10, 10, 10, 10, 10, 10, 10, 10, 10, 10, 10, 10, 10, 10, 10, 10, 10, 10, 10, 10, 10, 10, 10, 10, 10, 10, 20]",ModelStateDict1726539033.703691.pt,,20,1516,707897,2024-09-17 02:44:27.982979,x86_64,6354.33896279335,-621.4778879999994,36807680.0,800.0,200.0,2.972470283508301,0.0705310880829015,0.0341968911917098,0.0037155878543853,2.9709513187408447,0.060672268907563,0.0354808590102707,0.0148547565937042,99.0,0.0037155878543853,,0.0037155878543853,,0.0037155878543853,,0.0037155878543853,,0.0037155878543853,,10.894767761230469,11087331.0,11104515.0,124.0,"1516/613, 613/613, 613/613, 613/613, 613/613, 613/613, 613/613, 613/613, 613/613, 613/613, 613/613, 613/613, 613/613, 613/613, 613/613, 613/613, 613/613, 613/613, 613/613, 613/613, 613/613, 613/613, 613/613, 613/613, 613/613, 613/613, 613/613, 613/613, 613/20","1516/613, 613/613, 613/613, 613/613, 613/613, 613/613, 613/613, 613/613, 613/613, 613/613, 613/613, 613/613, 613/613, 613/613, 613/613, 613/613, 613/613, 613/613, 613/613, 613/613, 613/613, 613/613, 613/613, 613/613, 613/613, 613/613, 613/613, 613/613, 613/20",353600.0,8.0,False
20,v0.89 - 89,0,CrossEntropy,Adam,0.000904255,100,MainLinear,0.000224328,27,875,ACI,3000,0.2,1000,-2,0,cuda,0.001,0.001,"[30, 30, 30, 30, 30, 30, 30, 30, 30, 30, 30, 30, 30, 30, 30, 30, 30, 30, 30, 30, 30, 30, 30, 30, 30, 30, 30, 30, 20]","[0.7, 0.7, 0.7, 0.7, 0.7, 0.7, 0.7, 0.7, 0.7, 0.7, 0.7, 0.7, 0.7, 0.7, 0.7, 0.7, 0.7, 0.7, 0.7, 0.7, 0.7, 0.7, 0.7, 0.7, 0.7, 0.7, 0.7, 0.7, 1.0]",thinet,0.5,0.5,0.05,0.03,3.0,"[10, 10, 10, 10, 10, 10, 10, 10, 10, 10, 10, 10, 10, 10, 10, 10, 10, 10, 10, 10, 10, 10, 10, 10, 10, 10, 10, 10, 20]",ModelStateDict1726539033.703691.pt,,20,1516,707897,2024-09-17 04:20:35.705352,x86_64,5756.610962152481,-159.44499200000064,-651776.0,800.0,200.0,29.048852920532227,0.0,0.0,0.0363110661506652,29.482885360717773,0.0,0.0,0.1474144268035888,99.0,0.0363110661506652,,0.0363110661506652,,0.0363110661506652,,0.0363110661506652,,0.0363110661506652,,10.940096139907835,11052720.0,11069876.0,425579.0,"1516/612, 612/612, 612/612, 612/612, 612/612, 612/612, 612/612, 612/612, 612/612, 612/612, 612/612, 612/612, 612/612, 612/612, 612/612, 612/612, 612/612, 612/612, 612/612, 612/612, 612/612, 612/612, 612/612, 612/612, 612/612, 612/612, 612/612, 612/612, 612/20","1516/612, 612/612, 612/612, 612/612, 612/612, 612/612, 612/612, 612/612, 612/612, 612/612, 612/612, 612/612, 612/612, 612/612, 612/612, 612/612, 612/612, 612/612, 612/612, 612/612, 612/612, 612/612, 612/612, 612/612, 612/612, 612/612, 612/612, 612/612, 612/20",353516.0,8.0,False
21,v0.89 - 89,0,CrossEntropy,Adam,0.000904255,100,MainLinear,0.000224328,27,875,ACI,3000,0.2,1000,-2,0,cuda,0.001,0.001,"[30, 30, 30, 30, 30, 30, 30, 30, 30, 30, 30, 30, 30, 30, 30, 30, 30, 30, 30, 30, 30, 30, 30, 30, 30, 30, 30, 30, 20]","[0.7, 0.7, 0.7, 0.7, 0.7, 0.7, 0.7, 0.7, 0.7, 0.7, 0.7, 0.7, 0.7, 0.7, 0.7, 0.7, 0.7, 0.7, 0.7, 0.7, 0.7, 0.7, 0.7, 0.7, 0.7, 0.7, 0.7, 0.7, 1.0]",ADDM_Joint,0.5,0.5,0.05,0.03,3.0,"[10, 10, 10, 10, 10, 10, 10, 10, 10, 10, 10, 10, 10, 10, 10, 10, 10, 10, 10, 10, 10, 10, 10, 10, 10, 10, 10, 10, 20]",ModelStateDict1726539033.703691.pt,,20,1516,707897,2024-09-17 04:20:58.044980,x86_64,11.171595096588137,1.2328959999995277,200915456.0,800.0,200.0,2.404362440109253,0.1148031496062992,0.04251968503937,0.0030054530501365,2.3980627059936523,0.1509125475285171,0.053231939163498,0.0119903135299682,99.0,0.0030054530501365,,0.0030054530501365,,0.0030054530501365,,0.0030054530501365,,0.0030054530501365,,10.654208183288574,22015875.0,22040395.0,21474735.0,"1516/875, 875/875, 875/875, 875/875, 875/875, 875/875, 875/875, 875/875, 875/875, 875/875, 875/875, 875/875, 875/875, 875/875, 875/875, 875/875, 875/875, 875/875, 875/875, 875/875, 875/875, 875/875, 875/875, 875/875, 875/875, 875/875, 875/875, 875/875, 875/20","1516/30, 875/30, 875/30, 875/30, 875/30, 875/30, 875/30, 875/30, 875/30, 875/30, 875/30, 875/30, 875/30, 875/30, 875/30, 875/30, 875/30, 875/30, 875/30, 875/30, 875/30, 875/30, 875/30, 875/30, 875/30, 875/30, 875/30, 875/30, 875/20",382180.0,8.0,False
22,v0.89 - 89,0,CrossEntropy,Adam,0.000904255,100,MainLinear,0.000224328,27,875,ACI,3000,0.2,1000,-2,0,cuda,0.001,0.001,"[30, 30, 30, 30, 30, 30, 30, 30, 30, 30, 30, 30, 30, 30, 30, 30, 30, 30, 30, 30, 30, 30, 30, 30, 30, 30, 30, 30, 20]","[0.7, 0.7, 0.7, 0.7, 0.7, 0.7, 0.7, 0.7, 0.7, 0.7, 0.7, 0.7, 0.7, 0.7, 0.7, 0.7, 0.7, 0.7, 0.7, 0.7, 0.7, 0.7, 0.7, 0.7, 0.7, 0.7, 0.7, 0.7, 1.0]",TOFD_INCOMPLETE,0.5,0.5,0.05,0.03,3.0,"[10, 10, 10, 10, 10, 10, 10, 10, 10, 10, 10, 10, 10, 10, 10, 10, 10, 10, 10, 10, 10, 10, 10, 10, 10, 10, 10, 10, 20]",ModelStateDict1726539033.703691.pt,,20,1516,707897,2024-09-17 04:21:27.245015,x86_64,18.32802987098694,55.21408000000156,146239488.0,800.0,200.0,,0.1148031496062992,0.04251968503937,,,0.1509125475285171,0.053231939163498,,99.0,,,,,,,,,,,10.770255088806152,22174662.0,11104515.0,0.0,"1516/613, 613/613, 613/613, 613/613, 613/613, 613/613, 613/613, 613/613, 613/613, 613/613, 613/613, 613/613, 613/613, 613/613, 613/613, 613/613, 613/613, 613/613, 613/613, 613/613, 613/613, 613/613, 613/613, 613/613, 613/613, 613/613, 613/613, 613/613, 613/20","1516/613, 613/613, 613/613, 613/613, 613/613, 613/613, 613/613, 613/613, 613/613, 613/613, 613/613, 613/613, 613/613, 613/613, 613/613, 613/613, 613/613, 613/613, 613/613, 613/613, 613/613, 613/613, 613/613, 613/613, 613/613, 613/613, 613/613, 613/613, 613/20",507725.0,8.0,False
23,v0.89 - 89,0,CrossEntropy,Adam,0.000904255,100,MainLinear,0.000224328,27,875,ACI,3000,0.2,1000,-2,0,cuda,0.001,0.001,"[30, 30, 30, 30, 30, 30, 30, 30, 30, 30, 30, 30, 30, 30, 30, 30, 30, 30, 30, 30, 30, 30, 30, 30, 30, 30, 30, 30, 20]","[0.57, 0.57, 0.57, 0.57, 0.57, 0.57, 0.57, 0.57, 0.57, 0.57, 0.57, 0.57, 0.57, 0.57, 0.57, 0.57, 0.57, 0.57, 0.57, 0.57, 0.57, 0.57, 0.57, 0.57, 0.57, 0.57, 0.57, 0.57, 1.0]",RandomStructured,0.5,0.5,0.05,0.03,3.0,"[10, 10, 10, 10, 10, 10, 10, 10, 10, 10, 10, 10, 10, 10, 10, 10, 10, 10, 10, 10, 10, 10, 10, 10, 10, 10, 10, 10, 20]",ModelStateDict1726539033.703691.pt,,20,1516,707897,2024-09-17 04:21:38.511178,x86_64,0.0195522308349609,0.0,88172544.0,800.0,200.0,2.9348886013031006,0.1091943127962085,0.0454976303317535,0.0036686107516288,2.893338203430176,0.1082843137254901,0.05119825708061,0.0144666910171508,99.0,0.0036686107516288,,0.0036686107516288,,0.0036686107516288,,0.0036686107516288,,0.0036686107516288,,11.298906803131104,22015875.0,22040395.0,10206440.0,"1516/875, 875/875, 875/875, 875/875, 875/875, 875/875, 875/875, 875/875, 875/875, 875/875, 875/875, 875/875, 875/875, 875/875, 875/875, 875/875, 875/875, 875/875, 875/875, 875/875, 875/875, 875/875, 875/875, 875/875, 875/875, 875/875, 875/875, 875/875, 875/20","1516/30, 875/498, 875/498, 875/498, 875/498, 875/498, 875/498, 875/498, 875/498, 875/498, 875/498, 875/498, 875/498, 875/498, 875/498, 875/498, 875/498, 875/498, 875/498, 875/498, 875/498, 875/498, 875/498, 875/498, 875/498, 875/498, 875/498, 875/498, 875/20",385466.0,8.0,False
24,v0.89 - 89,0,CrossEntropy,Adam,0.000904255,100,MainLinear,0.000224328,27,875,ACI,3000,0.2,1000,-2,0,cuda,0.001,0.001,"[30, 30, 30, 30, 30, 30, 30, 30, 30, 30, 30, 30, 30, 30, 30, 30, 30, 30, 30, 30, 30, 30, 30, 30, 30, 30, 30, 30, 20]","[0.57, 0.57, 0.57, 0.57, 0.57, 0.57, 0.57, 0.57, 0.57, 0.57, 0.57, 0.57, 0.57, 0.57, 0.57, 0.57, 0.57, 0.57, 0.57, 0.57, 0.57, 0.57, 0.57, 0.57, 0.57, 0.57, 0.57, 0.57, 1.0]",DAIS_training|DAIS,0.5,0.5,0.05,0.03,3.0,"[10, 10, 10, 10, 10, 10, 10, 10, 10, 10, 10, 10, 10, 10, 10, 10, 10, 10, 10, 10, 10, 10, 10, 10, 10, 10, 10, 10, 20]",ModelStateDict1726539033.703691.pt,,20,1516,707897,2024-09-17 04:39:59.388946,x86_64,1089.3689403533936,29.257728000000498,88608768.0,800.0,200.0,29.38912582397461,0.3298134101941747,0.1273311084142395,0.0367364072799682,26.47724342346192,0.3834935553168636,0.1488045510601901,0.1323862171173095,99.0,0.0367364072799682,,0.0367364072799682,,0.0367364072799682,,0.0367364072799682,,0.0367364072799682,,10.752777814865112,22015875.0,22040395.0,1522940.0,"1516/875, 875/875, 875/875, 875/875, 875/875, 875/875, 875/875, 875/875, 875/875, 875/875, 875/875, 875/875, 875/875, 875/875, 875/875, 875/875, 875/875, 875/875, 875/875, 875/875, 875/875, 875/875, 875/875, 875/875, 875/875, 875/875, 875/875, 875/875, 875/20","1516/30, 875/868, 875/863, 875/860, 875/867, 875/864, 875/867, 875/867, 875/869, 875/867, 875/864, 875/865, 875/860, 875/860, 875/868, 875/867, 875/866, 875/866, 875/868, 875/861, 875/866, 875/869, 875/869, 875/868, 875/863, 875/862, 875/872, 875/864, 875/20",385466.0,8.0,False
25,v0.89 - 89,0,CrossEntropy,Adam,0.000904255,100,MainLinear,0.000224328,27,875,ACI,3000,0.2,1000,-2,0,cuda,0.001,0.001,"[30, 30, 30, 30, 30, 30, 30, 30, 30, 30, 30, 30, 30, 30, 30, 30, 30, 30, 30, 30, 30, 30, 30, 30, 30, 30, 30, 30, 20]","[0.57, 0.57, 0.57, 0.57, 0.57, 0.57, 0.57, 0.57, 0.57, 0.57, 0.57, 0.57, 0.57, 0.57, 0.57, 0.57, 0.57, 0.57, 0.57, 0.57, 0.57, 0.57, 0.57, 0.57, 0.57, 0.57, 0.57, 0.57, 1.0]",BERT_theseus_training|BERT_theseus,0.5,0.5,0.05,0.03,3.0,"[10, 10, 10, 10, 10, 10, 10, 10, 10, 10, 10, 10, 10, 10, 10, 10, 10, 10, 10, 10, 10, 10, 10, 10, 10, 10, 10, 10, 20]",ModelStateDict1726539033.703691.pt,,20,1516,707897,2024-09-17 04:42:18.062345,x86_64,127.71284866333008,-0.6225919999997132,88244224.0,800.0,200.0,2.9618959426879883,0.1148031496062992,0.04251968503937,0.0037023699283599,2.9589953422546387,0.1509125475285171,0.053231939163498,0.0147949767112731,99.0,0.0037023699283599,,0.0037023699283599,,0.0037023699283599,,0.0037023699283599,,0.0037023699283599,,11.251380681991575,22015875.0,22040395.0,1299816.0,"1516/875, 875/875, 875/875, 875/875, 875/875, 875/875, 875/875, 875/875, 875/875, 875/875, 875/875, 875/875, 875/875, 875/875, 875/875, 875/875, 875/875, 875/875, 875/875, 875/875, 875/875, 875/875, 875/875, 875/875, 875/875, 875/875, 875/875, 875/875, 875/20","1516/30, 875/875, 875/875, 875/875, 875/875, 875/875, 875/875, 875/875, 875/875, 875/875, 875/875, 875/875, 875/875, 875/875, 875/875, 875/875, 875/875, 875/875, 875/875, 875/875, 875/875, 875/875, 875/875, 875/875, 875/875, 875/875, 875/875, 875/875, 875/20",385574.0,8.0,False
26,v0.89 - 89,0,CrossEntropy,Adam,0.000904255,100,MainLinear,0.000224328,27,875,ACI,3000,0.2,1000,-2,0,cuda,0.001,0.001,"[30, 30, 30, 30, 30, 30, 30, 30, 30, 30, 30, 30, 30, 30, 30, 30, 30, 30, 30, 30, 30, 30, 30, 30, 30, 30, 30, 30, 20]","[0.57, 0.57, 0.57, 0.57, 0.57, 0.57, 0.57, 0.57, 0.57, 0.57, 0.57, 0.57, 0.57, 0.57, 0.57, 0.57, 0.57, 0.57, 0.57, 0.57, 0.57, 0.57, 0.57, 0.57, 0.57, 0.57, 0.57, 0.57, 1.0]",iteritive_full_theseus_training|iteritive_full_theseus,0.5,0.5,0.05,0.03,3.0,"[10, 10, 10, 10, 10, 10, 10, 10, 10, 10, 10, 10, 10, 10, 10, 10, 10, 10, 10, 10, 10, 10, 10, 10, 10, 10, 10, 10, 20]",ModelStateDict1726539033.703691.pt,,20,1516,707897,2024-09-17 07:08:50.288732,x86_64,8780.754779815674,27.33670399999937,12677120.0,800.0,200.0,2.959784746170044,0.0705310880829015,0.0341968911917098,0.0036997309327125,2.9582607746124268,0.060672268907563,0.0354808590102707,0.0147913038730621,99.0,0.0036997309327125,,0.0036997309327125,,0.0036997309327125,,0.0036997309327125,,0.0036997309327125,,11.030746459960938,7489491.0,7503483.0,3048.0,"1516/499, 499/499, 499/499, 499/499, 499/499, 499/499, 499/499, 499/499, 499/499, 499/499, 499/499, 499/499, 499/499, 499/499, 499/499, 499/499, 499/499, 499/499, 499/499, 499/499, 499/499, 499/499, 499/499, 499/499, 499/499, 499/499, 499/499, 499/499, 499/20","1516/499, 499/499, 499/499, 499/499, 499/499, 499/499, 499/499, 499/499, 499/499, 499/499, 499/499, 499/499, 499/499, 499/499, 499/499, 499/499, 499/499, 499/499, 499/499, 499/499, 499/499, 499/499, 499/499, 499/499, 499/499, 499/499, 499/499, 499/499, 499/20",344132.0,8.0,False
27,v0.89 - 89,0,CrossEntropy,Adam,0.000904255,100,MainLinear,0.000224328,27,875,ACI,3000,0.2,1000,-2,0,cuda,0.001,0.001,"[30, 30, 30, 30, 30, 30, 30, 30, 30, 30, 30, 30, 30, 30, 30, 30, 30, 30, 30, 30, 30, 30, 30, 30, 30, 30, 30, 30, 20]","[0.57, 0.57, 0.57, 0.57, 0.57, 0.57, 0.57, 0.57, 0.57, 0.57, 0.57, 0.57, 0.57, 0.57, 0.57, 0.57, 0.57, 0.57, 0.57, 0.57, 0.57, 0.57, 0.57, 0.57, 0.57, 0.57, 0.57, 0.57, 1.0]",thinet,0.5,0.5,0.05,0.03,3.0,"[10, 10, 10, 10, 10, 10, 10, 10, 10, 10, 10, 10, 10, 10, 10, 10, 10, 10, 10, 10, 10, 10, 10, 10, 10, 10, 10, 10, 20]",ModelStateDict1726539033.703691.pt,,20,1516,707897,2024-09-17 08:31:23.496621,x86_64,4941.96088385582,-2.863104000000021,-31744.0,800.0,200.0,5.488054275512695,0.0,0.0,0.0068600678443908,5.545044422149658,0.0,0.0,0.0277252221107482,99.0,0.0068600678443908,,0.0068600678443908,,0.0068600678443908,,0.0068600678443908,,0.0068600678443908,,10.843018531799316,7461036.0,7475000.0,306987.0,"1516/498, 498/498, 498/498, 498/498, 498/498, 498/498, 498/498, 498/498, 498/498, 498/498, 498/498, 498/498, 498/498, 498/498, 498/498, 498/498, 498/498, 498/498, 498/498, 498/498, 498/498, 498/498, 498/498, 498/498, 498/498, 498/498, 498/498, 498/498, 498/20","1516/498, 498/498, 498/498, 498/498, 498/498, 498/498, 498/498, 498/498, 498/498, 498/498, 498/498, 498/498, 498/498, 498/498, 498/498, 498/498, 498/498, 498/498, 498/498, 498/498, 498/498, 498/498, 498/498, 498/498, 498/498, 498/498, 498/498, 498/498, 498/20",344048.0,8.0,False
28,v0.89 - 89,0,CrossEntropy,Adam,0.000904255,100,MainLinear,0.000224328,27,875,ACI,3000,0.2,1000,-2,0,cuda,0.001,0.001,"[30, 30, 30, 30, 30, 30, 30, 30, 30, 30, 30, 30, 30, 30, 30, 30, 30, 30, 30, 30, 30, 30, 30, 30, 30, 30, 30, 30, 20]","[0.57, 0.57, 0.57, 0.57, 0.57, 0.57, 0.57, 0.57, 0.57, 0.57, 0.57, 0.57, 0.57, 0.57, 0.57, 0.57, 0.57, 0.57, 0.57, 0.57, 0.57, 0.57, 0.57, 0.57, 0.57, 0.57, 0.57, 0.57, 1.0]",ADDM_Joint,0.5,0.5,0.05,0.03,3.0,"[10, 10, 10, 10, 10, 10, 10, 10, 10, 10, 10, 10, 10, 10, 10, 10, 10, 10, 10, 10, 10, 10, 10, 10, 10, 10, 10, 10, 20]",ModelStateDict1726539033.703691.pt,,20,1516,707897,2024-09-17 08:31:45.729071,x86_64,11.162354469299316,-0.0409600000002683,197741568.0,800.0,200.0,2.429811954498291,0.0705310880829015,0.0341968911917098,0.0030372649431228,2.4266161918640137,0.060672268907563,0.0354808590102707,0.01213308095932,99.0,0.0030372649431228,,0.0030372649431228,,0.0030372649431228,,0.0030372649431228,,0.0030372649431228,,10.780457496643066,22015875.0,22040395.0,21574523.0,"1516/875, 875/875, 875/875, 875/875, 875/875, 875/875, 875/875, 875/875, 875/875, 875/875, 875/875, 875/875, 875/875, 875/875, 875/875, 875/875, 875/875, 875/875, 875/875, 875/875, 875/875, 875/875, 875/875, 875/875, 875/875, 875/875, 875/875, 875/875, 875/20","1516/30, 875/30, 875/30, 875/30, 875/30, 875/30, 875/30, 875/30, 875/30, 875/30, 875/30, 875/30, 875/30, 875/30, 875/30, 875/30, 875/30, 875/30, 875/30, 875/30, 875/30, 875/30, 875/30, 875/30, 875/30, 875/30, 875/30, 875/30, 875/20",382288.0,8.0,False
29,v0.89 - 89,0,CrossEntropy,Adam,0.000904255,100,MainLinear,0.000224328,27,875,ACI,3000,0.2,1000,-2,0,cuda,0.001,0.001,"[30, 30, 30, 30, 30, 30, 30, 30, 30, 30, 30, 30, 30, 30, 30, 30, 30, 30, 30, 30, 30, 30, 30, 30, 30, 30, 30, 30, 20]","[0.57, 0.57, 0.57, 0.57, 0.57, 0.57, 0.57, 0.57, 0.57, 0.57, 0.57, 0.57, 0.57, 0.57, 0.57, 0.57, 0.57, 0.57, 0.57, 0.57, 0.57, 0.57, 0.57, 0.57, 0.57, 0.57, 0.57, 0.57, 1.0]",TOFD_INCOMPLETE,0.5,0.5,0.05,0.03,3.0,"[10, 10, 10, 10, 10, 10, 10, 10, 10, 10, 10, 10, 10, 10, 10, 10, 10, 10, 10, 10, 10, 10, 10, 10, 10, 10, 10, 10, 20]",ModelStateDict1726539033.703691.pt,,20,1516,707897,2024-09-17 08:32:16.690900,x86_64,19.966445684432983,14.00422400000025,100498432.0,800.0,200.0,,0.1148031496062992,0.04251968503937,,,0.1509125475285171,0.053231939163498,,99.0,,,,,,,,,,,11.296667098999023,14978982.0,7503483.0,0.0,"1516/499, 499/499, 499/499, 499/499, 499/499, 499/499, 499/499, 499/499, 499/499, 499/499, 499/499, 499/499, 499/499, 499/499, 499/499, 499/499, 499/499, 499/499, 499/499, 499/499, 499/499, 499/499, 499/499, 499/499, 499/499, 499/499, 499/499, 499/499, 499/20","1516/499, 499/499, 499/499, 499/499, 499/499, 499/499, 499/499, 499/499, 499/499, 499/499, 499/499, 499/499, 499/499, 499/499, 499/499, 499/499, 499/499, 499/499, 499/499, 499/499, 499/499, 499/499, 499/499, 499/499, 499/499, 499/499, 499/499, 499/499, 499/20",485717.0,8.0,False
30,v0.89 - 89,0,CrossEntropy,Adam,0.000904255,100,MainLinear,0.000224328,27,875,ACI,3000,0.2,1000,-2,0,cuda,0.001,0.001,"[30, 30, 30, 30, 30, 30, 30, 30, 30, 30, 30, 30, 30, 30, 30, 30, 30, 30, 30, 30, 30, 30, 30, 30, 30, 30, 30, 30, 20]","[0.49, 0.49, 0.49, 0.49, 0.49, 0.49, 0.49, 0.49, 0.49, 0.49, 0.49, 0.49, 0.49, 0.49, 0.49, 0.49, 0.49, 0.49, 0.49, 0.49, 0.49, 0.49, 0.49, 0.49, 0.49, 0.49, 0.49, 0.49, 1.0]",RandomStructured,0.5,0.5,0.05,0.03,3.0,"[10, 10, 10, 10, 10, 10, 10, 10, 10, 10, 10, 10, 10, 10, 10, 10, 10, 10, 10, 10, 10, 10, 10, 10, 10, 10, 10, 10, 20]",ModelStateDict1726539033.703691.pt,,20,1516,707897,2024-09-17 08:32:28.424526,x86_64,0.0198142528533935,0.0,88875008.0,800.0,200.0,2.238893747329712,0.0929032258064516,0.0387096774193548,0.0027986171841621,2.217069387435913,0.0894331983805667,0.042285200179937,0.0110853469371795,99.0,0.0027986171841621,,0.0027986171841621,,0.0027986171841621,,0.0027986171841621,,0.0027986171841621,,11.403964042663574,22015875.0,22040395.0,11868437.0,"1516/875, 875/875, 875/875, 875/875, 875/875, 875/875, 875/875, 875/875, 875/875, 875/875, 875/875, 875/875, 875/875, 875/875, 875/875, 875/875, 875/875, 875/875, 875/875, 875/875, 875/875, 875/875, 875/875, 875/875, 875/875, 875/875, 875/875, 875/875, 875/20","1516/30, 875/428, 875/428, 875/428, 875/428, 875/428, 875/428, 875/428, 875/428, 875/428, 875/428, 875/428, 875/428, 875/428, 875/428, 875/428, 875/428, 875/428, 875/428, 875/428, 875/428, 875/428, 875/428, 875/428, 875/428, 875/428, 875/428, 875/428, 875/20",385574.0,8.0,False
31,v0.89 - 89,0,CrossEntropy,Adam,0.000904255,100,MainLinear,0.000224328,27,875,ACI,3000,0.2,1000,-2,0,cuda,0.001,0.001,"[30, 30, 30, 30, 30, 30, 30, 30, 30, 30, 30, 30, 30, 30, 30, 30, 30, 30, 30, 30, 30, 30, 30, 30, 30, 30, 30, 30, 20]","[0.49, 0.49, 0.49, 0.49, 0.49, 0.49, 0.49, 0.49, 0.49, 0.49, 0.49, 0.49, 0.49, 0.49, 0.49, 0.49, 0.49, 0.49, 0.49, 0.49, 0.49, 0.49, 0.49, 0.49, 0.49, 0.49, 0.49, 0.49, 1.0]",DAIS_training|DAIS,0.5,0.5,0.05,0.03,3.0,"[10, 10, 10, 10, 10, 10, 10, 10, 10, 10, 10, 10, 10, 10, 10, 10, 10, 10, 10, 10, 10, 10, 10, 10, 10, 10, 10, 10, 20]",ModelStateDict1726539033.703691.pt,,20,1516,707897,2024-09-17 08:50:52.965500,x86_64,1092.9195618629456,12.492799999999988,87906304.0,800.0,200.0,1.9534053321440494e+19,0.3622976518297821,0.1442194334095742,2.4417566651800616e+16,1.7932339757677806e+19,0.3636841611996251,0.1467666354264292,8.966169878838902e+16,99.0,2.4417566651800616e+16,,2.4417566651800616e+16,,2.4417566651800616e+16,,2.4417566651800616e+16,,2.4417566651800616e+16,,10.976948738098145,22015875.0,22040395.0,3701187.0,"1516/875, 875/875, 875/875, 875/875, 875/875, 875/875, 875/875, 875/875, 875/875, 875/875, 875/875, 875/875, 875/875, 875/875, 875/875, 875/875, 875/875, 875/875, 875/875, 875/875, 875/875, 875/875, 875/875, 875/875, 875/875, 875/875, 875/875, 875/875, 875/20","1516/30, 875/777, 875/771, 875/750, 875/754, 875/769, 875/761, 875/762, 875/764, 875/754, 875/755, 875/761, 875/776, 875/792, 875/763, 875/767, 875/786, 875/798, 875/764, 875/758, 875/782, 875/771, 875/797, 875/785, 875/796, 875/786, 875/804, 875/787, 875/20",385574.0,8.0,False
32,v0.89 - 89,0,CrossEntropy,Adam,0.000904255,100,MainLinear,0.000224328,27,875,ACI,3000,0.2,1000,-2,0,cuda,0.001,0.001,"[30, 30, 30, 30, 30, 30, 30, 30, 30, 30, 30, 30, 30, 30, 30, 30, 30, 30, 30, 30, 30, 30, 30, 30, 30, 30, 30, 30, 20]","[0.49, 0.49, 0.49, 0.49, 0.49, 0.49, 0.49, 0.49, 0.49, 0.49, 0.49, 0.49, 0.49, 0.49, 0.49, 0.49, 0.49, 0.49, 0.49, 0.49, 0.49, 0.49, 0.49, 0.49, 0.49, 0.49, 0.49, 0.49, 1.0]",BERT_theseus_training|BERT_theseus,0.5,0.5,0.05,0.03,3.0,"[10, 10, 10, 10, 10, 10, 10, 10, 10, 10, 10, 10, 10, 10, 10, 10, 10, 10, 10, 10, 10, 10, 10, 10, 10, 10, 10, 10, 20]",ModelStateDict1726539033.703691.pt,,20,1516,707897,2024-09-17 08:53:12.736146,x86_64,128.58120560646057,2.723839999998745,88480768.0,800.0,200.0,2.967266321182251,0.1148031496062992,0.04251968503937,0.0037090829014778,2.9635009765625,0.1509125475285171,0.053231939163498,0.0148175048828125,99.0,0.0037090829014778,,0.0037090829014778,,0.0037090829014778,,0.0037090829014778,,0.0037090829014778,,11.395421743392944,22015875.0,22040395.0,1308063.0,"1516/875, 875/875, 875/875, 875/875, 875/875, 875/875, 875/875, 875/875, 875/875, 875/875, 875/875, 875/875, 875/875, 875/875, 875/875, 875/875, 875/875, 875/875, 875/875, 875/875, 875/875, 875/875, 875/875, 875/875, 875/875, 875/875, 875/875, 875/875, 875/20","1516/30, 875/875, 875/875, 875/875, 875/875, 875/875, 875/875, 875/875, 875/875, 875/875, 875/875, 875/875, 875/875, 875/875, 875/875, 875/875, 875/875, 875/875, 875/875, 875/875, 875/875, 875/875, 875/875, 875/875, 875/875, 875/875, 875/875, 875/875, 875/20",385682.0,8.0,False
33,v0.89 - 89,0,CrossEntropy,Adam,0.000904255,100,MainLinear,0.000224328,27,875,ACI,3000,0.2,1000,-2,0,cuda,0.001,0.001,"[30, 30, 30, 30, 30, 30, 30, 30, 30, 30, 30, 30, 30, 30, 30, 30, 30, 30, 30, 30, 30, 30, 30, 30, 30, 30, 30, 30, 20]","[0.49, 0.49, 0.49, 0.49, 0.49, 0.49, 0.49, 0.49, 0.49, 0.49, 0.49, 0.49, 0.49, 0.49, 0.49, 0.49, 0.49, 0.49, 0.49, 0.49, 0.49, 0.49, 0.49, 0.49, 0.49, 0.49, 0.49, 0.49, 1.0]",iteritive_full_theseus_training|iteritive_full_theseus,0.5,0.5,0.05,0.03,3.0,"[10, 10, 10, 10, 10, 10, 10, 10, 10, 10, 10, 10, 10, 10, 10, 10, 10, 10, 10, 10, 10, 10, 10, 10, 10, 10, 10, 10, 20]",ModelStateDict1726539033.703691.pt,,20,1516,707897,2024-09-17 11:46:57.046302,x86_64,10412.701508045197,5.4968320000007225,6166016.0,800.0,200.0,2.942169427871704,0.1148031496062992,0.04251968503937,0.0036777117848396,2.9388983249664307,0.1509125475285171,0.053231939163498,0.0146944916248321,99.0,0.0036777117848396,,0.0036777117848396,,0.0036777117848396,,0.0036777117848396,,0.0036777117848396,,11.201987504959106,5628051.0,5640083.0,3717.0,"1516/429, 429/429, 429/429, 429/429, 429/429, 429/429, 429/429, 429/429, 429/429, 429/429, 429/429, 429/429, 429/429, 429/429, 429/429, 429/429, 429/429, 429/429, 429/429, 429/429, 429/429, 429/429, 429/429, 429/429, 429/429, 429/429, 429/429, 429/429, 429/20","1516/429, 429/429, 429/429, 429/429, 429/429, 429/429, 429/429, 429/429, 429/429, 429/429, 429/429, 429/429, 429/429, 429/429, 429/429, 429/429, 429/429, 429/429, 429/429, 429/429, 429/429, 429/429, 429/429, 429/429, 429/429, 429/429, 429/429, 429/429, 429/20",338360.0,8.0,False
34,v0.89 - 89,0,CrossEntropy,Adam,0.000904255,100,MainLinear,0.000224328,27,875,ACI,3000,0.2,1000,-2,0,cuda,0.001,0.001,"[30, 30, 30, 30, 30, 30, 30, 30, 30, 30, 30, 30, 30, 30, 30, 30, 30, 30, 30, 30, 30, 30, 30, 30, 30, 30, 30, 30, 20]","[0.49, 0.49, 0.49, 0.49, 0.49, 0.49, 0.49, 0.49, 0.49, 0.49, 0.49, 0.49, 0.49, 0.49, 0.49, 0.49, 0.49, 0.49, 0.49, 0.49, 0.49, 0.49, 0.49, 0.49, 0.49, 0.49, 0.49, 0.49, 1.0]",thinet,0.5,0.5,0.05,0.03,3.0,"[10, 10, 10, 10, 10, 10, 10, 10, 10, 10, 10, 10, 10, 10, 10, 10, 10, 10, 10, 10, 10, 10, 10, 10, 10, 10, 10, 10, 20]",ModelStateDict1726539033.703691.pt,,20,1516,707897,2024-09-17 13:01:24.455293,x86_64,4455.997147321701,47.36204799999905,-344064.0,800.0,200.0,16.502166748046875,0.0,0.0,0.0206277084350585,17.243907928466797,0.0,0.0,0.0862195396423339,99.0,0.0206277084350585,,0.0206277084350585,,0.0206277084350585,,0.0206277084350585,,0.0206277084350585,,11.112932205200195,5603376.0,5615380.0,217126.0,"1516/428, 428/428, 428/428, 428/428, 428/428, 428/428, 428/428, 428/428, 428/428, 428/428, 428/428, 428/428, 428/428, 428/428, 428/428, 428/428, 428/428, 428/428, 428/428, 428/428, 428/428, 428/428, 428/428, 428/428, 428/428, 428/428, 428/428, 428/428, 428/20","1516/428, 428/428, 428/428, 428/428, 428/428, 428/428, 428/428, 428/428, 428/428, 428/428, 428/428, 428/428, 428/428, 428/428, 428/428, 428/428, 428/428, 428/428, 428/428, 428/428, 428/428, 428/428, 428/428, 428/428, 428/428, 428/428, 428/428, 428/428, 428/20",338276.0,8.0,False
35,v0.89 - 89,0,CrossEntropy,Adam,0.000904255,100,MainLinear,0.000224328,27,875,ACI,3000,0.2,1000,-2,0,cuda,0.001,0.001,"[30, 30, 30, 30, 30, 30, 30, 30, 30, 30, 30, 30, 30, 30, 30, 30, 30, 30, 30, 30, 30, 30, 30, 30, 30, 30, 30, 30, 20]","[0.49, 0.49, 0.49, 0.49, 0.49, 0.49, 0.49, 0.49, 0.49, 0.49, 0.49, 0.49, 0.49, 0.49, 0.49, 0.49, 0.49, 0.49, 0.49, 0.49, 0.49, 0.49, 0.49, 0.49, 0.49, 0.49, 0.49, 0.49, 1.0]",ADDM_Joint,0.5,0.5,0.05,0.03,3.0,"[10, 10, 10, 10, 10, 10, 10, 10, 10, 10, 10, 10, 10, 10, 10, 10, 10, 10, 10, 10, 10, 10, 10, 10, 10, 10, 10, 10, 20]",ModelStateDict1726539033.703691.pt,,20,1516,707897,2024-09-17 13:01:47.057700,x86_64,11.261738538742064,6.217727999999624,175779840.0,800.0,200.0,2.4587156772613525,0.0705310880829015,0.0341968911917098,0.0030733945965766,2.4581668376922607,0.060672268907563,0.0354808590102707,0.0122908341884613,99.0,0.0030733945965766,,0.0030733945965766,,0.0030733945965766,,0.0030733945965766,,0.0030733945965766,,11.2083740234375,22015875.0,22040395.0,21635843.0,"1516/875, 875/875, 875/875, 875/875, 875/875, 875/875, 875/875, 875/875, 875/875, 875/875, 875/875, 875/875, 875/875, 875/875, 875/875, 875/875, 875/875, 875/875, 875/875, 875/875, 875/875, 875/875, 875/875, 875/875, 875/875, 875/875, 875/875, 875/875, 875/20","1516/30, 875/30, 875/30, 875/30, 875/30, 875/30, 875/30, 875/30, 875/30, 875/30, 875/30, 875/30, 875/30, 875/30, 875/30, 875/30, 875/30, 875/30, 875/30, 875/30, 875/30, 875/30, 875/30, 875/30, 875/30, 875/30, 875/30, 875/30, 875/20",382396.0,8.0,False
36,v0.89 - 89,0,CrossEntropy,Adam,0.000904255,100,MainLinear,0.000224328,27,875,ACI,3000,0.2,1000,-2,0,cuda,0.001,0.001,"[30, 30, 30, 30, 30, 30, 30, 30, 30, 30, 30, 30, 30, 30, 30, 30, 30, 30, 30, 30, 30, 30, 30, 30, 30, 30, 30, 30, 20]","[0.49, 0.49, 0.49, 0.49, 0.49, 0.49, 0.49, 0.49, 0.49, 0.49, 0.49, 0.49, 0.49, 0.49, 0.49, 0.49, 0.49, 0.49, 0.49, 0.49, 0.49, 0.49, 0.49, 0.49, 0.49, 0.49, 0.49, 0.49, 1.0]",TOFD_INCOMPLETE,0.5,0.5,0.05,0.03,3.0,"[10, 10, 10, 10, 10, 10, 10, 10, 10, 10, 10, 10, 10, 10, 10, 10, 10, 10, 10, 10, 10, 10, 10, 10, 10, 10, 10, 10, 20]",ModelStateDict1726539033.703691.pt,,20,1516,707897,2024-09-17 13:02:18.223233,x86_64,19.73705697059632,-0.6021120000004885,163524096.0,800.0,200.0,,0.1148031496062992,0.04251968503937,,,0.1509125475285171,0.053231939163498,,99.0,,,,,,,,,,,11.218523979187012,11256102.0,5640083.0,0.0,"1516/429, 429/429, 429/429, 429/429, 429/429, 429/429, 429/429, 429/429, 429/429, 429/429, 429/429, 429/429, 429/429, 429/429, 429/429, 429/429, 429/429, 429/429, 429/429, 429/429, 429/429, 429/429, 429/429, 429/429, 429/429, 429/429, 429/429, 429/429, 429/20","1516/429, 429/429, 429/429, 429/429, 429/429, 429/429, 429/429, 429/429, 429/429, 429/429, 429/429, 429/429, 429/429, 429/429, 429/429, 429/429, 429/429, 429/429, 429/429, 429/429, 429/429, 429/429, 429/429, 429/429, 429/429, 429/429, 429/429, 429/429, 429/20",468959.0,8.0,False
37,v0.89 - 89,0,CrossEntropy,Adam,0.000904255,100,MainLinear,0.000224328,27,875,ACI,3000,0.2,1000,-2,0,cuda,0.001,0.001,"[30, 30, 30, 30, 30, 30, 30, 30, 30, 30, 30, 30, 30, 30, 30, 30, 30, 30, 30, 30, 30, 30, 30, 30, 30, 30, 30, 30, 20]","[0.44, 0.44, 0.44, 0.44, 0.44, 0.44, 0.44, 0.44, 0.44, 0.44, 0.44, 0.44, 0.44, 0.44, 0.44, 0.44, 0.44, 0.44, 0.44, 0.44, 0.44, 0.44, 0.44, 0.44, 0.44, 0.44, 0.44, 0.44, 1.0]",RandomStructured,0.5,0.5,0.05,0.03,3.0,"[10, 10, 10, 10, 10, 10, 10, 10, 10, 10, 10, 10, 10, 10, 10, 10, 10, 10, 10, 10, 10, 10, 10, 10, 10, 10, 10, 10, 20]",ModelStateDict1726539033.703691.pt,,20,1516,707897,2024-09-17 13:02:29.885135,x86_64,0.0204973220825195,0.0,88934400.0,800.0,200.0,2.115988254547119,0.0929032258064516,0.0387096774193548,0.0026449853181838,2.1168031692504883,0.0894331983805667,0.042285200179937,0.0105840158462524,99.0,0.0026449853181838,,0.0026449853181838,,0.0026449853181838,,0.0026449853181838,,0.0026449853181838,,11.977927207946776,22015875.0,22040395.0,12889308.0,"1516/875, 875/875, 875/875, 875/875, 875/875, 875/875, 875/875, 875/875, 875/875, 875/875, 875/875, 875/875, 875/875, 875/875, 875/875, 875/875, 875/875, 875/875, 875/875, 875/875, 875/875, 875/875, 875/875, 875/875, 875/875, 875/875, 875/875, 875/875, 875/20","1516/30, 875/385, 875/385, 875/385, 875/385, 875/385, 875/385, 875/385, 875/385, 875/385, 875/385, 875/385, 875/385, 875/385, 875/385, 875/385, 875/385, 875/385, 875/385, 875/385, 875/385, 875/385, 875/385, 875/385, 875/385, 875/385, 875/385, 875/385, 875/20",382396.0,8.0,False
38,v0.89 - 89,0,CrossEntropy,Adam,0.000904255,100,MainLinear,0.000224328,27,875,ACI,3000,0.2,1000,-2,0,cuda,0.001,0.001,"[30, 30, 30, 30, 30, 30, 30, 30, 30, 30, 30, 30, 30, 30, 30, 30, 30, 30, 30, 30, 30, 30, 30, 30, 30, 30, 30, 30, 20]","[0.44, 0.44, 0.44, 0.44, 0.44, 0.44, 0.44, 0.44, 0.44, 0.44, 0.44, 0.44, 0.44, 0.44, 0.44, 0.44, 0.44, 0.44, 0.44, 0.44, 0.44, 0.44, 0.44, 0.44, 0.44, 0.44, 0.44, 0.44, 1.0]",DAIS_training|DAIS,0.5,0.5,0.05,0.03,3.0,"[10, 10, 10, 10, 10, 10, 10, 10, 10, 10, 10, 10, 10, 10, 10, 10, 10, 10, 10, 10, 10, 10, 10, 10, 10, 10, 10, 10, 20]",ModelStateDict1726539033.703691.pt,,20,1516,707897,2024-09-17 13:21:35.694381,x86_64,1133.6101398468018,3.8256639999999607,88608768.0,800.0,200.0,7.29765177527894e+17,0.1133579335793357,0.0472324723247232,912206471909867.6,7.16467958779478e+17,0.1138659793814433,0.0538373424971363,3582339793897390.0,99.0,912206471909867.6,,912206471909867.6,,912206471909867.6,,912206471909867.6,,912206471909867.6,,11.444137573242188,22015875.0,22040395.0,3413933.0,"1516/875, 875/875, 875/875, 875/875, 875/875, 875/875, 875/875, 875/875, 875/875, 875/875, 875/875, 875/875, 875/875, 875/875, 875/875, 875/875, 875/875, 875/875, 875/875, 875/875, 875/875, 875/875, 875/875, 875/875, 875/875, 875/875, 875/875, 875/875, 875/20","1516/30, 875/829, 875/764, 875/763, 875/790, 875/789, 875/788, 875/800, 875/769, 875/794, 875/795, 875/787, 875/780, 875/770, 875/763, 875/742, 875/766, 875/759, 875/790, 875/815, 875/768, 875/785, 875/813, 875/787, 875/786, 875/795, 875/817, 875/820, 875/20",382396.0,8.0,False
39,v0.89 - 89,0,CrossEntropy,Adam,0.000904255,100,MainLinear,0.000224328,27,875,ACI,3000,0.2,1000,-2,0,cuda,0.001,0.001,"[30, 30, 30, 30, 30, 30, 30, 30, 30, 30, 30, 30, 30, 30, 30, 30, 30, 30, 30, 30, 30, 30, 30, 30, 30, 30, 30, 30, 20]","[0.44, 0.44, 0.44, 0.44, 0.44, 0.44, 0.44, 0.44, 0.44, 0.44, 0.44, 0.44, 0.44, 0.44, 0.44, 0.44, 0.44, 0.44, 0.44, 0.44, 0.44, 0.44, 0.44, 0.44, 0.44, 0.44, 0.44, 0.44, 1.0]",BERT_theseus_training|BERT_theseus,0.5,0.5,0.05,0.03,3.0,"[10, 10, 10, 10, 10, 10, 10, 10, 10, 10, 10, 10, 10, 10, 10, 10, 10, 10, 10, 10, 10, 10, 10, 10, 10, 10, 10, 10, 20]",ModelStateDict1726539033.703691.pt,,20,1516,707897,2024-09-17 13:22:55.190503,x86_64,67.832843542099,0.7004160000014963,47273472.0,800.0,200.0,2.9550423622131348,0.0705310880829015,0.0341968911917098,0.0036938029527664,2.953110456466675,0.060672268907563,0.0354808590102707,0.0147655522823333,99.0,0.0036938029527664,,0.0036938029527664,,0.0036938029527664,,0.0036938029527664,,0.0036938029527664,,11.21989679336548,11297125.0,11309395.0,1313060.0,"1516/875, 875/875, 875/875, 875/875, 875/875, 875/875, 875/875, 875/875, 875/875, 875/875, 875/875, 875/875, 875/875, 875/875, 875/20","1516/30, 875/875, 875/875, 875/875, 875/875, 875/875, 875/875, 875/875, 875/875, 875/875, 875/875, 875/875, 875/875, 875/875, 875/20",382532.0,8.0,False
40,v0.89 - 89,0,CrossEntropy,Adam,0.000904255,100,MainLinear,0.000224328,27,875,ACI,3000,0.2,1000,-2,0,cuda,0.001,0.001,"[30, 30, 30, 30, 30, 30, 30, 30, 30, 30, 30, 30, 30, 30, 30, 30, 30, 30, 30, 30, 30, 30, 30, 30, 30, 30, 30, 30, 20]","[0.44, 0.44, 0.44, 0.44, 0.44, 0.44, 0.44, 0.44, 0.44, 0.44, 0.44, 0.44, 0.44, 0.44, 0.44, 0.44, 0.44, 0.44, 0.44, 0.44, 0.44, 0.44, 0.44, 0.44, 0.44, 0.44, 0.44, 0.44, 1.0]",iteritive_full_theseus_training|iteritive_full_theseus,0.5,0.5,0.05,0.03,3.0,"[10, 10, 10, 10, 10, 10, 10, 10, 10, 10, 10, 10, 10, 10, 10, 10, 10, 10, 10, 10, 10, 10, 10, 10, 10, 10, 10, 10, 20]",ModelStateDict1726539033.703691.pt,,20,1516,707897,2024-09-17 16:30:23.875492,x86_64,11237.260870456696,552.9886719999995,1958912.0,800.0,200.0,2.942783832550049,0.0705310880829015,0.0341968911917098,0.0036784797906875,2.940608024597168,0.060672268907563,0.0354808590102707,0.0147030401229858,99.0,0.0036784797906875,,0.0036784797906875,,0.0036784797906875,,0.0036784797906875,,0.0036784797906875,,11.526614665985107,4593435.0,4604235.0,4006.0,"1516/385, 385/385, 385/385, 385/385, 385/385, 385/385, 385/385, 385/385, 385/385, 385/385, 385/385, 385/385, 385/385, 385/385, 385/385, 385/385, 385/385, 385/385, 385/385, 385/385, 385/385, 385/385, 385/385, 385/385, 385/385, 385/385, 385/385, 385/385, 385/20","1516/385, 385/385, 385/385, 385/385, 385/385, 385/385, 385/385, 385/385, 385/385, 385/385, 385/385, 385/385, 385/385, 385/385, 385/385, 385/385, 385/385, 385/385, 385/385, 385/385, 385/385, 385/385, 385/385, 385/385, 385/385, 385/385, 385/385, 385/385, 385/20",334772.0,8.0,False
41,v0.89 - 89,0,CrossEntropy,Adam,0.000904255,100,MainLinear,0.000224328,27,875,ACI,3000,0.2,1000,-2,0,cuda,0.001,0.001,"[30, 30, 30, 30, 30, 30, 30, 30, 30, 30, 30, 30, 30, 30, 30, 30, 30, 30, 30, 30, 30, 30, 30, 30, 30, 30, 30, 30, 20]","[0.44, 0.44, 0.44, 0.44, 0.44, 0.44, 0.44, 0.44, 0.44, 0.44, 0.44, 0.44, 0.44, 0.44, 0.44, 0.44, 0.44, 0.44, 0.44, 0.44, 0.44, 0.44, 0.44, 0.44, 0.44, 0.44, 0.44, 0.44, 1.0]",thinet,0.5,0.5,0.05,0.03,3.0,"[10, 10, 10, 10, 10, 10, 10, 10, 10, 10, 10, 10, 10, 10, 10, 10, 10, 10, 10, 10, 10, 10, 10, 10, 10, 10, 10, 10, 20]",ModelStateDict1726539033.703691.pt,,20,1516,707897,2024-09-17 17:38:37.551272,x86_64,4081.928865909576,-578.2487039999996,84992.0,800.0,200.0,3.316366910934448,0.0,0.0,0.004145458638668,3.2843377590179443,0.0,0.0,0.0164216887950897,99.0,0.004145458638668,,0.004145458638668,,0.004145458638668,,0.004145458638668,,0.004145458638668,,11.521235704421995,4593435.0,4604235.0,197318.0,"1516/385, 385/385, 385/385, 385/385, 385/385, 385/385, 385/385, 385/385, 385/385, 385/385, 385/385, 385/385, 385/385, 385/385, 385/385, 385/385, 385/385, 385/385, 385/385, 385/385, 385/385, 385/385, 385/385, 385/385, 385/385, 385/385, 385/385, 385/385, 385/20","1516/385, 385/385, 385/385, 385/385, 385/385, 385/385, 385/385, 385/385, 385/385, 385/385, 385/385, 385/385, 385/385, 385/385, 385/385, 385/385, 385/385, 385/385, 385/385, 385/385, 385/385, 385/385, 385/385, 385/385, 385/385, 385/385, 385/385, 385/385, 385/20",334772.0,8.0,False
42,v0.89 - 89,0,CrossEntropy,Adam,0.000904255,100,MainLinear,0.000224328,27,875,ACI,3000,0.2,1000,-2,0,cuda,0.001,0.001,"[30, 30, 30, 30, 30, 30, 30, 30, 30, 30, 30, 30, 30, 30, 30, 30, 30, 30, 30, 30, 30, 30, 30, 30, 30, 30, 30, 30, 20]","[0.44, 0.44, 0.44, 0.44, 0.44, 0.44, 0.44, 0.44, 0.44, 0.44, 0.44, 0.44, 0.44, 0.44, 0.44, 0.44, 0.44, 0.44, 0.44, 0.44, 0.44, 0.44, 0.44, 0.44, 0.44, 0.44, 0.44, 0.44, 1.0]",ADDM_Joint,0.5,0.5,0.05,0.03,3.0,"[10, 10, 10, 10, 10, 10, 10, 10, 10, 10, 10, 10, 10, 10, 10, 10, 10, 10, 10, 10, 10, 10, 10, 10, 10, 10, 10, 10, 20]",ModelStateDict1726539033.703691.pt,,20,1516,707897,2024-09-17 17:39:00.488540,x86_64,11.18303108215332,0.2908160000006319,198936576.0,800.0,200.0,2.4780139923095703,0.0705310880829015,0.0341968911917098,0.0030975174903869,2.4790384769439697,0.060672268907563,0.0354808590102707,0.0123951923847198,99.0,0.0030975174903869,,0.0030975174903869,,0.0030975174903869,,0.0030975174903869,,0.0030975174903869,,11.24324870109558,22015875.0,22040395.0,21674087.0,"1516/875, 875/875, 875/875, 875/875, 875/875, 875/875, 875/875, 875/875, 875/875, 875/875, 875/875, 875/875, 875/875, 875/875, 875/875, 875/875, 875/875, 875/875, 875/875, 875/875, 875/875, 875/875, 875/875, 875/875, 875/875, 875/875, 875/875, 875/875, 875/20","1516/30, 875/30, 875/30, 875/30, 875/30, 875/30, 875/30, 875/30, 875/30, 875/30, 875/30, 875/30, 875/30, 875/30, 875/30, 875/30, 875/30, 875/30, 875/30, 875/30, 875/30, 875/30, 875/30, 875/30, 875/30, 875/30, 875/30, 875/30, 874/20",382504.0,8.0,False
43,v0.89 - 89,0,CrossEntropy,Adam,0.000904255,100,MainLinear,0.000224328,27,875,ACI,3000,0.2,1000,-2,0,cuda,0.001,0.001,"[30, 30, 30, 30, 30, 30, 30, 30, 30, 30, 30, 30, 30, 30, 30, 30, 30, 30, 30, 30, 30, 30, 30, 30, 30, 30, 30, 30, 20]","[0.44, 0.44, 0.44, 0.44, 0.44, 0.44, 0.44, 0.44, 0.44, 0.44, 0.44, 0.44, 0.44, 0.44, 0.44, 0.44, 0.44, 0.44, 0.44, 0.44, 0.44, 0.44, 0.44, 0.44, 0.44, 0.44, 0.44, 0.44, 1.0]",TOFD_INCOMPLETE,0.5,0.5,0.05,0.03,3.0,"[10, 10, 10, 10, 10, 10, 10, 10, 10, 10, 10, 10, 10, 10, 10, 10, 10, 10, 10, 10, 10, 10, 10, 10, 10, 10, 10, 10, 20]",ModelStateDict1726539033.703691.pt,,20,1516,707897,2024-09-17 17:39:29.317336,x86_64,17.36498236656189,30.83059200000025,152110592.0,800.0,200.0,,0.1148031496062992,0.04251968503937,,,0.1509125475285171,0.053231939163498,,99.0,,,,,,,,,,,11.580581426620483,9186870.0,4604235.0,0.0,"1516/385, 385/385, 385/385, 385/385, 385/385, 385/385, 385/385, 385/385, 385/385, 385/385, 385/385, 385/385, 385/385, 385/385, 385/385, 385/385, 385/385, 385/385, 385/385, 385/385, 385/385, 385/385, 385/385, 385/385, 385/385, 385/385, 385/385, 385/385, 385/20","1516/385, 385/385, 385/385, 385/385, 385/385, 385/385, 385/385, 385/385, 385/385, 385/385, 385/385, 385/385, 385/385, 385/385, 385/385, 385/385, 385/385, 385/385, 385/385, 385/385, 385/385, 385/385, 385/385, 385/385, 385/385, 385/385, 385/385, 385/385, 385/20",463817.0,8.0,False
