,Version,Notes,LossFunction,Optimizer,LearningRate,SchedulerLR,NumberOfEpochs,ModelStructure,Dropout,HiddenDim,HiddenDimSize,DatasetName,BatchSize,TrainTest,MaxSamples,Dataparallel,NumberOfWorkers,Device,AlphaForADMM,RhoForADMM,LayerPruneTargets,WeightPrunePercent,PruningSelection,BERTTheseusStartingLearningRate,BERTTheseusLearningRateModifier,AlphaForTOFD,BetaForTOFD,tForTOFD,DAISRegularizerScale,LassoForDAIS,LayerIteration,SaveLocation,FromSaveLocation,NumClasses,NumFeatures,ProcessID,StartTime,cpuModel,TimeForPrune,Memory,CudaMemory,LengthOfTrainingData,LengthOfValidationData,total_loss,f1_score_weight,f1_score_macro,additive_loss,mean_loss,val_total_loss,val_f1_score_weight,val_f1_score_macro,val_additive_loss,val_mean_loss,epoch,Epoch waypoint 0 mean_loss,-Waypoint_0-,Epoch waypoint 1 mean_loss,-Waypoint_1-,Epoch waypoint 2 mean_loss,-Waypoint_2-,Epoch waypoint 3 mean_loss,-Waypoint_3-,Epoch waypoint 4 mean_loss,-Waypoint_4-,TimeForRun,macs,parameters,NumberOfZeros,Zeroed_filter_inputs,Zeroed_filter_outputs,ModelWeightStructure,ModelWeightStructurePruneZero,GarbageCollectionSizeTotal,AssociatedOriginalRow
0,v0.97 - 97,0,CrossEntropy,Adam,0.0009,1,150,MainLinear,0.000224328,27,75,ACI_grouped,300,0.2,0,-2,3,cuda,0.001,0.001,"[74, 74, 74, 74, 74, 74, 74, 74, 74, 74, 74, 74, 74, 74, 74, 74, 74, 74, 74, 74, 74, 74, 74, 74, 74, 74, 74, 74, 10]","[0.99, 0.99, 0.99, 0.99, 0.99, 0.99, 0.99, 0.99, 0.99, 0.99, 0.99, 0.99, 0.99, 0.99, 0.99, 0.99, 0.99, 0.99, 0.99, 0.99, 0.99, 0.99, 0.99, 0.99, 0.99, 0.99, 0.99, 0.99, 1.0]",,0.5,0.5,0.005,0.003,3.0,2.0,False,"[10, 30, 30, 30, 30, 30, 30, 30, 30, 30, 30, 30, 30, 30, 30, 30, 30, 30, 30, 30, 30, 30, 30, 30, 30, 30, 30, 30, 10]",ModelStateDict1727407584.3424466.pt,,10,1516,3548624,2024-09-26 23:24:57.055948,x86_64,0.0057644844055175,0.0,0.0,4732.0,1183.0,25.7556095123291,0.0689444100092492,0.0676155332981901,0.0,0.0054428591530703,6.440157532691956,0.0573482411729817,0.0622412562455389,0.0,0.0054439201459779,149.0,0.0054493888343478,ModelStateDict-Waypoint_0-1727407514.0774453.pt,0.0054439215567388,ModelStateDict-Waypoint_1-1727407531.4266121.pt,0.005443506037292,ModelStateDict-Waypoint_2-1727407548.9494689.pt,0.0054426937917482,ModelStateDict-Waypoint_3-1727407566.3108277.pt,0.0054429134169777,ModelStateDict-Waypoint_4-1727407583.6814396.pt,87.14949178695679,266325.0,268435.0,0.0,0.0,0.0,"1516/75, 75/75, 75/75, 75/75, 75/75, 75/75, 75/75, 75/75, 75/75, 75/75, 75/75, 75/75, 75/75, 75/75, 75/75, 75/75, 75/75, 75/75, 75/75, 75/75, 75/75, 75/75, 75/75, 75/75, 75/75, 75/75, 75/75, 75/75, 75/10","1516/75, 75/75, 75/75, 75/75, 75/75, 75/75, 75/75, 75/75, 75/75, 75/75, 75/75, 75/75, 75/75, 75/75, 75/75, 75/75, 75/75, 75/75, 75/75, 75/75, 75/75, 75/75, 75/75, 75/75, 75/75, 75/75, 75/75, 75/75, 75/10",23620.0,
1,v0.97 - 97,0,CrossEntropy,Adam,0.000904255,1,100,MainLinear,0.000224328,27,75,ACI_grouped,300,0.2,1000,-2,3,cuda,0.001,0.001,"[74, 74, 74, 74, 74, 74, 74, 74, 74, 74, 74, 74, 74, 74, 74, 74, 74, 74, 74, 74, 74, 74, 74, 74, 74, 74, 74, 74, 10]","[0.99, 0.99, 0.99, 0.99, 0.99, 0.99, 0.99, 0.99, 0.99, 0.99, 0.99, 0.99, 0.99, 0.99, 0.99, 0.99, 0.99, 0.99, 0.99, 0.99, 0.99, 0.99, 0.99, 0.99, 0.99, 0.99, 0.99, 0.99, 1.0]",ADDM_Joint,0.5,0.5,0.005,0.003,3.0,2.0,False,"[10, 30, 30, 30, 30, 30, 30, 30, 30, 30, 30, 30, 30, 30, 30, 30, 30, 30, 30, 30, 30, 30, 30, 30, 30, 30, 30, 30, 10]",,ModelStateDict1727407584.3424466.pt,10,1516,3549358,2024-09-26 23:26:51.627293,x86_64,24.507882595062256,740.0325119999998,20118528.0,800.0,200.0,4.226152896881104,0.2408769671271201,0.2404371393600279,0.0,0.0052826911211013,1.348082423210144,0.2465364488256054,0.2236826092247779,0.0,0.0067404121160507,0.0,,,,,,,,,,,0.3391749858856201,266325.0,268435.0,6125.0,0.0,28.0,"1516/75, 75/75, 75/75, 75/75, 75/75, 75/75, 75/75, 75/75, 75/75, 75/75, 75/75, 75/75, 75/75, 75/75, 75/75, 75/75, 75/75, 75/75, 75/75, 75/75, 75/75, 75/75, 75/75, 75/75, 75/75, 75/75, 75/75, 75/75, 75/10","1516/74, 75/74, 75/74, 75/74, 75/74, 75/74, 75/74, 75/74, 75/74, 75/74, 75/74, 75/74, 75/74, 75/74, 75/74, 75/74, 75/74, 75/74, 75/74, 75/74, 75/74, 75/74, 75/74, 75/74, 75/74, 75/74, 75/74, 75/74, 75/10",19248.0,0.0
2,v0.97 - 97,0,CrossEntropy,Adam,0.000904255,1,100,MainLinear,0.000224328,27,75,ACI_grouped,300,0.2,1000,-2,3,cuda,0.001,0.001,"[65, 65, 65, 65, 65, 65, 65, 65, 65, 65, 65, 65, 65, 65, 65, 65, 65, 65, 65, 65, 65, 65, 65, 65, 65, 65, 65, 65, 10]","[0.87, 0.87, 0.87, 0.87, 0.87, 0.87, 0.87, 0.87, 0.87, 0.87, 0.87, 0.87, 0.87, 0.87, 0.87, 0.87, 0.87, 0.87, 0.87, 0.87, 0.87, 0.87, 0.87, 0.87, 0.87, 0.87, 0.87, 0.87, 1.0]",ADDM_Joint,0.5,0.5,0.005,0.003,3.0,2.0,False,"[10, 30, 30, 30, 30, 30, 30, 30, 30, 30, 30, 30, 30, 30, 30, 30, 30, 30, 30, 30, 30, 30, 30, 30, 30, 30, 30, 30, 10]",,ModelStateDict1727407584.3424466.pt,10,1516,3549358,2024-09-26 23:27:16.318213,x86_64,23.73898386955261,342.7573759999996,3079168.0,800.0,200.0,4.212379693984985,0.239904181184669,0.2394425087108014,0.0,0.0052654746174812,1.3579390048980713,0.2465364488256054,0.2236826092247779,0.0,0.0067896950244903,0.0,,,,,,,,,,,0.2799370288848877,266325.0,268435.0,63983.0,0.0,280.0,"1516/75, 75/75, 75/75, 75/75, 75/75, 75/75, 75/75, 75/75, 75/75, 75/75, 75/75, 75/75, 75/75, 75/75, 75/75, 75/75, 75/75, 75/75, 75/75, 75/75, 75/75, 75/75, 75/75, 75/75, 75/75, 75/75, 75/75, 75/75, 75/10","1516/65, 75/65, 75/65, 75/65, 75/65, 75/65, 75/65, 75/65, 75/65, 75/65, 75/65, 75/65, 75/65, 75/65, 75/65, 75/65, 75/65, 75/65, 75/65, 75/65, 75/65, 75/65, 75/65, 75/65, 75/65, 75/65, 75/65, 75/65, 75/10",38384.0,0.0
3,v0.97 - 97,0,CrossEntropy,Adam,0.000904255,1,100,MainLinear,0.000224328,27,75,ACI_grouped,300,0.2,1000,-2,3,cuda,0.001,0.001,"[55, 55, 55, 55, 55, 55, 55, 55, 55, 55, 55, 55, 55, 55, 55, 55, 55, 55, 55, 55, 55, 55, 55, 55, 55, 55, 55, 55, 10]","[0.74, 0.74, 0.74, 0.74, 0.74, 0.74, 0.74, 0.74, 0.74, 0.74, 0.74, 0.74, 0.74, 0.74, 0.74, 0.74, 0.74, 0.74, 0.74, 0.74, 0.74, 0.74, 0.74, 0.74, 0.74, 0.74, 0.74, 0.74, 1.0]",ADDM_Joint,0.5,0.5,0.005,0.003,3.0,2.0,False,"[10, 30, 30, 30, 30, 30, 30, 30, 30, 30, 30, 30, 30, 30, 30, 30, 30, 30, 30, 30, 30, 30, 30, 30, 30, 30, 30, 30, 10]",,ModelStateDict1727407584.3424466.pt,10,1516,3549358,2024-09-26 23:27:40.443000,x86_64,23.17327213287353,410.6362880000015,3079168.0,800.0,200.0,4.267635941505432,0.240876674922896,0.2404080977560696,0.0,0.0053345449268817,1.3451058864593506,0.2482448979591836,0.2253061224489795,0.0,0.0067255294322967,0.0,,,,,,,,,,,0.2918343544006347,266325.0,268435.0,118075.0,1.0,560.0,"1516/75, 75/75, 75/75, 75/75, 75/75, 75/75, 75/75, 75/75, 75/75, 75/75, 75/75, 75/75, 75/75, 75/75, 75/75, 75/75, 75/75, 75/75, 75/75, 75/75, 75/75, 75/75, 75/75, 75/75, 75/75, 75/75, 75/75, 75/75, 75/10","1515/55, 75/55, 75/55, 75/55, 75/55, 75/55, 75/55, 75/55, 75/55, 75/55, 75/55, 75/55, 75/55, 75/55, 75/55, 75/55, 75/55, 75/55, 75/55, 75/55, 75/55, 75/55, 75/55, 75/55, 75/55, 75/55, 75/55, 75/55, 75/10",49684.0,0.0
4,v0.97 - 97,0,CrossEntropy,Adam,0.000904255,1,100,MainLinear,0.000224328,27,75,ACI_grouped,300,0.2,1000,-2,3,cuda,0.001,0.001,"[46, 46, 46, 46, 46, 46, 46, 46, 46, 46, 46, 46, 46, 46, 46, 46, 46, 46, 46, 46, 46, 46, 46, 46, 46, 46, 46, 46, 10]","[0.62, 0.62, 0.62, 0.62, 0.62, 0.62, 0.62, 0.62, 0.62, 0.62, 0.62, 0.62, 0.62, 0.62, 0.62, 0.62, 0.62, 0.62, 0.62, 0.62, 0.62, 0.62, 0.62, 0.62, 0.62, 0.62, 0.62, 0.62, 1.0]",ADDM_Joint,0.5,0.5,0.005,0.003,3.0,2.0,False,"[10, 30, 30, 30, 30, 30, 30, 30, 30, 30, 30, 30, 30, 30, 30, 30, 30, 30, 30, 30, 30, 30, 30, 30, 30, 30, 30, 30, 10]",,ModelStateDict1727407584.3424466.pt,10,1516,3549358,2024-09-26 23:28:05.353974,x86_64,23.976150035858154,422.0477439999995,3079168.0,800.0,200.0,4.3496994972229,0.2408769671271201,0.2404371393600279,0.0,0.0054371243715286,1.4152672290802002,0.2465364488256054,0.2236826092247779,0.0,0.007076336145401,0.0,,,,,,,,,,,0.2912783622741699,266325.0,268435.0,160268.0,0.0,812.0,"1516/75, 75/75, 75/75, 75/75, 75/75, 75/75, 75/75, 75/75, 75/75, 75/75, 75/75, 75/75, 75/75, 75/75, 75/75, 75/75, 75/75, 75/75, 75/75, 75/75, 75/75, 75/75, 75/75, 75/75, 75/75, 75/75, 75/75, 75/75, 75/10","1516/46, 75/46, 75/46, 75/46, 75/46, 75/46, 75/46, 75/46, 75/46, 75/46, 75/46, 75/46, 75/46, 75/46, 75/46, 75/46, 75/46, 75/46, 75/46, 75/46, 75/46, 75/46, 75/46, 75/46, 75/46, 75/46, 75/46, 75/46, 75/10",60984.0,0.0
5,v0.97 - 97,0,CrossEntropy,Adam,0.000904255,1,100,MainLinear,0.000224328,27,75,ACI_grouped,300,0.2,1000,-2,3,cuda,0.001,0.001,"[36, 36, 36, 36, 36, 36, 36, 36, 36, 36, 36, 36, 36, 36, 36, 36, 36, 36, 36, 36, 36, 36, 36, 36, 36, 36, 36, 36, 10]","[0.49, 0.49, 0.49, 0.49, 0.49, 0.49, 0.49, 0.49, 0.49, 0.49, 0.49, 0.49, 0.49, 0.49, 0.49, 0.49, 0.49, 0.49, 0.49, 0.49, 0.49, 0.49, 0.49, 0.49, 0.49, 0.49, 0.49, 0.49, 1.0]",ADDM_Joint,0.5,0.5,0.005,0.003,3.0,2.0,False,"[10, 30, 30, 30, 30, 30, 30, 30, 30, 30, 30, 30, 30, 30, 30, 30, 30, 30, 30, 30, 30, 30, 30, 30, 30, 30, 30, 30, 10]",,ModelStateDict1727407584.3424466.pt,10,1516,3549358,2024-09-26 23:28:30.498930,x86_64,24.180485486984253,383.24223999999776,3079168.0,800.0,200.0,22.78614521026612,0.0752857878475798,0.070442842430484,0.0,0.0284826815128326,7.720737457275391,0.0441379310344827,0.0551724137931034,0.0,0.0386036872863769,0.0,,,,,,,,,,,0.2872858047485351,266325.0,268435.0,195564.0,5.0,1092.0,"1516/75, 75/75, 75/75, 75/75, 75/75, 75/75, 75/75, 75/75, 75/75, 75/75, 75/75, 75/75, 75/75, 75/75, 75/75, 75/75, 75/75, 75/75, 75/75, 75/75, 75/75, 75/75, 75/75, 75/75, 75/75, 75/75, 75/75, 75/75, 75/10","1512/36, 75/36, 75/36, 75/36, 75/36, 75/36, 75/36, 75/36, 75/36, 75/36, 75/36, 75/36, 75/36, 75/36, 75/36, 75/36, 75/36, 75/36, 75/36, 75/36, 75/36, 75/36, 75/36, 75/36, 75/36, 75/36, 75/36, 75/36, 74/10",72284.0,0.0
6,v0.97 - 97,0,CrossEntropy,Adam,0.000904255,1,100,MainLinear,0.000224328,27,75,ACI_grouped,300,0.2,1000,-2,3,cuda,0.001,0.001,"[27, 27, 27, 27, 27, 27, 27, 27, 27, 27, 27, 27, 27, 27, 27, 27, 27, 27, 27, 27, 27, 27, 27, 27, 27, 27, 27, 27, 10]","[0.37, 0.37, 0.37, 0.37, 0.37, 0.37, 0.37, 0.37, 0.37, 0.37, 0.37, 0.37, 0.37, 0.37, 0.37, 0.37, 0.37, 0.37, 0.37, 0.37, 0.37, 0.37, 0.37, 0.37, 0.37, 0.37, 0.37, 0.37, 1.0]",ADDM_Joint,0.5,0.5,0.005,0.003,3.0,2.0,False,"[10, 30, 30, 30, 30, 30, 30, 30, 30, 30, 30, 30, 30, 30, 30, 30, 30, 30, 30, 30, 30, 30, 30, 30, 30, 30, 30, 30, 10]",,ModelStateDict1727407584.3424466.pt,10,1516,3549358,2024-09-26 23:28:55.581347,x86_64,24.113465309143063,413.2741119999992,3079168.0,800.0,200.0,5.475846171379089,0.0216815476190476,0.0223809523809523,0.0,0.0068448077142238,1.854178786277771,0.0325118483412322,0.0265402843601895,0.0,0.0092708939313888,0.0,,,,,,,,,,,0.2888755798339844,266325.0,268435.0,222496.0,17.0,1344.0,"1516/75, 75/75, 75/75, 75/75, 75/75, 75/75, 75/75, 75/75, 75/75, 75/75, 75/75, 75/75, 75/75, 75/75, 75/75, 75/75, 75/75, 75/75, 75/75, 75/75, 75/75, 75/75, 75/75, 75/75, 75/75, 75/75, 75/75, 75/75, 75/10","1505/27, 75/27, 75/27, 75/27, 75/27, 75/27, 75/27, 75/27, 75/27, 75/27, 75/27, 75/27, 75/27, 75/27, 75/27, 75/27, 75/27, 75/27, 75/27, 75/27, 75/27, 75/27, 75/27, 75/27, 75/27, 75/27, 75/27, 75/27, 69/10",83584.0,0.0
7,v0.97 - 97,0,CrossEntropy,Adam,0.000904255,1,100,MainLinear,0.000224328,27,75,ACI_grouped,300,0.2,1000,-2,3,cuda,0.001,0.001,"[18, 18, 18, 18, 18, 18, 18, 18, 18, 18, 18, 18, 18, 18, 18, 18, 18, 18, 18, 18, 18, 18, 18, 18, 18, 18, 18, 18, 10]","[0.25, 0.25, 0.25, 0.25, 0.25, 0.25, 0.25, 0.25, 0.25, 0.25, 0.25, 0.25, 0.25, 0.25, 0.25, 0.25, 0.25, 0.25, 0.25, 0.25, 0.25, 0.25, 0.25, 0.25, 0.25, 0.25, 0.25, 0.25, 1.0]",ADDM_Joint,0.5,0.5,0.005,0.003,3.0,2.0,False,"[10, 30, 30, 30, 30, 30, 30, 30, 30, 30, 30, 30, 30, 30, 30, 30, 30, 30, 30, 30, 30, 30, 30, 30, 30, 30, 30, 30, 10]",,ModelStateDict1727407584.3424466.pt,10,1516,3549358,2024-09-26 23:29:20.196749,x86_64,23.64202857017517,343.0318079999997,3079168.0,800.0,200.0,5.831425309181213,0.0760905349794238,0.0707818930041152,0.0,0.0072892816364765,1.951105594635009,0.060672268907563,0.0638655462184873,0.0,0.009755527973175,0.0,,,,,,,,,,,0.3478419780731201,266325.0,268435.0,245529.0,141.0,1596.0,"1516/75, 75/75, 75/75, 75/75, 75/75, 75/75, 75/75, 75/75, 75/75, 75/75, 75/75, 75/75, 75/75, 75/75, 75/75, 75/75, 75/75, 75/75, 75/75, 75/75, 75/75, 75/75, 75/75, 75/75, 75/75, 75/75, 75/75, 75/75, 75/10","1399/18, 75/18, 75/18, 74/18, 75/18, 75/18, 74/18, 75/18, 74/18, 74/18, 75/18, 74/18, 75/18, 75/18, 75/18, 75/18, 75/18, 75/18, 75/18, 75/18, 75/18, 74/18, 74/18, 75/18, 75/18, 74/18, 75/18, 75/18, 59/10",94884.0,0.0
8,v0.97 - 97,0,CrossEntropy,Adam,0.000904255,1,100,MainLinear,0.000224328,27,75,ACI_grouped,300,0.2,1000,-2,3,cuda,0.001,0.001,"[9, 9, 9, 9, 9, 9, 9, 9, 9, 9, 9, 9, 9, 9, 9, 9, 9, 9, 9, 9, 9, 9, 9, 9, 9, 9, 9, 9, 10]","[0.12, 0.12, 0.12, 0.12, 0.12, 0.12, 0.12, 0.12, 0.12, 0.12, 0.12, 0.12, 0.12, 0.12, 0.12, 0.12, 0.12, 0.12, 0.12, 0.12, 0.12, 0.12, 0.12, 0.12, 0.12, 0.12, 0.12, 0.12, 1.0]",ADDM_Joint,0.5,0.5,0.005,0.003,3.0,2.0,False,"[10, 30, 30, 30, 30, 30, 30, 30, 30, 30, 30, 30, 30, 30, 30, 30, 30, 30, 30, 30, 30, 30, 30, 30, 30, 30, 30, 30, 10]",,ModelStateDict1727407584.3424466.pt,10,1516,3549358,2024-09-26 23:29:45.602856,x86_64,24.37935972213745,478.6749439999985,3079168.0,800.0,200.0,6.4107441902160645,0.0752857878475798,0.070442842430484,0.0,0.00801343023777,2.1440045833587646,0.0441379310344827,0.0551724137931034,0.0,0.0107200229167938,0.0,,,,,,,,,,,120.58129525184631,266325.0,268435.0,259498.0,910.0,1848.0,"1516/75, 75/75, 75/75, 75/75, 75/75, 75/75, 75/75, 75/75, 75/75, 75/75, 75/75, 75/75, 75/75, 75/75, 75/75, 75/75, 75/75, 75/75, 75/75, 75/75, 75/75, 75/75, 75/75, 75/75, 75/75, 75/75, 75/75, 75/75, 75/10","1128/9, 57/9, 47/9, 58/9, 57/9, 60/9, 58/9, 58/9, 58/9, 59/9, 63/9, 60/9, 54/9, 61/9, 61/9, 59/9, 61/9, 58/9, 55/9, 52/9, 59/9, 55/9, 61/9, 53/9, 61/9, 49/9, 51/9, 52/9, 41/10",38384.0,0.0
9,v0.97 - 97,0,CrossEntropy,Adam,0.000904255,1,100,MainLinear,0.000224328,27,75,ACI_grouped,300,0.2,1000,-2,3,cuda,0.001,0.001,"[74, 74, 74, 74, 74, 74, 74, 74, 74, 74, 74, 74, 74, 74, 74, 74, 74, 74, 74, 74, 74, 74, 74, 74, 74, 74, 74, 74, 10]","[0.99, 0.99, 0.99, 0.99, 0.99, 0.99, 0.99, 0.99, 0.99, 0.99, 0.99, 0.99, 0.99, 0.99, 0.99, 0.99, 0.99, 0.99, 0.99, 0.99, 0.99, 0.99, 0.99, 0.99, 0.99, 0.99, 0.99, 0.99, 1.0]",TOFD,0.5,0.5,0.005,0.003,3.0,2.0,False,"[10, 30, 30, 30, 30, 30, 30, 30, 30, 30, 30, 30, 30, 30, 30, 30, 30, 30, 30, 30, 30, 30, 30, 30, 30, 30, 30, 30, 10]",,ModelStateDict1727407584.3424466.pt,10,1516,3555510,2024-09-26 23:32:11.656515,x86_64,22.538016080856323,978.88256,18413568.0,800.0,200.0,6.500911712646484,0.0752857878475798,0.070442842430484,0.0,0.0081261396408081,2.184171438217163,0.0441379310344827,0.0551724137931034,0.0,0.0109208571910858,0.0,,,,,,,,,,,0.119042158126831,266325.0,268435.0,0.0,0.0,0.0,"1516/75, 75/75, 75/75, 75/75, 75/75, 75/75, 75/75, 75/75, 75/75, 75/75, 75/75, 75/75, 75/75, 75/75, 75/75, 75/75, 75/75, 75/75, 75/75, 75/75, 75/75, 75/75, 75/75, 75/75, 75/75, 75/75, 75/75, 75/75, 75/10","1516/75, 75/75, 75/75, 75/75, 75/75, 75/75, 75/75, 75/75, 75/75, 75/75, 75/75, 75/75, 75/75, 75/75, 75/75, 75/75, 75/75, 75/75, 75/75, 75/75, 75/75, 75/75, 75/75, 75/75, 75/75, 75/75, 75/75, 75/75, 75/10",15896.0,0.0
10,v0.97 - 97,0,CrossEntropy,Adam,0.000904255,1,100,MainLinear,0.000224328,27,75,ACI_grouped,300,0.2,1000,-2,3,cuda,0.001,0.001,"[65, 65, 65, 65, 65, 65, 65, 65, 65, 65, 65, 65, 65, 65, 65, 65, 65, 65, 65, 65, 65, 65, 65, 65, 65, 65, 65, 65, 10]","[0.87, 0.87, 0.87, 0.87, 0.87, 0.87, 0.87, 0.87, 0.87, 0.87, 0.87, 0.87, 0.87, 0.87, 0.87, 0.87, 0.87, 0.87, 0.87, 0.87, 0.87, 0.87, 0.87, 0.87, 0.87, 0.87, 0.87, 0.87, 1.0]",TOFD,0.5,0.5,0.005,0.003,3.0,2.0,False,"[10, 30, 30, 30, 30, 30, 30, 30, 30, 30, 30, 30, 30, 30, 30, 30, 30, 30, 30, 30, 30, 30, 30, 30, 30, 30, 30, 30, 10]",,ModelStateDict1727407584.3424466.pt,10,1516,3555510,2024-09-26 23:32:34.730815,x86_64,22.350163459777832,499.462144000001,902144.0,800.0,200.0,6.5610435009002686,0.0760905349794238,0.0707818930041152,0.0,0.0082013043761253,2.194641590118408,0.060672268907563,0.0638655462184873,0.0,0.010973207950592,0.0,,,,,,,,,,,0.1217544078826904,218328.0,220186.0,0.0,0.0,0.0,"1516/66, 66/66, 66/66, 66/66, 66/66, 66/66, 66/66, 66/66, 66/66, 66/66, 66/66, 66/66, 66/66, 66/66, 66/66, 66/66, 66/66, 66/66, 66/66, 66/66, 66/66, 66/66, 66/66, 66/66, 66/66, 66/66, 66/66, 66/66, 66/10","1516/66, 66/66, 66/66, 66/66, 66/66, 66/66, 66/66, 66/66, 66/66, 66/66, 66/66, 66/66, 66/66, 66/66, 66/66, 66/66, 66/66, 66/66, 66/66, 66/66, 66/66, 66/66, 66/66, 66/66, 66/66, 66/66, 66/66, 66/66, 66/10",30924.0,0.0
11,v0.97 - 97,0,CrossEntropy,Adam,0.000904255,1,100,MainLinear,0.000224328,27,75,ACI_grouped,300,0.2,1000,-2,3,cuda,0.001,0.001,"[55, 55, 55, 55, 55, 55, 55, 55, 55, 55, 55, 55, 55, 55, 55, 55, 55, 55, 55, 55, 55, 55, 55, 55, 55, 55, 55, 55, 10]","[0.74, 0.74, 0.74, 0.74, 0.74, 0.74, 0.74, 0.74, 0.74, 0.74, 0.74, 0.74, 0.74, 0.74, 0.74, 0.74, 0.74, 0.74, 0.74, 0.74, 0.74, 0.74, 0.74, 0.74, 0.74, 0.74, 0.74, 0.74, 1.0]",TOFD,0.5,0.5,0.005,0.003,3.0,2.0,False,"[10, 30, 30, 30, 30, 30, 30, 30, 30, 30, 30, 30, 30, 30, 30, 30, 30, 30, 30, 30, 30, 30, 30, 30, 30, 30, 30, 30, 10]",,ModelStateDict1727407584.3424466.pt,10,1516,3555510,2024-09-26 23:32:57.783497,x86_64,22.33407711982727,581.6360960000002,702976.0,800.0,200.0,6.57617712020874,0.0752857878475798,0.070442842430484,0.0,0.0082202214002609,2.2005109786987305,0.0441379310344827,0.0551724137931034,0.0,0.0110025548934936,0.0,,,,,,,,,,,0.1209080219268798,170128.0,171706.0,0.0,0.0,0.0,"1516/56, 56/56, 56/56, 56/56, 56/56, 56/56, 56/56, 56/56, 56/56, 56/56, 56/56, 56/56, 56/56, 56/56, 56/56, 56/56, 56/56, 56/56, 56/56, 56/56, 56/56, 56/56, 56/56, 56/56, 56/56, 56/56, 56/56, 56/56, 56/10","1516/56, 56/56, 56/56, 56/56, 56/56, 56/56, 56/56, 56/56, 56/56, 56/56, 56/56, 56/56, 56/56, 56/56, 56/56, 56/56, 56/56, 56/56, 56/56, 56/56, 56/56, 56/56, 56/56, 56/56, 56/56, 56/56, 56/56, 56/56, 56/10",36520.0,0.0
12,v0.97 - 97,0,CrossEntropy,Adam,0.000904255,1,100,MainLinear,0.000224328,27,75,ACI_grouped,300,0.2,1000,-2,3,cuda,0.001,0.001,"[46, 46, 46, 46, 46, 46, 46, 46, 46, 46, 46, 46, 46, 46, 46, 46, 46, 46, 46, 46, 46, 46, 46, 46, 46, 46, 46, 46, 10]","[0.62, 0.62, 0.62, 0.62, 0.62, 0.62, 0.62, 0.62, 0.62, 0.62, 0.62, 0.62, 0.62, 0.62, 0.62, 0.62, 0.62, 0.62, 0.62, 0.62, 0.62, 0.62, 0.62, 0.62, 0.62, 0.62, 0.62, 0.62, 1.0]",TOFD,0.5,0.5,0.005,0.003,3.0,2.0,False,"[10, 30, 30, 30, 30, 30, 30, 30, 30, 30, 30, 30, 30, 30, 30, 30, 30, 30, 30, 30, 30, 30, 30, 30, 30, 30, 30, 30, 10]",,ModelStateDict1727407584.3424466.pt,10,1516,3555510,2024-09-26 23:34:20.261242,x86_64,81.76426434516907,-634.3925759999984,-1432576.0,800.0,200.0,6.660415172576904,0.0500773745997865,0.0584845250800426,0.0,0.0083255189657211,2.2211570739746094,0.0636401673640167,0.0652719665271966,0.0,0.011105785369873,0.0,,,,,,,,,,,0.1232266426086425,131365.0,132691.0,0.0,0.0,0.0,"1516/47, 47/47, 47/47, 47/47, 47/47, 47/47, 47/47, 47/47, 47/47, 47/47, 47/47, 47/47, 47/47, 47/47, 47/47, 47/47, 47/47, 47/47, 47/47, 47/47, 47/47, 47/47, 47/47, 47/47, 47/47, 47/47, 47/47, 47/47, 47/10","1516/47, 47/47, 47/47, 47/47, 47/47, 47/47, 47/47, 47/47, 47/47, 47/47, 47/47, 47/47, 47/47, 47/47, 47/47, 47/47, 47/47, 47/47, 47/47, 47/47, 47/47, 47/47, 47/47, 47/47, 47/47, 47/47, 47/47, 47/47, 47/10",26136.0,0.0
13,v0.97 - 97,0,CrossEntropy,Adam,0.000904255,1,100,MainLinear,0.000224328,27,75,ACI_grouped,300,0.2,1000,-2,3,cuda,0.001,0.001,"[36, 36, 36, 36, 36, 36, 36, 36, 36, 36, 36, 36, 36, 36, 36, 36, 36, 36, 36, 36, 36, 36, 36, 36, 36, 36, 36, 36, 10]","[0.49, 0.49, 0.49, 0.49, 0.49, 0.49, 0.49, 0.49, 0.49, 0.49, 0.49, 0.49, 0.49, 0.49, 0.49, 0.49, 0.49, 0.49, 0.49, 0.49, 0.49, 0.49, 0.49, 0.49, 0.49, 0.49, 0.49, 0.49, 1.0]",TOFD,0.5,0.5,0.005,0.003,3.0,2.0,False,"[10, 30, 30, 30, 30, 30, 30, 30, 30, 30, 30, 30, 30, 30, 30, 30, 30, 30, 30, 30, 30, 30, 30, 30, 30, 30, 30, 30, 10]",,ModelStateDict1727407584.3424466.pt,10,1516,3555510,2024-09-26 23:34:42.895223,x86_64,21.876627445220947,621.7277439999998,393216.0,800.0,200.0,6.560616254806519,0.0752857878475798,0.070442842430484,0.0,0.0082007703185081,2.1917624473571777,0.0441379310344827,0.0551724137931034,0.0,0.0109588122367858,0.0,,,,,,,,,,,0.1229810714721679,93425.0,94471.0,0.0,0.0,0.0,"1516/37, 37/37, 37/37, 37/37, 37/37, 37/37, 37/37, 37/37, 37/37, 37/37, 37/37, 37/37, 37/37, 37/37, 37/37, 37/37, 37/37, 37/37, 37/37, 37/37, 37/37, 37/37, 37/37, 37/37, 37/37, 37/37, 37/37, 37/37, 37/10","1516/37, 37/37, 37/37, 37/37, 37/37, 37/37, 37/37, 37/37, 37/37, 37/37, 37/37, 37/37, 37/37, 37/37, 37/37, 37/37, 37/37, 37/37, 37/37, 37/37, 37/37, 37/37, 37/37, 37/37, 37/37, 37/37, 37/37, 37/37, 37/10",30136.0,0.0
14,v0.97 - 97,0,CrossEntropy,Adam,0.000904255,1,100,MainLinear,0.000224328,27,75,ACI_grouped,300,0.2,1000,-2,3,cuda,0.001,0.001,"[27, 27, 27, 27, 27, 27, 27, 27, 27, 27, 27, 27, 27, 27, 27, 27, 27, 27, 27, 27, 27, 27, 27, 27, 27, 27, 27, 27, 10]","[0.37, 0.37, 0.37, 0.37, 0.37, 0.37, 0.37, 0.37, 0.37, 0.37, 0.37, 0.37, 0.37, 0.37, 0.37, 0.37, 0.37, 0.37, 0.37, 0.37, 0.37, 0.37, 0.37, 0.37, 0.37, 0.37, 0.37, 0.37, 1.0]",TOFD,0.5,0.5,0.005,0.003,3.0,2.0,False,"[10, 30, 30, 30, 30, 30, 30, 30, 30, 30, 30, 30, 30, 30, 30, 30, 30, 30, 30, 30, 30, 30, 30, 30, 30, 30, 30, 30, 10]",,ModelStateDict1727407584.3424466.pt,10,1516,3555510,2024-09-26 23:36:05.879316,x86_64,82.26536989212036,-663.9779839999974,-970752.0,800.0,200.0,6.6018359661102295,0.0752857878475798,0.070442842430484,0.0,0.0082522949576377,2.20720648765564,0.0441379310344827,0.0551724137931034,0.0,0.0110360324382781,0.0,,,,,,,,,,,0.1219172477722168,63896.0,64690.0,0.0,0.0,0.0,"1516/28, 28/28, 28/28, 28/28, 28/28, 28/28, 28/28, 28/28, 28/28, 28/28, 28/28, 28/28, 28/28, 28/28, 28/28, 28/28, 28/28, 28/28, 28/28, 28/28, 28/28, 28/28, 28/28, 28/28, 28/28, 28/28, 28/28, 28/28, 28/10","1516/28, 28/28, 28/28, 28/28, 28/28, 28/28, 28/28, 28/28, 28/28, 28/28, 28/28, 28/28, 28/28, 28/28, 28/28, 28/28, 28/28, 28/28, 28/28, 28/28, 28/28, 28/28, 28/28, 28/28, 28/28, 28/28, 28/28, 28/28, 28/10",21348.0,0.0
15,v0.97 - 97,0,CrossEntropy,Adam,0.000904255,1,100,MainLinear,0.000224328,27,75,ACI_grouped,300,0.2,1000,-2,3,cuda,0.001,0.001,"[18, 18, 18, 18, 18, 18, 18, 18, 18, 18, 18, 18, 18, 18, 18, 18, 18, 18, 18, 18, 18, 18, 18, 18, 18, 18, 18, 18, 10]","[0.25, 0.25, 0.25, 0.25, 0.25, 0.25, 0.25, 0.25, 0.25, 0.25, 0.25, 0.25, 0.25, 0.25, 0.25, 0.25, 0.25, 0.25, 0.25, 0.25, 0.25, 0.25, 0.25, 0.25, 0.25, 0.25, 0.25, 0.25, 1.0]",TOFD,0.5,0.5,0.005,0.003,3.0,2.0,False,"[10, 30, 30, 30, 30, 30, 30, 30, 30, 30, 30, 30, 30, 30, 30, 30, 30, 30, 30, 30, 30, 30, 30, 30, 30, 30, 30, 30, 10]",,ModelStateDict1727407584.3424466.pt,10,1516,3555510,2024-09-26 23:36:29.233676,x86_64,22.610174655914307,535.6298239999996,173056.0,800.0,200.0,6.662163496017456,0.062892670157068,0.0649214659685863,0.0,0.0083277043700218,2.210270881652832,0.0964257028112449,0.078714859437751,0.0,0.0110513544082641,0.0,,,,,,,,,,,0.120570421218872,38741.0,39283.0,0.0,0.0,0.0,"1516/19, 19/19, 19/19, 19/19, 19/19, 19/19, 19/19, 19/19, 19/19, 19/19, 19/19, 19/19, 19/19, 19/19, 19/19, 19/19, 19/19, 19/19, 19/19, 19/19, 19/19, 19/19, 19/19, 19/19, 19/19, 19/19, 19/19, 19/19, 19/10","1516/19, 19/19, 19/19, 19/19, 19/19, 19/19, 19/19, 19/19, 19/19, 19/19, 19/19, 19/19, 19/19, 19/19, 19/19, 19/19, 19/19, 19/19, 19/19, 19/19, 19/19, 19/19, 19/19, 19/19, 19/19, 19/19, 19/19, 19/19, 19/10",23836.0,0.0
16,v0.97 - 97,0,CrossEntropy,Adam,0.000904255,1,100,MainLinear,0.000224328,27,75,ACI_grouped,300,0.2,1000,-2,3,cuda,0.001,0.001,"[9, 9, 9, 9, 9, 9, 9, 9, 9, 9, 9, 9, 9, 9, 9, 9, 9, 9, 9, 9, 9, 9, 9, 9, 9, 9, 9, 9, 10]","[0.12, 0.12, 0.12, 0.12, 0.12, 0.12, 0.12, 0.12, 0.12, 0.12, 0.12, 0.12, 0.12, 0.12, 0.12, 0.12, 0.12, 0.12, 0.12, 0.12, 0.12, 0.12, 0.12, 0.12, 0.12, 0.12, 0.12, 0.12, 1.0]",TOFD,0.5,0.5,0.005,0.003,3.0,2.0,False,"[10, 30, 30, 30, 30, 30, 30, 30, 30, 30, 30, 30, 30, 30, 30, 30, 30, 30, 30, 30, 30, 30, 30, 30, 30, 30, 30, 30, 10]",,ModelStateDict1727407584.3424466.pt,10,1516,3555510,2024-09-26 23:37:52.338562,x86_64,82.39818668365479,-1446.6088959999995,-592384.0,800.0,200.0,6.593512773513794,0.062892670157068,0.0649214659685863,0.0,0.0082418909668922,2.192908763885498,0.0964257028112449,0.078714859437751,0.0,0.0109645438194274,0.0,,,,,,,,,,,0.1280710697174072,15921.0,16183.0,0.0,0.0,0.0,"1516/9, 9/9, 9/9, 9/9, 9/9, 9/9, 9/9, 9/9, 9/9, 9/9, 9/9, 9/9, 9/9, 9/9, 9/9, 9/9, 9/9, 9/9, 9/9, 9/9, 9/9, 9/9, 9/9, 9/9, 9/9, 9/9, 9/9, 9/9, 9/10","1516/9, 9/9, 9/9, 9/9, 9/9, 9/9, 9/9, 9/9, 9/9, 9/9, 9/9, 9/9, 9/9, 9/9, 9/9, 9/9, 9/9, 9/9, 9/9, 9/9, 9/9, 9/9, 9/9, 9/9, 9/9, 9/9, 9/9, 9/9, 9/10",16728.0,0.0
17,v0.97 - 97,0,CrossEntropy,Adam,0.000904255,1,100,MainLinear,0.000224328,27,75,ACI_grouped,300,0.2,1000,-2,3,cuda,0.001,0.001,"[74, 74, 74, 74, 74, 74, 74, 74, 74, 74, 74, 74, 74, 74, 74, 74, 74, 74, 74, 74, 74, 74, 74, 74, 74, 74, 74, 74, 10]","[0.99, 0.99, 0.99, 0.99, 0.99, 0.99, 0.99, 0.99, 0.99, 0.99, 0.99, 0.99, 0.99, 0.99, 0.99, 0.99, 0.99, 0.99, 0.99, 0.99, 0.99, 0.99, 0.99, 0.99, 0.99, 0.99, 0.99, 0.99, 1.0]",iteritive_full_theseus_training|iteritive_full_theseus,0.5,0.5,0.005,0.003,3.0,2.0,False,"[10, 30, 30, 30, 30, 30, 30, 30, 30, 30, 30, 30, 30, 30, 30, 30, 30, 30, 30, 30, 30, 30, 30, 30, 30, 30, 30, 30, 10]",,ModelStateDict1727407584.3424466.pt,10,1516,3563321,2024-09-26 23:37:55.940905,x86_64,0.3759872913360595,0.5160960000011983,1081344.0,800.0,200.0,4.819401144981384,0.0761688980432543,0.0708547888774459,0.0,0.0060242514312267,1.6164950132369995,0.060672268907563,0.0638655462184873,0.0,0.0080824750661849,99.0,0.006021489650011,,0.0060287919640541,,0.006023952960968,,0.0060214699804782,,0.0060265044867992,,14.847997188568115,266325.0,268435.0,0.0,0.0,0.0,"1516/75, 75/75, 75/75, 75/75, 75/75, 75/75, 75/75, 75/75, 75/75, 75/75, 75/75, 75/75, 75/75, 75/75, 75/75, 75/75, 75/75, 75/75, 75/75, 75/75, 75/75, 75/75, 75/75, 75/75, 75/75, 75/75, 75/75, 75/75, 75/10","1516/75, 75/75, 75/75, 75/75, 75/75, 75/75, 75/75, 75/75, 75/75, 75/75, 75/75, 75/75, 75/75, 75/75, 75/75, 75/75, 75/75, 75/75, 75/75, 75/75, 75/75, 75/75, 75/75, 75/75, 75/75, 75/75, 75/75, 75/75, 75/10",31568.0,0.0
18,v0.97 - 97,0,CrossEntropy,Adam,0.000904255,1,100,MainLinear,0.000224328,27,75,ACI_grouped,300,0.2,1000,-2,3,cuda,0.001,0.001,"[65, 65, 65, 65, 65, 65, 65, 65, 65, 65, 65, 65, 65, 65, 65, 65, 65, 65, 65, 65, 65, 65, 65, 65, 65, 65, 65, 65, 10]","[0.87, 0.87, 0.87, 0.87, 0.87, 0.87, 0.87, 0.87, 0.87, 0.87, 0.87, 0.87, 0.87, 0.87, 0.87, 0.87, 0.87, 0.87, 0.87, 0.87, 0.87, 0.87, 0.87, 0.87, 0.87, 0.87, 0.87, 0.87, 1.0]",iteritive_full_theseus_training|iteritive_full_theseus,0.5,0.5,0.005,0.003,3.0,2.0,False,"[10, 30, 30, 30, 30, 30, 30, 30, 30, 30, 30, 30, 30, 30, 30, 30, 30, 30, 30, 30, 30, 30, 30, 30, 30, 30, 30, 30, 10]",,ModelStateDict1727407584.3424466.pt,10,1516,3563321,2024-09-26 23:43:16.650399,x86_64,305.26605343818665,766.8736000000008,2706432.0,800.0,200.0,2.400792896747589,0.6766596002880217,0.6537061411830112,0.0,0.0030009911209344,0.8178669214248657,0.6051051475282312,0.5921492641834881,0.0,0.0040893346071243,99.0,0.0030481268465518,,0.0030606444180011,,0.0030088666826486,,0.0030133129656314,,0.0029889882355928,,13.893908739089966,218328.0,220186.0,0.0,0.0,0.0,"1516/66, 66/66, 66/66, 66/66, 66/66, 66/66, 66/66, 66/66, 66/66, 66/66, 66/66, 66/66, 66/66, 66/66, 66/66, 66/66, 66/66, 66/66, 66/66, 66/66, 66/66, 66/66, 66/66, 66/66, 66/66, 66/66, 66/66, 66/66, 66/10","1516/66, 66/66, 66/66, 66/66, 66/66, 66/66, 66/66, 66/66, 66/66, 66/66, 66/66, 66/66, 66/66, 66/66, 66/66, 66/66, 66/66, 66/66, 66/66, 66/66, 66/66, 66/66, 66/66, 66/66, 66/66, 66/66, 66/66, 66/66, 66/10",60756.0,0.0
19,v0.97 - 97,0,CrossEntropy,Adam,0.000904255,1,100,MainLinear,0.000224328,27,75,ACI_grouped,300,0.2,1000,-2,3,cuda,0.001,0.001,"[55, 55, 55, 55, 55, 55, 55, 55, 55, 55, 55, 55, 55, 55, 55, 55, 55, 55, 55, 55, 55, 55, 55, 55, 55, 55, 55, 55, 10]","[0.74, 0.74, 0.74, 0.74, 0.74, 0.74, 0.74, 0.74, 0.74, 0.74, 0.74, 0.74, 0.74, 0.74, 0.74, 0.74, 0.74, 0.74, 0.74, 0.74, 0.74, 0.74, 0.74, 0.74, 0.74, 0.74, 0.74, 0.74, 1.0]",iteritive_full_theseus_training|iteritive_full_theseus,0.5,0.5,0.005,0.003,3.0,2.0,False,"[10, 30, 30, 30, 30, 30, 30, 30, 30, 30, 30, 30, 30, 30, 30, 30, 30, 30, 30, 30, 30, 30, 30, 30, 30, 30, 30, 30, 10]",,ModelStateDict1727407584.3424466.pt,10,1516,3563321,2024-09-26 23:49:37.215706,x86_64,366.0855216979981,-10.457087999999205,-1135104.0,800.0,200.0,4.051192045211792,0.2956870871496626,0.2911090923848233,0.0,0.0050639900565147,1.3142553567886353,0.2991531992631897,0.2783046911903357,0.0,0.0065712767839431,99.0,0.0050303597748279,,0.0050459153950214,,0.0050359250605106,,0.0050220730900764,,0.005041821449995,,14.481627225875854,170128.0,171706.0,0.0,0.0,0.0,"1516/56, 56/56, 56/56, 56/56, 56/56, 56/56, 56/56, 56/56, 56/56, 56/56, 56/56, 56/56, 56/56, 56/56, 56/56, 56/56, 56/56, 56/56, 56/56, 56/56, 56/56, 56/56, 56/56, 56/56, 56/56, 56/56, 56/56, 56/56, 56/10","1516/56, 56/56, 56/56, 56/56, 56/56, 56/56, 56/56, 56/56, 56/56, 56/56, 56/56, 56/56, 56/56, 56/56, 56/56, 56/56, 56/56, 56/56, 56/56, 56/56, 56/56, 56/56, 56/56, 56/56, 56/56, 56/56, 56/56, 56/56, 56/10",55212.0,0.0
20,v0.97 - 97,0,CrossEntropy,Adam,0.000904255,1,100,MainLinear,0.000224328,27,75,ACI_grouped,300,0.2,1000,-2,3,cuda,0.001,0.001,"[46, 46, 46, 46, 46, 46, 46, 46, 46, 46, 46, 46, 46, 46, 46, 46, 46, 46, 46, 46, 46, 46, 46, 46, 46, 46, 46, 46, 10]","[0.62, 0.62, 0.62, 0.62, 0.62, 0.62, 0.62, 0.62, 0.62, 0.62, 0.62, 0.62, 0.62, 0.62, 0.62, 0.62, 0.62, 0.62, 0.62, 0.62, 0.62, 0.62, 0.62, 0.62, 0.62, 0.62, 0.62, 0.62, 1.0]",iteritive_full_theseus_training|iteritive_full_theseus,0.5,0.5,0.005,0.003,3.0,2.0,False,"[10, 30, 30, 30, 30, 30, 30, 30, 30, 30, 30, 30, 30, 30, 30, 30, 30, 30, 30, 30, 30, 30, 30, 30, 30, 30, 30, 30, 10]",,ModelStateDict1727407584.3424466.pt,10,1516,3563321,2024-09-26 23:55:58.968900,x86_64,366.6789717674256,12.29209599999922,-1053696.0,800.0,200.0,4.003117799758911,0.2699591736759509,0.2681142897734346,0.0,0.0050038972496986,1.31165874004364,0.2852801466736511,0.2524274489261393,0.0,0.0065582937002182,99.0,0.0049905115365982,,0.0050312794744968,,0.0050248928368091,,0.0050144885480403,,0.004995594471693,,14.176195859909058,131365.0,132691.0,0.0,0.0,0.0,"1516/47, 47/47, 47/47, 47/47, 47/47, 47/47, 47/47, 47/47, 47/47, 47/47, 47/47, 47/47, 47/47, 47/47, 47/47, 47/47, 47/47, 47/47, 47/47, 47/47, 47/47, 47/47, 47/47, 47/47, 47/47, 47/47, 47/47, 47/47, 47/10","1516/47, 47/47, 47/47, 47/47, 47/47, 47/47, 47/47, 47/47, 47/47, 47/47, 47/47, 47/47, 47/47, 47/47, 47/47, 47/47, 47/47, 47/47, 47/47, 47/47, 47/47, 47/47, 47/47, 47/47, 47/47, 47/47, 47/47, 47/47, 47/10",49584.0,0.0
21,v0.97 - 97,0,CrossEntropy,Adam,0.000904255,1,100,MainLinear,0.000224328,27,75,ACI_grouped,300,0.2,1000,-2,3,cuda,0.001,0.001,"[36, 36, 36, 36, 36, 36, 36, 36, 36, 36, 36, 36, 36, 36, 36, 36, 36, 36, 36, 36, 36, 36, 36, 36, 36, 36, 36, 36, 10]","[0.49, 0.49, 0.49, 0.49, 0.49, 0.49, 0.49, 0.49, 0.49, 0.49, 0.49, 0.49, 0.49, 0.49, 0.49, 0.49, 0.49, 0.49, 0.49, 0.49, 0.49, 0.49, 0.49, 0.49, 0.49, 0.49, 0.49, 0.49, 1.0]",iteritive_full_theseus_training|iteritive_full_theseus,0.5,0.5,0.005,0.003,3.0,2.0,False,"[10, 30, 30, 30, 30, 30, 30, 30, 30, 30, 30, 30, 30, 30, 30, 30, 30, 30, 30, 30, 30, 30, 30, 30, 30, 30, 30, 30, 10]",,ModelStateDict1727407584.3424466.pt,10,1516,3563321,2024-09-27 00:07:14.195356,x86_64,660.463351726532,-192.43827199999944,-929280.0,800.0,200.0,3.990068197250366,0.3916314898241245,0.3972547292235949,0.0,0.0049875852465629,1.290736436843872,0.4359143228391219,0.409677052597385,0.0,0.0064536821842193,99.0,0.0049517723917961,,0.0049386046826839,,0.0049436780810356,,0.0049467255175113,,0.00495435744524,,14.057525873184204,93425.0,94471.0,0.0,0.0,0.0,"1516/37, 37/37, 37/37, 37/37, 37/37, 37/37, 37/37, 37/37, 37/37, 37/37, 37/37, 37/37, 37/37, 37/37, 37/37, 37/37, 37/37, 37/37, 37/37, 37/37, 37/37, 37/37, 37/37, 37/37, 37/37, 37/37, 37/37, 37/37, 37/10","1516/37, 37/37, 37/37, 37/37, 37/37, 37/37, 37/37, 37/37, 37/37, 37/37, 37/37, 37/37, 37/37, 37/37, 37/37, 37/37, 37/37, 37/37, 37/37, 37/37, 37/37, 37/37, 37/37, 37/37, 37/37, 37/37, 37/37, 37/37, 37/10",44040.0,0.0
22,v0.97 - 97,0,CrossEntropy,Adam,0.000904255,1,100,MainLinear,0.000224328,27,75,ACI_grouped,300,0.2,1000,-2,3,cuda,0.001,0.001,"[27, 27, 27, 27, 27, 27, 27, 27, 27, 27, 27, 27, 27, 27, 27, 27, 27, 27, 27, 27, 27, 27, 27, 27, 27, 27, 27, 27, 10]","[0.37, 0.37, 0.37, 0.37, 0.37, 0.37, 0.37, 0.37, 0.37, 0.37, 0.37, 0.37, 0.37, 0.37, 0.37, 0.37, 0.37, 0.37, 0.37, 0.37, 0.37, 0.37, 0.37, 0.37, 0.37, 0.37, 0.37, 0.37, 1.0]",iteritive_full_theseus_training|iteritive_full_theseus,0.5,0.5,0.005,0.003,3.0,2.0,False,"[10, 30, 30, 30, 30, 30, 30, 30, 30, 30, 30, 30, 30, 30, 30, 30, 30, 30, 30, 30, 30, 30, 30, 30, 30, 30, 30, 30, 10]",,ModelStateDict1727407584.3424466.pt,10,1516,3563321,2024-09-27 00:18:49.369297,x86_64,680.5344288349152,-115.3597439999994,-803328.0,800.0,200.0,4.042594194412232,0.294841179213815,0.2903021874905392,0.0,0.0050532427430152,1.3281749486923218,0.2895037873528641,0.2690085003316826,0.0,0.0066408747434616,99.0,0.0050769633054733,,0.0050931331515312,,0.0050517094135284,,0.005064913034439,,0.0050727382302284,,14.254615306854248,63896.0,64690.0,0.0,0.0,0.0,"1516/28, 28/28, 28/28, 28/28, 28/28, 28/28, 28/28, 28/28, 28/28, 28/28, 28/28, 28/28, 28/28, 28/28, 28/28, 28/28, 28/28, 28/28, 28/28, 28/28, 28/28, 28/28, 28/28, 28/28, 28/28, 28/28, 28/28, 28/28, 28/10","1516/28, 28/28, 28/28, 28/28, 28/28, 28/28, 28/28, 28/28, 28/28, 28/28, 28/28, 28/28, 28/28, 28/28, 28/28, 28/28, 28/28, 28/28, 28/28, 28/28, 28/28, 28/28, 28/28, 28/28, 28/28, 28/28, 28/28, 28/28, 28/10",38412.0,0.0
23,v0.97 - 97,0,CrossEntropy,Adam,0.000904255,1,100,MainLinear,0.000224328,27,75,ACI_grouped,300,0.2,1000,-2,3,cuda,0.001,0.001,"[18, 18, 18, 18, 18, 18, 18, 18, 18, 18, 18, 18, 18, 18, 18, 18, 18, 18, 18, 18, 18, 18, 18, 18, 18, 18, 18, 18, 10]","[0.25, 0.25, 0.25, 0.25, 0.25, 0.25, 0.25, 0.25, 0.25, 0.25, 0.25, 0.25, 0.25, 0.25, 0.25, 0.25, 0.25, 0.25, 0.25, 0.25, 0.25, 0.25, 0.25, 0.25, 0.25, 0.25, 0.25, 0.25, 1.0]",iteritive_full_theseus_training|iteritive_full_theseus,0.5,0.5,0.005,0.003,3.0,2.0,False,"[10, 30, 30, 30, 30, 30, 30, 30, 30, 30, 30, 30, 30, 30, 30, 30, 30, 30, 30, 30, 30, 30, 30, 30, 30, 30, 30, 30, 10]",,ModelStateDict1727407584.3424466.pt,10,1516,3563321,2024-09-27 00:30:43.898391,x86_64,699.6842379570007,-29.675520000000688,-660480.0,800.0,200.0,3.665576577186585,0.5567922633629273,0.5385833343830507,0.0,0.0045819707214832,1.2023626565933228,0.5008660554043223,0.4847423587642568,0.0,0.0060118132829666,99.0,0.0046038573980331,,0.0045743018388748,,0.004574025273323,,0.0045684878528118,,0.004595219194889,,14.498145341873167,38741.0,39283.0,0.0,0.0,0.0,"1516/19, 19/19, 19/19, 19/19, 19/19, 19/19, 19/19, 19/19, 19/19, 19/19, 19/19, 19/19, 19/19, 19/19, 19/19, 19/19, 19/19, 19/19, 19/19, 19/19, 19/19, 19/19, 19/19, 19/19, 19/19, 19/19, 19/19, 19/19, 19/10","1516/19, 19/19, 19/19, 19/19, 19/19, 19/19, 19/19, 19/19, 19/19, 19/19, 19/19, 19/19, 19/19, 19/19, 19/19, 19/19, 19/19, 19/19, 19/19, 19/19, 19/19, 19/19, 19/19, 19/19, 19/19, 19/19, 19/19, 19/19, 19/10",33120.0,0.0
24,v0.97 - 97,0,CrossEntropy,Adam,0.000904255,1,100,MainLinear,0.000224328,27,75,ACI_grouped,300,0.2,1000,-2,3,cuda,0.001,0.001,"[9, 9, 9, 9, 9, 9, 9, 9, 9, 9, 9, 9, 9, 9, 9, 9, 9, 9, 9, 9, 9, 9, 9, 9, 9, 9, 9, 9, 10]","[0.12, 0.12, 0.12, 0.12, 0.12, 0.12, 0.12, 0.12, 0.12, 0.12, 0.12, 0.12, 0.12, 0.12, 0.12, 0.12, 0.12, 0.12, 0.12, 0.12, 0.12, 0.12, 0.12, 0.12, 0.12, 0.12, 0.12, 0.12, 1.0]",iteritive_full_theseus_training|iteritive_full_theseus,0.5,0.5,0.005,0.003,3.0,2.0,False,"[10, 30, 30, 30, 30, 30, 30, 30, 30, 30, 30, 30, 30, 30, 30, 30, 30, 30, 30, 30, 30, 30, 30, 30, 30, 30, 30, 30, 10]",,ModelStateDict1727407584.3424466.pt,10,1516,3563321,2024-09-27 00:47:33.573589,x86_64,994.6005742549896,-188.3832320000001,-597504.0,800.0,200.0,3.2747936248779297,0.3818736155234372,0.3751162631745383,0.0,0.0040934920310974,1.0689581632614136,0.3700572148133123,0.3500261988066866,0.0,0.005344790816307,99.0,0.0041026601195335,,0.0041064834594726,,0.0040560160577297,,0.0040905021131038,,0.0041006986796855,,14.708887100219728,15921.0,16183.0,0.0,0.0,0.0,"1516/9, 9/9, 9/9, 9/9, 9/9, 9/9, 9/9, 9/9, 9/9, 9/9, 9/9, 9/9, 9/9, 9/9, 9/9, 9/9, 9/9, 9/9, 9/9, 9/9, 9/9, 9/9, 9/9, 9/9, 9/9, 9/9, 9/9, 9/9, 9/10","1516/9, 9/9, 9/9, 9/9, 9/9, 9/9, 9/9, 9/9, 9/9, 9/9, 9/9, 9/9, 9/9, 9/9, 9/9, 9/9, 9/9, 9/9, 9/9, 9/9, 9/9, 9/9, 9/9, 9/9, 9/9, 9/9, 9/9, 9/9, 9/10",27576.0,0.0
25,v0.97 - 97,0,CrossEntropy,Adam,0.000904255,1,100,MainLinear,0.000224328,27,75,ACI_grouped,300,0.2,1000,-2,3,cuda,0.001,0.001,"[74, 74, 74, 74, 74, 74, 74, 74, 74, 74, 74, 74, 74, 74, 74, 74, 74, 74, 74, 74, 74, 74, 74, 74, 74, 74, 74, 74, 10]","[0.99, 0.99, 0.99, 0.99, 0.99, 0.99, 0.99, 0.99, 0.99, 0.99, 0.99, 0.99, 0.99, 0.99, 0.99, 0.99, 0.99, 0.99, 0.99, 0.99, 0.99, 0.99, 0.99, 0.99, 0.99, 0.99, 0.99, 0.99, 1.0]",BERT_theseus_training|BERT_theseus,0.5,0.5,0.005,0.003,3.0,2.0,False,"[10, 30, 30, 30, 30, 30, 30, 30, 30, 30, 30, 30, 30, 30, 30, 30, 30, 30, 30, 30, 30, 30, 30, 30, 30, 30, 30, 30, 10]",,ModelStateDict1727407584.3424466.pt,10,1516,3575512,2024-09-27 00:50:05.070312,x86_64,133.81580018997192,846.5735679999998,22438912.0,800.0,200.0,6.048456907272339,0.0752857878475798,0.070442842430484,0.0,0.0075605711340904,2.01997184753418,0.0441379310344827,0.0551724137931034,0.0,0.0100998592376708,99.0,0.007560352385044,,0.0075605562329292,,0.0075588878989219,,0.0075600707530975,,0.0075597560405731,,13.360796451568604,266325.0,268435.0,0.0,0.0,0.0,"1516/75, 75/75, 75/75, 75/75, 75/75, 75/75, 75/75, 75/75, 75/75, 75/75, 75/75, 75/75, 75/75, 75/75, 75/75, 75/75, 75/75, 75/75, 75/75, 75/75, 75/75, 75/75, 75/75, 75/75, 75/75, 75/75, 75/75, 75/75, 75/10","1516/75, 75/75, 75/75, 75/75, 75/75, 75/75, 75/75, 75/75, 75/75, 75/75, 75/75, 75/75, 75/75, 75/75, 75/75, 75/75, 75/75, 75/75, 75/75, 75/75, 75/75, 75/75, 75/75, 75/75, 75/75, 75/75, 75/75, 75/75, 75/10",39363.0,0.0
26,v0.97 - 97,0,CrossEntropy,Adam,0.000904255,1,100,MainLinear,0.000224328,27,75,ACI_grouped,300,0.2,1000,-2,3,cuda,0.001,0.001,"[65, 65, 65, 65, 65, 65, 65, 65, 65, 65, 65, 65, 65, 65, 65, 65, 65, 65, 65, 65, 65, 65, 65, 65, 65, 65, 65, 65, 10]","[0.87, 0.87, 0.87, 0.87, 0.87, 0.87, 0.87, 0.87, 0.87, 0.87, 0.87, 0.87, 0.87, 0.87, 0.87, 0.87, 0.87, 0.87, 0.87, 0.87, 0.87, 0.87, 0.87, 0.87, 0.87, 0.87, 0.87, 0.87, 1.0]",BERT_theseus_training|BERT_theseus,0.5,0.5,0.005,0.003,3.0,2.0,False,"[10, 30, 30, 30, 30, 30, 30, 30, 30, 30, 30, 30, 30, 30, 30, 30, 30, 30, 30, 30, 30, 30, 30, 30, 30, 30, 30, 30, 10]",,ModelStateDict1727407584.3424466.pt,10,1516,3575512,2024-09-27 00:52:31.461578,x86_64,132.43554615974426,653.9223039999997,5399552.0,800.0,200.0,5.871342062950134,0.0752857878475798,0.070442842430484,0.0,0.0073391775786876,1.9601176977157595,0.0441379310344827,0.0551724137931034,0.0,0.0098005884885787,99.0,0.0073374409973621,,0.0073368902504444,,0.0073387795686721,,0.0073371711373329,,0.0073366969823837,,13.22504448890686,266325.0,268435.0,0.0,0.0,0.0,"1516/75, 75/75, 75/75, 75/75, 75/75, 75/75, 75/75, 75/75, 75/75, 75/75, 75/75, 75/75, 75/75, 75/75, 75/75, 75/75, 75/75, 75/75, 75/75, 75/75, 75/75, 75/75, 75/75, 75/75, 75/75, 75/75, 75/75, 75/75, 75/10","1516/75, 75/75, 75/75, 75/75, 75/75, 75/75, 75/75, 75/75, 75/75, 75/75, 75/75, 75/75, 75/75, 75/75, 75/75, 75/75, 75/75, 75/75, 75/75, 75/75, 75/75, 75/75, 75/75, 75/75, 75/75, 75/75, 75/75, 75/75, 75/10",78614.0,0.0
27,v0.97 - 97,0,CrossEntropy,Adam,0.000904255,1,100,MainLinear,0.000224328,27,75,ACI_grouped,300,0.2,1000,-2,3,cuda,0.001,0.001,"[55, 55, 55, 55, 55, 55, 55, 55, 55, 55, 55, 55, 55, 55, 55, 55, 55, 55, 55, 55, 55, 55, 55, 55, 55, 55, 55, 55, 10]","[0.74, 0.74, 0.74, 0.74, 0.74, 0.74, 0.74, 0.74, 0.74, 0.74, 0.74, 0.74, 0.74, 0.74, 0.74, 0.74, 0.74, 0.74, 0.74, 0.74, 0.74, 0.74, 0.74, 0.74, 0.74, 0.74, 0.74, 0.74, 1.0]",BERT_theseus_training|BERT_theseus,0.5,0.5,0.005,0.003,3.0,2.0,False,"[10, 30, 30, 30, 30, 30, 30, 30, 30, 30, 30, 30, 30, 30, 30, 30, 30, 30, 30, 30, 30, 30, 30, 30, 30, 30, 30, 30, 10]",,ModelStateDict1727407584.3424466.pt,10,1516,3575512,2024-09-27 00:55:30.593872,x86_64,165.32020115852356,-48.177152000000206,1077760.0,800.0,200.0,6.044046878814697,0.062892670157068,0.0649214659685863,0.0,0.0075550585985183,2.01432728767395,0.0964257028112449,0.078714859437751,0.0,0.0100716364383697,99.0,0.0075561526417732,,0.0075546732544898,,0.007554688155651,,0.0075552302598953,,0.0075552716851234,,13.240743398666382,266325.0,268435.0,0.0,0.0,0.0,"1516/75, 75/75, 75/75, 75/75, 75/75, 75/75, 75/75, 75/75, 75/75, 75/75, 75/75, 75/75, 75/75, 75/75, 75/75, 75/75, 75/75, 75/75, 75/75, 75/75, 75/75, 75/75, 75/75, 75/75, 75/75, 75/75, 75/75, 75/75, 75/10","1516/75, 75/75, 75/75, 75/75, 75/75, 75/75, 75/75, 75/75, 75/75, 75/75, 75/75, 75/75, 75/75, 75/75, 75/75, 75/75, 75/75, 75/75, 75/75, 75/75, 75/75, 75/75, 75/75, 75/75, 75/75, 75/75, 75/75, 75/75, 75/10",78614.0,0.0
28,v0.97 - 97,0,CrossEntropy,Adam,0.000904255,1,100,MainLinear,0.000224328,27,75,ACI_grouped,300,0.2,1000,-2,3,cuda,0.001,0.001,"[46, 46, 46, 46, 46, 46, 46, 46, 46, 46, 46, 46, 46, 46, 46, 46, 46, 46, 46, 46, 46, 46, 46, 46, 46, 46, 46, 46, 10]","[0.62, 0.62, 0.62, 0.62, 0.62, 0.62, 0.62, 0.62, 0.62, 0.62, 0.62, 0.62, 0.62, 0.62, 0.62, 0.62, 0.62, 0.62, 0.62, 0.62, 0.62, 0.62, 0.62, 0.62, 0.62, 0.62, 0.62, 0.62, 1.0]",BERT_theseus_training|BERT_theseus,0.5,0.5,0.005,0.003,3.0,2.0,False,"[10, 30, 30, 30, 30, 30, 30, 30, 30, 30, 30, 30, 30, 30, 30, 30, 30, 30, 30, 30, 30, 30, 30, 30, 30, 30, 30, 30, 10]",,ModelStateDict1727407584.3424466.pt,10,1516,3575512,2024-09-27 00:58:27.781339,x86_64,163.3488571643829,45.17068800000016,1077760.0,800.0,200.0,6.29428505897522,0.0760905349794238,0.0707818930041152,0.0,0.007867856323719,2.0976428985595703,0.060672268907563,0.0638655462184873,0.0,0.0104882144927978,99.0,0.0078686133027076,,0.0078681874275207,,0.0078678974509239,,0.0078675860166549,,0.0078683173656463,,13.579071760177612,266325.0,268435.0,0.0,0.0,0.0,"1516/75, 75/75, 75/75, 75/75, 75/75, 75/75, 75/75, 75/75, 75/75, 75/75, 75/75, 75/75, 75/75, 75/75, 75/75, 75/75, 75/75, 75/75, 75/75, 75/75, 75/75, 75/75, 75/75, 75/75, 75/75, 75/75, 75/75, 75/75, 75/10","1516/75, 75/75, 75/75, 75/75, 75/75, 75/75, 75/75, 75/75, 75/75, 75/75, 75/75, 75/75, 75/75, 75/75, 75/75, 75/75, 75/75, 75/75, 75/75, 75/75, 75/75, 75/75, 75/75, 75/75, 75/75, 75/75, 75/75, 75/75, 75/10",78614.0,0.0
29,v0.97 - 97,0,CrossEntropy,Adam,0.000904255,1,100,MainLinear,0.000224328,27,75,ACI_grouped,300,0.2,1000,-2,3,cuda,0.001,0.001,"[36, 36, 36, 36, 36, 36, 36, 36, 36, 36, 36, 36, 36, 36, 36, 36, 36, 36, 36, 36, 36, 36, 36, 36, 36, 36, 36, 36, 10]","[0.49, 0.49, 0.49, 0.49, 0.49, 0.49, 0.49, 0.49, 0.49, 0.49, 0.49, 0.49, 0.49, 0.49, 0.49, 0.49, 0.49, 0.49, 0.49, 0.49, 0.49, 0.49, 0.49, 0.49, 0.49, 0.49, 0.49, 0.49, 1.0]",BERT_theseus_training|BERT_theseus,0.5,0.5,0.005,0.003,3.0,2.0,False,"[10, 30, 30, 30, 30, 30, 30, 30, 30, 30, 30, 30, 30, 30, 30, 30, 30, 30, 30, 30, 30, 30, 30, 30, 30, 30, 30, 30, 10]",,ModelStateDict1727407584.3424466.pt,10,1516,3575512,2024-09-27 01:01:26.052377,x86_64,164.0919382572174,-170.4837119999993,1077760.0,800.0,200.0,6.106047630310059,0.0760905349794238,0.0707818930041152,0.0,0.0076325595378875,2.041723251342773,0.060672268907563,0.0638655462184873,0.0,0.0102086162567138,99.0,0.0076345047354698,,0.0076354050636291,,0.0076337370276451,,0.0076353666186332,,0.00763492166996,,13.342362642288208,266325.0,268435.0,0.0,0.0,0.0,"1516/75, 75/75, 75/75, 75/75, 75/75, 75/75, 75/75, 75/75, 75/75, 75/75, 75/75, 75/75, 75/75, 75/75, 75/75, 75/75, 75/75, 75/75, 75/75, 75/75, 75/75, 75/75, 75/75, 75/75, 75/75, 75/75, 75/75, 75/75, 75/10","1516/75, 75/75, 75/75, 75/75, 75/75, 75/75, 75/75, 75/75, 75/75, 75/75, 75/75, 75/75, 75/75, 75/75, 75/75, 75/75, 75/75, 75/75, 75/75, 75/75, 75/75, 75/75, 75/75, 75/75, 75/75, 75/75, 75/75, 75/75, 75/10",78614.0,0.0
30,v0.97 - 97,0,CrossEntropy,Adam,0.000904255,1,100,MainLinear,0.000224328,27,75,ACI_grouped,300,0.2,1000,-2,3,cuda,0.001,0.001,"[27, 27, 27, 27, 27, 27, 27, 27, 27, 27, 27, 27, 27, 27, 27, 27, 27, 27, 27, 27, 27, 27, 27, 27, 27, 27, 27, 27, 10]","[0.37, 0.37, 0.37, 0.37, 0.37, 0.37, 0.37, 0.37, 0.37, 0.37, 0.37, 0.37, 0.37, 0.37, 0.37, 0.37, 0.37, 0.37, 0.37, 0.37, 0.37, 0.37, 0.37, 0.37, 0.37, 0.37, 0.37, 0.37, 1.0]",BERT_theseus_training|BERT_theseus,0.5,0.5,0.005,0.003,3.0,2.0,False,"[10, 30, 30, 30, 30, 30, 30, 30, 30, 30, 30, 30, 30, 30, 30, 30, 30, 30, 30, 30, 30, 30, 30, 30, 30, 30, 30, 30, 10]",,ModelStateDict1727407584.3424466.pt,10,1516,3575512,2024-09-27 01:03:22.182727,x86_64,102.17385244369508,-189.72672000000057,432640.0,800.0,200.0,6.401318073272705,0.062892670157068,0.0649214659685863,0.0,0.0080016475915908,2.136447668075561,0.0964257028112449,0.078714859437751,0.0,0.0106822383403778,99.0,0.0080035758018493,,0.0080073681473732,,0.008000704050064,,0.0079989311099052,,0.0080030664801597,,12.868629455566406,187575.0,188635.0,0.0,0.0,0.0,"1516/75, 75/75, 75/75, 75/75, 75/75, 75/75, 75/75, 75/75, 75/75, 75/75, 75/75, 75/75, 75/75, 75/75, 75/10","1516/75, 75/75, 75/75, 75/75, 75/75, 75/75, 75/75, 75/75, 75/75, 75/75, 75/75, 75/75, 75/75, 75/75, 75/10",75492.0,0.0
31,v0.97 - 97,0,CrossEntropy,Adam,0.000904255,1,100,MainLinear,0.000224328,27,75,ACI_grouped,300,0.2,1000,-2,3,cuda,0.001,0.001,"[18, 18, 18, 18, 18, 18, 18, 18, 18, 18, 18, 18, 18, 18, 18, 18, 18, 18, 18, 18, 18, 18, 18, 18, 18, 18, 18, 18, 10]","[0.25, 0.25, 0.25, 0.25, 0.25, 0.25, 0.25, 0.25, 0.25, 0.25, 0.25, 0.25, 0.25, 0.25, 0.25, 0.25, 0.25, 0.25, 0.25, 0.25, 0.25, 0.25, 0.25, 0.25, 0.25, 0.25, 0.25, 0.25, 1.0]",BERT_theseus_training|BERT_theseus,0.5,0.5,0.005,0.003,3.0,2.0,False,"[10, 30, 30, 30, 30, 30, 30, 30, 30, 30, 30, 30, 30, 30, 30, 30, 30, 30, 30, 30, 30, 30, 30, 30, 30, 30, 30, 30, 10]",,ModelStateDict1727407584.3424466.pt,10,1516,3575512,2024-09-27 01:04:56.859100,x86_64,81.21701908111572,-150.6385919999993,202240.0,800.0,200.0,5.53159236907959,0.0654440605041197,0.0673150992150553,0.0,0.0069144904613494,1.8418939113616943,0.0964257028112449,0.078714859437751,0.0,0.0092094695568084,99.0,0.0069157540798187,,0.0069148766994476,,0.0069151988625526,,0.0069159920513629,,0.0069133600592613,,12.778412580490112,165075.0,165835.0,0.0,0.0,0.0,"1516/75, 75/75, 75/75, 75/75, 75/75, 75/75, 75/75, 75/75, 75/75, 75/75, 75/10","1516/75, 75/75, 75/75, 75/75, 75/75, 75/75, 75/75, 75/75, 75/75, 75/75, 75/10",68101.0,0.0
32,v0.97 - 97,0,CrossEntropy,Adam,0.000904255,1,100,MainLinear,0.000224328,27,75,ACI_grouped,300,0.2,1000,-2,3,cuda,0.001,0.001,"[9, 9, 9, 9, 9, 9, 9, 9, 9, 9, 9, 9, 9, 9, 9, 9, 9, 9, 9, 9, 9, 9, 9, 9, 9, 9, 9, 9, 10]","[0.12, 0.12, 0.12, 0.12, 0.12, 0.12, 0.12, 0.12, 0.12, 0.12, 0.12, 0.12, 0.12, 0.12, 0.12, 0.12, 0.12, 0.12, 0.12, 0.12, 0.12, 0.12, 0.12, 0.12, 0.12, 0.12, 0.12, 0.12, 1.0]",BERT_theseus_training|BERT_theseus,0.5,0.5,0.005,0.003,3.0,2.0,False,"[10, 30, 30, 30, 30, 30, 30, 30, 30, 30, 30, 30, 30, 30, 30, 30, 30, 30, 30, 30, 30, 30, 30, 30, 30, 30, 30, 30, 10]",,ModelStateDict1727407584.3424466.pt,10,1516,3575512,2024-09-27 01:06:09.317769,x86_64,59.086323261260986,6.98777599999994,294400.0,800.0,200.0,4.74060046672821,0.062892670157068,0.0649214659685863,0.0,0.0059257505834102,1.5676923990249634,0.0964257028112449,0.078714859437751,0.0,0.0078384619951248,99.0,0.0059334090352058,,0.0059235426783561,,0.0059231556951999,,0.0059290762245655,,0.0059250774979591,,12.795085191726685,153825.0,154435.0,0.0,0.0,0.0,"1516/75, 75/75, 75/75, 75/75, 75/75, 75/75, 75/75, 75/75, 75/10","1516/75, 75/75, 75/75, 75/75, 75/75, 75/75, 75/75, 75/75, 75/10",64955.0,0.0
33,v0.97 - 97,0,CrossEntropy,Adam,0.000904255,1,100,MainLinear,0.000224328,27,75,ACI_grouped,300,0.2,1000,-2,3,cuda,0.001,0.001,"[74, 74, 74, 74, 74, 74, 74, 74, 74, 74, 74, 74, 74, 74, 74, 74, 74, 74, 74, 74, 74, 74, 74, 74, 74, 74, 74, 74, 10]","[0.99, 0.99, 0.99, 0.99, 0.99, 0.99, 0.99, 0.99, 0.99, 0.99, 0.99, 0.99, 0.99, 0.99, 0.99, 0.99, 0.99, 0.99, 0.99, 0.99, 0.99, 0.99, 0.99, 0.99, 0.99, 0.99, 0.99, 0.99, 1.0]",DAIS_training|DAIS,0.5,0.5,0.005,0.003,3.0,2.0,False,"[10, 30, 30, 30, 30, 30, 30, 30, 30, 30, 30, 30, 30, 30, 30, 30, 30, 30, 30, 30, 30, 30, 30, 30, 30, 30, 30, 30, 10]",,ModelStateDict1727407584.3424466.pt,10,1516,3579830,2024-09-27 01:10:27.245709,x86_64,242.1892125606537,345.9031039999991,21364736.0,800.0,200.0,4.823532342910767,0.0705310880829015,0.0683937823834196,0.0,0.0060294154286384,1.6181596517562866,0.072892561983471,0.0694214876033057,0.0,0.0080907982587814,0.0,,,,,,,,,,,0.2476611137390136,266325.0,268435.0,675.0,0.0,9.0,"1516/75, 75/75, 75/75, 75/75, 75/75, 75/75, 75/75, 75/75, 75/75, 75/75, 75/75, 75/75, 75/75, 75/75, 75/75, 75/75, 75/75, 75/75, 75/75, 75/75, 75/75, 75/75, 75/75, 75/75, 75/75, 75/75, 75/75, 75/75, 75/10","1516/75, 75/75, 75/75, 75/75, 75/75, 75/75, 75/75, 75/75, 75/75, 75/75, 75/75, 75/75, 75/75, 75/75, 75/75, 75/75, 75/75, 75/75, 75/75, 75/75, 75/75, 75/75, 75/75, 75/75, 75/71, 75/74, 75/74, 75/72, 75/10",31568.0,0.0
34,v0.97 - 97,0,CrossEntropy,Adam,0.000904255,1,100,MainLinear,0.000224328,27,75,ACI_grouped,300,0.2,1000,-2,3,cuda,0.001,0.001,"[65, 65, 65, 65, 65, 65, 65, 65, 65, 65, 65, 65, 65, 65, 65, 65, 65, 65, 65, 65, 65, 65, 65, 65, 65, 65, 65, 65, 10]","[0.87, 0.87, 0.87, 0.87, 0.87, 0.87, 0.87, 0.87, 0.87, 0.87, 0.87, 0.87, 0.87, 0.87, 0.87, 0.87, 0.87, 0.87, 0.87, 0.87, 0.87, 0.87, 0.87, 0.87, 0.87, 0.87, 0.87, 0.87, 1.0]",DAIS_training|DAIS,0.5,0.5,0.005,0.003,3.0,2.0,False,"[10, 30, 30, 30, 30, 30, 30, 30, 30, 30, 30, 30, 30, 30, 30, 30, 30, 30, 30, 30, 30, 30, 30, 30, 30, 30, 30, 30, 10]",,ModelStateDict1727407584.3424466.pt,10,1516,3579830,2024-09-27 01:14:26.763437,x86_64,238.64041709899905,144.4577279999994,4325376.0,800.0,200.0,4.820240139961243,0.0760905349794238,0.0707818930041152,0.0,0.0060253001749515,1.613580346107483,0.060672268907563,0.0638655462184873,0.0,0.0080679017305374,0.0,,,,,,,,,,,0.2119221687316894,266325.0,268435.0,27160.0,0.0,170.0,"1516/75, 75/75, 75/75, 75/75, 75/75, 75/75, 75/75, 75/75, 75/75, 75/75, 75/75, 75/75, 75/75, 75/75, 75/75, 75/75, 75/75, 75/75, 75/75, 75/75, 75/75, 75/75, 75/75, 75/75, 75/75, 75/75, 75/75, 75/75, 75/10","1516/65, 75/66, 75/69, 75/69, 75/72, 75/71, 75/71, 75/70, 75/66, 75/66, 75/71, 75/70, 75/70, 75/68, 75/65, 75/71, 75/67, 75/72, 75/69, 75/71, 75/69, 75/71, 75/62, 75/69, 75/70, 75/68, 75/69, 75/73, 75/10",63024.0,0.0
35,v0.97 - 97,0,CrossEntropy,Adam,0.000904255,1,100,MainLinear,0.000224328,27,75,ACI_grouped,300,0.2,1000,-2,3,cuda,0.001,0.001,"[55, 55, 55, 55, 55, 55, 55, 55, 55, 55, 55, 55, 55, 55, 55, 55, 55, 55, 55, 55, 55, 55, 55, 55, 55, 55, 55, 55, 10]","[0.74, 0.74, 0.74, 0.74, 0.74, 0.74, 0.74, 0.74, 0.74, 0.74, 0.74, 0.74, 0.74, 0.74, 0.74, 0.74, 0.74, 0.74, 0.74, 0.74, 0.74, 0.74, 0.74, 0.74, 0.74, 0.74, 0.74, 0.74, 1.0]",DAIS_training|DAIS,0.5,0.5,0.005,0.003,3.0,2.0,False,"[10, 30, 30, 30, 30, 30, 30, 30, 30, 30, 30, 30, 30, 30, 30, 30, 30, 30, 30, 30, 30, 30, 30, 30, 30, 30, 30, 30, 10]",,ModelStateDict1727407584.3424466.pt,10,1516,3579830,2024-09-27 01:18:36.154162,x86_64,248.5758831501007,-193.3312000000005,1081344.0,800.0,200.0,4.824178218841553,0.0760905349794238,0.0707818930041152,0.0,0.0060302227735519,1.6119987964630127,0.060672268907563,0.0638655462184873,0.0,0.008059993982315,0.0,,,,,,,,,,,0.2142143249511718,266325.0,268435.0,71077.0,0.0,525.0,"1516/75, 75/75, 75/75, 75/75, 75/75, 75/75, 75/75, 75/75, 75/75, 75/75, 75/75, 75/75, 75/75, 75/75, 75/75, 75/75, 75/75, 75/75, 75/75, 75/75, 75/75, 75/75, 75/75, 75/75, 75/75, 75/75, 75/75, 75/75, 75/10","1516/53, 75/55, 75/57, 75/58, 75/56, 75/57, 75/49, 75/49, 75/60, 75/58, 75/58, 75/61, 75/55, 75/57, 75/53, 75/52, 75/58, 75/56, 75/53, 75/57, 75/58, 75/49, 75/60, 75/61, 75/59, 75/60, 75/55, 75/61, 75/10",63024.0,0.0
36,v0.97 - 97,0,CrossEntropy,Adam,0.000904255,1,100,MainLinear,0.000224328,27,75,ACI_grouped,300,0.2,1000,-2,3,cuda,0.001,0.001,"[46, 46, 46, 46, 46, 46, 46, 46, 46, 46, 46, 46, 46, 46, 46, 46, 46, 46, 46, 46, 46, 46, 46, 46, 46, 46, 46, 46, 10]","[0.62, 0.62, 0.62, 0.62, 0.62, 0.62, 0.62, 0.62, 0.62, 0.62, 0.62, 0.62, 0.62, 0.62, 0.62, 0.62, 0.62, 0.62, 0.62, 0.62, 0.62, 0.62, 0.62, 0.62, 0.62, 0.62, 0.62, 0.62, 1.0]",DAIS_training|DAIS,0.5,0.5,0.005,0.003,3.0,2.0,False,"[10, 30, 30, 30, 30, 30, 30, 30, 30, 30, 30, 30, 30, 30, 30, 30, 30, 30, 30, 30, 30, 30, 30, 30, 30, 30, 30, 30, 10]",,ModelStateDict1727407584.3424466.pt,10,1516,3579830,2024-09-27 01:22:37.923648,x86_64,240.9466857910156,158.63808000000063,4325376.0,800.0,200.0,4.8199989795684814,0.0760905349794238,0.0707818930041152,0.0,0.0060249987244606,1.6161266565322876,0.060672268907563,0.0638655462184873,0.0,0.0080806332826614,0.0,,,,,,,,,,,0.2675628662109375,266325.0,268435.0,95741.0,0.0,777.0,"1516/75, 75/75, 75/75, 75/75, 75/75, 75/75, 75/75, 75/75, 75/75, 75/75, 75/75, 75/75, 75/75, 75/75, 75/75, 75/75, 75/75, 75/75, 75/75, 75/75, 75/75, 75/75, 75/75, 75/75, 75/75, 75/75, 75/75, 75/75, 75/10","1516/49, 75/39, 75/47, 75/44, 75/43, 75/42, 75/43, 75/48, 75/46, 75/46, 75/49, 75/46, 75/51, 75/46, 75/36, 75/51, 75/45, 75/41, 75/44, 75/45, 75/46, 75/54, 75/47, 75/56, 75/55, 75/54, 75/53, 75/57, 75/10",86644.0,0.0
37,v0.97 - 97,0,CrossEntropy,Adam,0.000904255,1,100,MainLinear,0.000224328,27,75,ACI_grouped,300,0.2,1000,-2,3,cuda,0.001,0.001,"[36, 36, 36, 36, 36, 36, 36, 36, 36, 36, 36, 36, 36, 36, 36, 36, 36, 36, 36, 36, 36, 36, 36, 36, 36, 36, 36, 36, 10]","[0.49, 0.49, 0.49, 0.49, 0.49, 0.49, 0.49, 0.49, 0.49, 0.49, 0.49, 0.49, 0.49, 0.49, 0.49, 0.49, 0.49, 0.49, 0.49, 0.49, 0.49, 0.49, 0.49, 0.49, 0.49, 0.49, 0.49, 0.49, 1.0]",DAIS_training|DAIS,0.5,0.5,0.005,0.003,3.0,2.0,False,"[10, 30, 30, 30, 30, 30, 30, 30, 30, 30, 30, 30, 30, 30, 30, 30, 30, 30, 30, 30, 30, 30, 30, 30, 30, 30, 30, 30, 10]",,ModelStateDict1727407584.3424466.pt,10,1516,3579830,2024-09-27 01:26:14.369013,x86_64,215.54913806915283,138.0188159999998,4325376.0,800.0,200.0,4.821064710617065,0.0752857878475798,0.070442842430484,0.0,0.0060263308882713,1.6147985458374023,0.0441379310344827,0.0551724137931034,0.0,0.008073992729187,0.0,,,,,,,,,,,60.41952610015869,266325.0,268435.0,145229.0,0.0,1091.0,"1516/75, 75/75, 75/75, 75/75, 75/75, 75/75, 75/75, 75/75, 75/75, 75/75, 75/75, 75/75, 75/75, 75/75, 75/75, 75/75, 75/75, 75/75, 75/75, 75/75, 75/75, 75/75, 75/75, 75/75, 75/75, 75/75, 75/75, 75/75, 75/10","1516/31, 75/34, 75/28, 75/42, 75/37, 75/28, 75/35, 75/30, 75/30, 75/38, 75/37, 75/37, 75/41, 75/24, 75/39, 75/37, 75/33, 75/34, 75/40, 75/33, 75/25, 75/39, 75/36, 75/34, 75/46, 75/42, 75/45, 75/54, 75/10",63024.0,0.0
38,v0.97 - 97,0,CrossEntropy,Adam,0.000904255,1,100,MainLinear,0.000224328,27,75,ACI_grouped,300,0.2,1000,-2,3,cuda,0.001,0.001,"[27, 27, 27, 27, 27, 27, 27, 27, 27, 27, 27, 27, 27, 27, 27, 27, 27, 27, 27, 27, 27, 27, 27, 27, 27, 27, 27, 27, 10]","[0.37, 0.37, 0.37, 0.37, 0.37, 0.37, 0.37, 0.37, 0.37, 0.37, 0.37, 0.37, 0.37, 0.37, 0.37, 0.37, 0.37, 0.37, 0.37, 0.37, 0.37, 0.37, 0.37, 0.37, 0.37, 0.37, 0.37, 0.37, 1.0]",DAIS_training|DAIS,0.5,0.5,0.005,0.003,3.0,2.0,False,"[10, 30, 30, 30, 30, 30, 30, 30, 30, 30, 30, 30, 30, 30, 30, 30, 30, 30, 30, 30, 30, 30, 30, 30, 30, 30, 30, 30, 10]",,ModelStateDict1727407584.3424466.pt,10,1516,3579830,2024-09-27 01:30:42.826188,x86_64,207.4225738048553,149.20089600000028,4325376.0,800.0,200.0,4.824037909507752,0.0752857878475798,0.070442842430484,0.0,0.0060300473868846,1.623853325843811,0.0441379310344827,0.0551724137931034,0.0,0.008119266629219,0.0,,,,,,,,,,,0.2195730209350586,266325.0,268435.0,174634.0,0.0,1387.0,"1516/75, 75/75, 75/75, 75/75, 75/75, 75/75, 75/75, 75/75, 75/75, 75/75, 75/75, 75/75, 75/75, 75/75, 75/75, 75/75, 75/75, 75/75, 75/75, 75/75, 75/75, 75/75, 75/75, 75/75, 75/75, 75/75, 75/75, 75/75, 75/10","1516/26, 75/20, 75/17, 75/26, 75/19, 75/24, 75/18, 75/28, 75/11, 75/25, 75/22, 75/21, 75/24, 75/25, 75/25, 75/27, 75/25, 75/20, 75/23, 75/32, 75/30, 75/27, 75/23, 75/32, 75/35, 75/34, 75/31, 75/43, 75/10",86644.0,0.0
39,v0.97 - 97,0,CrossEntropy,Adam,0.000904255,1,100,MainLinear,0.000224328,27,75,ACI_grouped,300,0.2,1000,-2,3,cuda,0.001,0.001,"[18, 18, 18, 18, 18, 18, 18, 18, 18, 18, 18, 18, 18, 18, 18, 18, 18, 18, 18, 18, 18, 18, 18, 18, 18, 18, 18, 18, 10]","[0.25, 0.25, 0.25, 0.25, 0.25, 0.25, 0.25, 0.25, 0.25, 0.25, 0.25, 0.25, 0.25, 0.25, 0.25, 0.25, 0.25, 0.25, 0.25, 0.25, 0.25, 0.25, 0.25, 0.25, 0.25, 0.25, 0.25, 0.25, 1.0]",DAIS_training|DAIS,0.5,0.5,0.005,0.003,3.0,2.0,False,"[10, 30, 30, 30, 30, 30, 30, 30, 30, 30, 30, 30, 30, 30, 30, 30, 30, 30, 30, 30, 30, 30, 30, 30, 30, 30, 30, 30, 10]",,ModelStateDict1727407584.3424466.pt,10,1516,3579830,2024-09-27 01:34:23.982384,x86_64,220.30114078521729,157.31097600000066,4325376.0,800.0,200.0,4.8194661140441895,0.0760905349794238,0.0707818930041152,0.0,0.0060243326425552,1.6219173669815063,0.060672268907563,0.0638655462184873,0.0,0.0081095868349075,0.0,,,,,,,,,,,0.2280151844024658,266325.0,268435.0,215460.0,0.0,1720.0,"1516/75, 75/75, 75/75, 75/75, 75/75, 75/75, 75/75, 75/75, 75/75, 75/75, 75/75, 75/75, 75/75, 75/75, 75/75, 75/75, 75/75, 75/75, 75/75, 75/75, 75/75, 75/75, 75/75, 75/75, 75/75, 75/75, 75/75, 75/75, 75/10","1516/15, 75/10, 75/10, 75/8, 75/18, 75/10, 75/10, 75/12, 75/5, 75/11, 75/15, 75/14, 75/14, 75/6, 75/13, 75/12, 75/13, 75/14, 75/12, 75/14, 75/9, 75/18, 75/12, 75/18, 75/17, 75/12, 75/22, 75/36, 75/10",110264.0,0.0
40,v0.97 - 97,0,CrossEntropy,Adam,0.000904255,1,100,MainLinear,0.000224328,27,75,ACI_grouped,300,0.2,1000,-2,3,cuda,0.001,0.001,"[9, 9, 9, 9, 9, 9, 9, 9, 9, 9, 9, 9, 9, 9, 9, 9, 9, 9, 9, 9, 9, 9, 9, 9, 9, 9, 9, 9, 10]","[0.12, 0.12, 0.12, 0.12, 0.12, 0.12, 0.12, 0.12, 0.12, 0.12, 0.12, 0.12, 0.12, 0.12, 0.12, 0.12, 0.12, 0.12, 0.12, 0.12, 0.12, 0.12, 0.12, 0.12, 0.12, 0.12, 0.12, 0.12, 1.0]",DAIS_training|DAIS,0.5,0.5,0.005,0.003,3.0,2.0,False,"[10, 30, 30, 30, 30, 30, 30, 30, 30, 30, 30, 30, 30, 30, 30, 30, 30, 30, 30, 30, 30, 30, 30, 30, 30, 30, 30, 30, 10]",,ModelStateDict1727407584.3424466.pt,10,1516,3579830,2024-09-27 01:40:00.937225,x86_64,336.1173508167267,-1160.998912000001,-5406720.0,800.0,200.0,4.822629809379578,0.0705310880829015,0.0683937823834196,0.0,0.0060282872617244,1.613680124282837,0.072892561983471,0.0694214876033057,0.0,0.0080684006214141,0.0,,,,,,,,,,,0.2268903255462646,266325.0,268435.0,261225.0,3166.0,2042.0,"1516/75, 75/75, 75/75, 75/75, 75/75, 75/75, 75/75, 75/75, 75/75, 75/75, 75/75, 75/75, 75/75, 75/75, 75/75, 75/75, 75/75, 75/75, 75/75, 75/75, 75/75, 75/75, 75/75, 75/75, 75/75, 75/75, 75/75, 75/75, 75/10","0/0, 0/0, 0/0, 0/0, 0/0, 0/0, 0/0, 0/0, 0/0, 0/0, 0/0, 0/0, 0/0, 0/0, 0/0, 0/0, 0/0, 0/0, 0/0, 0/0, 0/0, 0/0, 0/0, 75/2, 75/4, 75/8, 75/12, 75/32, 75/10",63024.0,0.0
41,v0.97 - 97,0,CrossEntropy,Adam,0.000904255,1,100,MainLinear,0.000224328,27,75,ACI_grouped,300,0.2,1000,-2,3,cuda,0.001,0.001,"[74, 74, 74, 74, 74, 74, 74, 74, 74, 74, 74, 74, 74, 74, 74, 74, 74, 74, 74, 74, 74, 74, 74, 74, 74, 74, 74, 74, 10]","[0.99, 0.99, 0.99, 0.99, 0.99, 0.99, 0.99, 0.99, 0.99, 0.99, 0.99, 0.99, 0.99, 0.99, 0.99, 0.99, 0.99, 0.99, 0.99, 0.99, 0.99, 0.99, 0.99, 0.99, 0.99, 0.99, 0.99, 0.99, 1.0]",thinet,0.5,0.5,0.005,0.003,3.0,2.0,False,"[10, 30, 30, 30, 30, 30, 30, 30, 30, 30, 30, 30, 30, 30, 30, 30, 30, 30, 30, 30, 30, 30, 30, 30, 30, 30, 30, 30, 10]",,ModelStateDict1727407584.3424466.pt,10,1516,3584743,2024-09-27 01:40:14.522704,x86_64,10.405368328094482,122.68748799999958,9581056.0,800.0,200.0,4.015485286712647,0.292222512954697,0.2880655949734702,0.0,0.0050193566083908,1.317015528678894,0.2864303697875688,0.2679464988198269,0.0,0.0065850776433944,99.0,0.0055584359169006,,0.0050521811842918,,0.0050207768380641,,0.0050306779146194,,0.0050212347507476,,15.22606086730957,260776.0,262858.0,0.0,0.0,0.0,"1516/74, 74/74, 74/74, 74/74, 74/74, 74/74, 74/74, 74/74, 74/74, 74/74, 74/74, 74/74, 74/74, 74/74, 74/74, 74/74, 74/74, 74/74, 74/74, 74/74, 74/74, 74/74, 74/74, 74/74, 74/74, 74/74, 74/74, 74/74, 74/10","1516/74, 74/74, 74/74, 74/74, 74/74, 74/74, 74/74, 74/74, 74/74, 74/74, 74/74, 74/74, 74/74, 74/74, 74/74, 74/74, 74/74, 74/74, 74/74, 74/74, 74/74, 74/74, 74/74, 74/74, 74/74, 74/74, 74/74, 74/74, 74/10",31316.0,0.0
42,v0.97 - 97,0,CrossEntropy,Adam,0.000904255,1,100,MainLinear,0.000224328,27,75,ACI_grouped,300,0.2,1000,-2,3,cuda,0.001,0.001,"[65, 65, 65, 65, 65, 65, 65, 65, 65, 65, 65, 65, 65, 65, 65, 65, 65, 65, 65, 65, 65, 65, 65, 65, 65, 65, 65, 65, 10]","[0.87, 0.87, 0.87, 0.87, 0.87, 0.87, 0.87, 0.87, 0.87, 0.87, 0.87, 0.87, 0.87, 0.87, 0.87, 0.87, 0.87, 0.87, 0.87, 0.87, 0.87, 0.87, 0.87, 0.87, 0.87, 0.87, 0.87, 0.87, 1.0]",thinet,0.5,0.5,0.005,0.003,3.0,2.0,False,"[10, 30, 30, 30, 30, 30, 30, 30, 30, 30, 30, 30, 30, 30, 30, 30, 30, 30, 30, 30, 30, 30, 30, 30, 30, 30, 30, 30, 10]",,ModelStateDict1727407584.3424466.pt,10,1516,3584743,2024-09-27 01:40:39.710919,x86_64,9.342912435531616,20.283391999999367,882176.0,800.0,200.0,4.023597002029419,0.4295041085755022,0.4161733215431907,0.0,0.0050294962525367,1.3212963342666626,0.415513808736164,0.416389305660591,0.0,0.0066064816713333,99.0,0.0055534487962722,,0.0051274317502975,,0.0050600104033946,,0.0050571556389331,,0.0050458724796772,,15.28597092628479,213265.0,215095.0,0.0,0.0,0.0,"1516/65, 65/65, 65/65, 65/65, 65/65, 65/65, 65/65, 65/65, 65/65, 65/65, 65/65, 65/65, 65/65, 65/65, 65/65, 65/65, 65/65, 65/65, 65/65, 65/65, 65/65, 65/65, 65/65, 65/65, 65/65, 65/65, 65/65, 65/65, 65/10","1516/65, 65/65, 65/65, 65/65, 65/65, 65/65, 65/65, 65/65, 65/65, 65/65, 65/65, 65/65, 65/65, 65/65, 65/65, 65/65, 65/65, 65/65, 65/65, 65/65, 65/65, 65/65, 65/65, 65/65, 65/65, 65/65, 65/65, 65/65, 65/10",60168.0,0.0
43,v0.97 - 97,0,CrossEntropy,Adam,0.000904255,1,100,MainLinear,0.000224328,27,75,ACI_grouped,300,0.2,1000,-2,3,cuda,0.001,0.001,"[55, 55, 55, 55, 55, 55, 55, 55, 55, 55, 55, 55, 55, 55, 55, 55, 55, 55, 55, 55, 55, 55, 55, 55, 55, 55, 55, 55, 10]","[0.74, 0.74, 0.74, 0.74, 0.74, 0.74, 0.74, 0.74, 0.74, 0.74, 0.74, 0.74, 0.74, 0.74, 0.74, 0.74, 0.74, 0.74, 0.74, 0.74, 0.74, 0.74, 0.74, 0.74, 0.74, 0.74, 0.74, 0.74, 1.0]",thinet,0.5,0.5,0.005,0.003,3.0,2.0,False,"[10, 30, 30, 30, 30, 30, 30, 30, 30, 30, 30, 30, 30, 30, 30, 30, 30, 30, 30, 30, 30, 30, 30, 30, 30, 30, 30, 30, 10]",,ModelStateDict1727407584.3424466.pt,10,1516,3584743,2024-09-27 01:41:04.385368,x86_64,8.773154258728027,11.60396799999944,683008.0,800.0,200.0,3.458473801612854,0.3814917009067151,0.3732639235938937,0.0,0.004323092252016,1.1502758264541626,0.3584677407986918,0.3432204226046996,0.0,0.0057513791322708,99.0,0.0058317719399929,,0.0048684075474739,,0.0043864427506923,,0.0044055071473121,,0.0043413715064525,,45.6672465801239,165605.0,167155.0,0.0,0.0,0.0,"1516/55, 55/55, 55/55, 55/55, 55/55, 55/55, 55/55, 55/55, 55/55, 55/55, 55/55, 55/55, 55/55, 55/55, 55/55, 55/55, 55/55, 55/55, 55/55, 55/55, 55/55, 55/55, 55/55, 55/55, 55/55, 55/55, 55/55, 55/55, 55/10","1516/55, 55/55, 55/55, 55/55, 55/55, 55/55, 55/55, 55/55, 55/55, 55/55, 55/55, 55/55, 55/55, 55/55, 55/55, 55/55, 55/55, 55/55, 55/55, 55/55, 55/55, 55/55, 55/55, 55/55, 55/55, 55/55, 55/55, 55/55, 55/10",54624.0,0.0
44,v0.97 - 97,0,CrossEntropy,Adam,0.000904255,1,100,MainLinear,0.000224328,27,75,ACI_grouped,300,0.2,1000,-2,3,cuda,0.001,0.001,"[46, 46, 46, 46, 46, 46, 46, 46, 46, 46, 46, 46, 46, 46, 46, 46, 46, 46, 46, 46, 46, 46, 46, 46, 46, 46, 46, 46, 10]","[0.62, 0.62, 0.62, 0.62, 0.62, 0.62, 0.62, 0.62, 0.62, 0.62, 0.62, 0.62, 0.62, 0.62, 0.62, 0.62, 0.62, 0.62, 0.62, 0.62, 0.62, 0.62, 0.62, 0.62, 0.62, 0.62, 0.62, 0.62, 1.0]",thinet,0.5,0.5,0.005,0.003,3.0,2.0,False,"[10, 30, 30, 30, 30, 30, 30, 30, 30, 30, 30, 30, 30, 30, 30, 30, 30, 30, 30, 30, 30, 30, 30, 30, 30, 30, 30, 30, 10]",,ModelStateDict1727407584.3424466.pt,10,1516,3584743,2024-09-27 01:41:58.774415,x86_64,8.099865913391113,10.55539200000021,530944.0,800.0,200.0,3.0484238862991333,0.4817291596625951,0.4667340379351875,0.0,0.0038105298578739,1.0430289506912231,0.4279085723095899,0.414122725871107,0.0,0.0052151447534561,99.0,0.0062549372017383,,0.0047523681819438,,0.0039343865215778,,0.0038781948387622,,0.0037504773586988,,45.6139976978302,127328.0,128626.0,0.0,0.0,0.0,"1516/46, 46/46, 46/46, 46/46, 46/46, 46/46, 46/46, 46/46, 46/46, 46/46, 46/46, 46/46, 46/46, 46/46, 46/46, 46/46, 46/46, 46/46, 46/46, 46/46, 46/46, 46/46, 46/46, 46/46, 46/46, 46/46, 46/46, 46/46, 46/10","1516/46, 46/46, 46/46, 46/46, 46/46, 46/46, 46/46, 46/46, 46/46, 46/46, 46/46, 46/46, 46/46, 46/46, 46/46, 46/46, 46/46, 46/46, 46/46, 46/46, 46/46, 46/46, 46/46, 46/46, 46/46, 46/46, 46/46, 46/46, 46/10",48996.0,0.0
45,v0.97 - 97,0,CrossEntropy,Adam,0.000904255,1,100,MainLinear,0.000224328,27,75,ACI_grouped,300,0.2,1000,-2,3,cuda,0.001,0.001,"[36, 36, 36, 36, 36, 36, 36, 36, 36, 36, 36, 36, 36, 36, 36, 36, 36, 36, 36, 36, 36, 36, 36, 36, 36, 36, 36, 36, 10]","[0.49, 0.49, 0.49, 0.49, 0.49, 0.49, 0.49, 0.49, 0.49, 0.49, 0.49, 0.49, 0.49, 0.49, 0.49, 0.49, 0.49, 0.49, 0.49, 0.49, 0.49, 0.49, 0.49, 0.49, 0.49, 0.49, 0.49, 0.49, 1.0]",thinet,0.5,0.5,0.005,0.003,3.0,2.0,False,"[10, 30, 30, 30, 30, 30, 30, 30, 30, 30, 30, 30, 30, 30, 30, 30, 30, 30, 30, 30, 30, 30, 30, 30, 30, 30, 30, 30, 10]",,ModelStateDict1727407584.3424466.pt,10,1516,3584743,2024-09-27 01:42:51.774528,x86_64,6.777396202087402,8.593407999998817,387072.0,800.0,200.0,3.98454749584198,0.2428036608913474,0.2424068468844588,0.0,0.0049806843698024,1.3052399158477783,0.2540096038415366,0.2300120048019207,0.0,0.0065261995792388,99.0,0.0053038465976715,,0.0050197932124137,,0.0049741660058498,,0.0049613037705421,,0.0049597771465778,,45.680811643600464,89928.0,90946.0,0.0,0.0,0.0,"1516/36, 36/36, 36/36, 36/36, 36/36, 36/36, 36/36, 36/36, 36/36, 36/36, 36/36, 36/36, 36/36, 36/36, 36/36, 36/36, 36/36, 36/36, 36/36, 36/36, 36/36, 36/36, 36/36, 36/36, 36/36, 36/36, 36/36, 36/36, 36/10","1516/36, 36/36, 36/36, 36/36, 36/36, 36/36, 36/36, 36/36, 36/36, 36/36, 36/36, 36/36, 36/36, 36/36, 36/36, 36/36, 36/36, 36/36, 36/36, 36/36, 36/36, 36/36, 36/36, 36/36, 36/36, 36/36, 36/36, 36/36, 36/10",43452.0,0.0
46,v0.97 - 97,0,CrossEntropy,Adam,0.000904255,1,100,MainLinear,0.000224328,27,75,ACI_grouped,300,0.2,1000,-2,3,cuda,0.001,0.001,"[27, 27, 27, 27, 27, 27, 27, 27, 27, 27, 27, 27, 27, 27, 27, 27, 27, 27, 27, 27, 27, 27, 27, 27, 27, 27, 27, 27, 10]","[0.37, 0.37, 0.37, 0.37, 0.37, 0.37, 0.37, 0.37, 0.37, 0.37, 0.37, 0.37, 0.37, 0.37, 0.37, 0.37, 0.37, 0.37, 0.37, 0.37, 0.37, 0.37, 0.37, 0.37, 0.37, 0.37, 0.37, 0.37, 1.0]",thinet,0.5,0.5,0.005,0.003,3.0,2.0,False,"[10, 30, 30, 30, 30, 30, 30, 30, 30, 30, 30, 30, 30, 30, 30, 30, 30, 30, 30, 30, 30, 30, 30, 30, 30, 30, 30, 30, 10]",,ModelStateDict1727407584.3424466.pt,10,1516,3584743,2024-09-27 01:43:43.570576,x86_64,5.488543272018433,7.430143999999927,263168.0,800.0,200.0,3.491608738899231,0.5137095187717169,0.4989408105960508,0.0,0.004364510923624,1.254896640777588,0.4559750557413601,0.442360646599777,0.0,0.0062744832038879,99.0,0.0051170405745506,,0.0049619853496551,,0.0045619817078113,,0.0044030667841434,,0.0043060363829135,,45.85854721069336,60885.0,61651.0,0.0,0.0,0.0,"1516/27, 27/27, 27/27, 27/27, 27/27, 27/27, 27/27, 27/27, 27/27, 27/27, 27/27, 27/27, 27/27, 27/27, 27/27, 27/27, 27/27, 27/27, 27/27, 27/27, 27/27, 27/27, 27/27, 27/27, 27/27, 27/27, 27/27, 27/27, 27/10","1516/27, 27/27, 27/27, 27/27, 27/27, 27/27, 27/27, 27/27, 27/27, 27/27, 27/27, 27/27, 27/27, 27/27, 27/27, 27/27, 27/27, 27/27, 27/27, 27/27, 27/27, 27/27, 27/27, 27/27, 27/27, 27/27, 27/27, 27/27, 27/10",37824.0,0.0
47,v0.97 - 97,0,CrossEntropy,Adam,0.000904255,1,100,MainLinear,0.000224328,27,75,ACI_grouped,300,0.2,1000,-2,3,cuda,0.001,0.001,"[18, 18, 18, 18, 18, 18, 18, 18, 18, 18, 18, 18, 18, 18, 18, 18, 18, 18, 18, 18, 18, 18, 18, 18, 18, 18, 18, 18, 10]","[0.25, 0.25, 0.25, 0.25, 0.25, 0.25, 0.25, 0.25, 0.25, 0.25, 0.25, 0.25, 0.25, 0.25, 0.25, 0.25, 0.25, 0.25, 0.25, 0.25, 0.25, 0.25, 0.25, 0.25, 0.25, 0.25, 0.25, 0.25, 1.0]",thinet,0.5,0.5,0.005,0.003,3.0,2.0,False,"[10, 30, 30, 30, 30, 30, 30, 30, 30, 30, 30, 30, 30, 30, 30, 30, 30, 30, 30, 30, 30, 30, 30, 30, 30, 30, 30, 30, 10]",,ModelStateDict1727407584.3424466.pt,10,1516,3584743,2024-09-27 01:44:34.319069,x86_64,4.270694971084595,9.37574400000085,166912.0,800.0,200.0,3.6778026819229126,0.4179625718008359,0.4036698486717816,0.0,0.0045972533524036,1.2140001058578491,0.3856776752468835,0.3867508499271491,0.0,0.0060700005292892,99.0,0.0055159340798854,,0.0053060925006866,,0.0047654628753662,,0.0046537502110004,,0.0045838938653469,,45.989490270614624,36216.0,36730.0,0.0,0.0,0.0,"1516/18, 18/18, 18/18, 18/18, 18/18, 18/18, 18/18, 18/18, 18/18, 18/18, 18/18, 18/18, 18/18, 18/18, 18/18, 18/18, 18/18, 18/18, 18/18, 18/18, 18/18, 18/18, 18/18, 18/18, 18/18, 18/18, 18/18, 18/18, 18/10","1516/18, 18/18, 18/18, 18/18, 18/18, 18/18, 18/18, 18/18, 18/18, 18/18, 18/18, 18/18, 18/18, 18/18, 18/18, 18/18, 18/18, 18/18, 18/18, 18/18, 18/18, 18/18, 18/18, 18/18, 18/18, 18/18, 18/18, 18/18, 18/10",32532.0,0.0
48,v0.97 - 97,0,CrossEntropy,Adam,0.000904255,1,100,MainLinear,0.000224328,27,75,ACI_grouped,300,0.2,1000,-2,3,cuda,0.001,0.001,"[9, 9, 9, 9, 9, 9, 9, 9, 9, 9, 9, 9, 9, 9, 9, 9, 9, 9, 9, 9, 9, 9, 9, 9, 9, 9, 9, 9, 10]","[0.12, 0.12, 0.12, 0.12, 0.12, 0.12, 0.12, 0.12, 0.12, 0.12, 0.12, 0.12, 0.12, 0.12, 0.12, 0.12, 0.12, 0.12, 0.12, 0.12, 0.12, 0.12, 0.12, 0.12, 0.12, 0.12, 0.12, 0.12, 1.0]",thinet,0.5,0.5,0.005,0.003,3.0,2.0,False,"[10, 30, 30, 30, 30, 30, 30, 30, 30, 30, 30, 30, 30, 30, 30, 30, 30, 30, 30, 30, 30, 30, 30, 30, 30, 30, 30, 30, 10]",,ModelStateDict1727407584.3424466.pt,10,1516,3584743,2024-09-27 01:45:23.735825,x86_64,2.8068952560424805,11.505663999998433,83968.0,800.0,200.0,5.020577192306519,0.0705310880829015,0.0683937823834196,0.0,0.0062757214903831,1.64074444770813,0.072892561983471,0.0694214876033057,0.0,0.0082037222385406,99.0,0.0064452069997787,,0.00630673751235,,0.0062696366012096,,0.0062766955792903,,0.0062818922102451,,46.10141468048096,15921.0,16183.0,0.0,0.0,0.0,"1516/9, 9/9, 9/9, 9/9, 9/9, 9/9, 9/9, 9/9, 9/9, 9/9, 9/9, 9/9, 9/9, 9/9, 9/9, 9/9, 9/9, 9/9, 9/9, 9/9, 9/9, 9/9, 9/9, 9/9, 9/9, 9/9, 9/9, 9/9, 9/10","1516/9, 9/9, 9/9, 9/9, 9/9, 9/9, 9/9, 9/9, 9/9, 9/9, 9/9, 9/9, 9/9, 9/9, 9/9, 9/9, 9/9, 9/9, 9/9, 9/9, 9/9, 9/9, 9/9, 9/9, 9/9, 9/9, 9/9, 9/9, 9/10",27240.0,0.0
49,v0.97 - 97,0,CrossEntropy,Adam,0.000904255,1,100,MainLinear,0.000224328,27,75,ACI_grouped,300,0.2,1000,-2,3,cuda,0.001,0.001,"[74, 74, 74, 74, 74, 74, 74, 74, 74, 74, 74, 74, 74, 74, 74, 74, 74, 74, 74, 74, 74, 74, 74, 74, 74, 74, 74, 74, 10]","[0.99, 0.99, 0.99, 0.99, 0.99, 0.99, 0.99, 0.99, 0.99, 0.99, 0.99, 0.99, 0.99, 0.99, 0.99, 0.99, 0.99, 0.99, 0.99, 0.99, 0.99, 0.99, 0.99, 0.99, 0.99, 0.99, 0.99, 0.99, 1.0]",RandomStructured,0.5,0.5,0.005,0.003,3.0,2.0,False,"[10, 30, 30, 30, 30, 30, 30, 30, 30, 30, 30, 30, 30, 30, 30, 30, 30, 30, 30, 30, 30, 30, 30, 30, 30, 30, 30, 30, 10]",,ModelStateDict1727407584.3424466.pt,10,1516,3588921,2024-09-27 01:46:25.737255,x86_64,12.900731563568115,758.7430399999994,20283392.0,800.0,200.0,4.168683767318726,0.2399851067086782,0.2394101363676952,0.0,0.0052108547091484,1.3411747217178345,0.2462337507453786,0.2237805605247465,0.0,0.0067058736085891,0.0,,,,,,,,,,,0.1290047168731689,266325.0,268435.0,3541.0,0.0,28.0,"1516/75, 75/75, 75/75, 75/75, 75/75, 75/75, 75/75, 75/75, 75/75, 75/75, 75/75, 75/75, 75/75, 75/75, 75/75, 75/75, 75/75, 75/75, 75/75, 75/75, 75/75, 75/75, 75/75, 75/75, 75/75, 75/75, 75/75, 75/75, 75/10","1516/74, 75/74, 75/74, 75/74, 75/74, 75/74, 75/74, 75/74, 75/74, 75/74, 75/74, 75/74, 75/74, 75/74, 75/74, 75/74, 75/74, 75/74, 75/74, 75/74, 75/74, 75/74, 75/74, 75/74, 75/74, 75/74, 75/74, 75/74, 75/10",31568.0,0.0
50,v0.97 - 97,0,CrossEntropy,Adam,0.000904255,1,100,MainLinear,0.000224328,27,75,ACI_grouped,300,0.2,1000,-2,3,cuda,0.001,0.001,"[65, 65, 65, 65, 65, 65, 65, 65, 65, 65, 65, 65, 65, 65, 65, 65, 65, 65, 65, 65, 65, 65, 65, 65, 65, 65, 65, 65, 10]","[0.87, 0.87, 0.87, 0.87, 0.87, 0.87, 0.87, 0.87, 0.87, 0.87, 0.87, 0.87, 0.87, 0.87, 0.87, 0.87, 0.87, 0.87, 0.87, 0.87, 0.87, 0.87, 0.87, 0.87, 0.87, 0.87, 0.87, 0.87, 1.0]",RandomStructured,0.5,0.5,0.005,0.003,3.0,2.0,False,"[10, 30, 30, 30, 30, 30, 30, 30, 30, 30, 30, 30, 30, 30, 30, 30, 30, 30, 30, 30, 30, 30, 30, 30, 30, 30, 30, 30, 10]",,ModelStateDict1727407584.3424466.pt,10,1516,3588921,2024-09-27 01:46:39.494768,x86_64,13.02316927909851,672.2764800000004,3244032.0,800.0,200.0,4.053408861160278,0.2620905269690814,0.2600902730760551,0.0,0.0050667610764503,1.3264248371124268,0.2737651758867932,0.2527185180512626,0.0,0.0066321241855621,0.0,,,,,,,,,,,0.1329267024993896,266325.0,268435.0,35410.0,0.0,280.0,"1516/75, 75/75, 75/75, 75/75, 75/75, 75/75, 75/75, 75/75, 75/75, 75/75, 75/75, 75/75, 75/75, 75/75, 75/75, 75/75, 75/75, 75/75, 75/75, 75/75, 75/75, 75/75, 75/75, 75/75, 75/75, 75/75, 75/75, 75/75, 75/10","1516/65, 75/65, 75/65, 75/65, 75/65, 75/65, 75/65, 75/65, 75/65, 75/65, 75/65, 75/65, 75/65, 75/65, 75/65, 75/65, 75/65, 75/65, 75/65, 75/65, 75/65, 75/65, 75/65, 75/65, 75/65, 75/65, 75/65, 75/65, 75/10",63024.0,0.0
51,v0.97 - 97,0,CrossEntropy,Adam,0.000904255,1,100,MainLinear,0.000224328,27,75,ACI_grouped,300,0.2,1000,-2,3,cuda,0.001,0.001,"[55, 55, 55, 55, 55, 55, 55, 55, 55, 55, 55, 55, 55, 55, 55, 55, 55, 55, 55, 55, 55, 55, 55, 55, 55, 55, 55, 55, 10]","[0.74, 0.74, 0.74, 0.74, 0.74, 0.74, 0.74, 0.74, 0.74, 0.74, 0.74, 0.74, 0.74, 0.74, 0.74, 0.74, 0.74, 0.74, 0.74, 0.74, 0.74, 0.74, 0.74, 0.74, 0.74, 0.74, 0.74, 0.74, 1.0]",RandomStructured,0.5,0.5,0.005,0.003,3.0,2.0,False,"[10, 30, 30, 30, 30, 30, 30, 30, 30, 30, 30, 30, 30, 30, 30, 30, 30, 30, 30, 30, 30, 30, 30, 30, 30, 30, 30, 30, 10]",,ModelStateDict1727407584.3424466.pt,10,1516,3588921,2024-09-27 01:47:23.363113,x86_64,43.13391613960266,189.20243200000004,0.0,800.0,200.0,4.817586302757263,0.0760905349794238,0.0707818930041152,0.0,0.0060219828784465,1.6172903776168823,0.060672268907563,0.0638655462184873,0.0,0.0080864518880844,0.0,,,,,,,,,,,0.1298544406890869,266325.0,268435.0,70820.0,0.0,560.0,"1516/75, 75/75, 75/75, 75/75, 75/75, 75/75, 75/75, 75/75, 75/75, 75/75, 75/75, 75/75, 75/75, 75/75, 75/75, 75/75, 75/75, 75/75, 75/75, 75/75, 75/75, 75/75, 75/75, 75/75, 75/75, 75/75, 75/75, 75/75, 75/10","1516/55, 75/55, 75/55, 75/55, 75/55, 75/55, 75/55, 75/55, 75/55, 75/55, 75/55, 75/55, 75/55, 75/55, 75/55, 75/55, 75/55, 75/55, 75/55, 75/55, 75/55, 75/55, 75/55, 75/55, 75/55, 75/55, 75/55, 75/55, 75/10",63024.0,0.0
52,v0.97 - 97,0,CrossEntropy,Adam,0.000904255,1,100,MainLinear,0.000224328,27,75,ACI_grouped,300,0.2,1000,-2,3,cuda,0.001,0.001,"[46, 46, 46, 46, 46, 46, 46, 46, 46, 46, 46, 46, 46, 46, 46, 46, 46, 46, 46, 46, 46, 46, 46, 46, 46, 46, 46, 46, 10]","[0.62, 0.62, 0.62, 0.62, 0.62, 0.62, 0.62, 0.62, 0.62, 0.62, 0.62, 0.62, 0.62, 0.62, 0.62, 0.62, 0.62, 0.62, 0.62, 0.62, 0.62, 0.62, 0.62, 0.62, 0.62, 0.62, 0.62, 0.62, 1.0]",RandomStructured,0.5,0.5,0.005,0.003,3.0,2.0,False,"[10, 30, 30, 30, 30, 30, 30, 30, 30, 30, 30, 30, 30, 30, 30, 30, 30, 30, 30, 30, 30, 30, 30, 30, 30, 30, 30, 30, 10]",,ModelStateDict1727407584.3424466.pt,10,1516,3588921,2024-09-27 01:48:06.872275,x86_64,42.78201723098755,74.17036800000096,0.0,800.0,200.0,4.821648478507996,0.0760905349794238,0.0707818930041152,0.0,0.0060270605981349,1.6184452772140503,0.060672268907563,0.0638655462184873,0.0,0.0080922263860702,0.0,,,,,,,,,,,0.1301932334899902,266325.0,268435.0,102689.0,0.0,812.0,"1516/75, 75/75, 75/75, 75/75, 75/75, 75/75, 75/75, 75/75, 75/75, 75/75, 75/75, 75/75, 75/75, 75/75, 75/75, 75/75, 75/75, 75/75, 75/75, 75/75, 75/75, 75/75, 75/75, 75/75, 75/75, 75/75, 75/75, 75/75, 75/10","1516/46, 75/46, 75/46, 75/46, 75/46, 75/46, 75/46, 75/46, 75/46, 75/46, 75/46, 75/46, 75/46, 75/46, 75/46, 75/46, 75/46, 75/46, 75/46, 75/46, 75/46, 75/46, 75/46, 75/46, 75/46, 75/46, 75/46, 75/46, 75/10",63024.0,0.0
53,v0.97 - 97,0,CrossEntropy,Adam,0.000904255,1,100,MainLinear,0.000224328,27,75,ACI_grouped,300,0.2,1000,-2,3,cuda,0.001,0.001,"[36, 36, 36, 36, 36, 36, 36, 36, 36, 36, 36, 36, 36, 36, 36, 36, 36, 36, 36, 36, 36, 36, 36, 36, 36, 36, 36, 36, 10]","[0.49, 0.49, 0.49, 0.49, 0.49, 0.49, 0.49, 0.49, 0.49, 0.49, 0.49, 0.49, 0.49, 0.49, 0.49, 0.49, 0.49, 0.49, 0.49, 0.49, 0.49, 0.49, 0.49, 0.49, 0.49, 0.49, 0.49, 0.49, 1.0]",RandomStructured,0.5,0.5,0.005,0.003,3.0,2.0,False,"[10, 30, 30, 30, 30, 30, 30, 30, 30, 30, 30, 30, 30, 30, 30, 30, 30, 30, 30, 30, 30, 30, 30, 30, 30, 30, 30, 30, 10]",,ModelStateDict1727407584.3424466.pt,10,1516,3588921,2024-09-27 01:48:50.913683,x86_64,43.31034755706787,-247.2058880000004,0.0,800.0,200.0,4.814827084541321,0.0760905349794238,0.0707818930041152,0.0,0.0060185338556766,1.6186892986297607,0.060672268907563,0.0638655462184873,0.0,0.0080934464931488,0.0,,,,,,,,,,,0.1369988918304443,266325.0,268435.0,138099.0,0.0,1092.0,"1516/75, 75/75, 75/75, 75/75, 75/75, 75/75, 75/75, 75/75, 75/75, 75/75, 75/75, 75/75, 75/75, 75/75, 75/75, 75/75, 75/75, 75/75, 75/75, 75/75, 75/75, 75/75, 75/75, 75/75, 75/75, 75/75, 75/75, 75/75, 75/10","1516/36, 75/36, 75/36, 75/36, 75/36, 75/36, 75/36, 75/36, 75/36, 75/36, 75/36, 75/36, 75/36, 75/36, 75/36, 75/36, 75/36, 75/36, 75/36, 75/36, 75/36, 75/36, 75/36, 75/36, 75/36, 75/36, 75/36, 75/36, 75/10",63024.0,0.0
54,v0.97 - 97,0,CrossEntropy,Adam,0.000904255,1,100,MainLinear,0.000224328,27,75,ACI_grouped,300,0.2,1000,-2,3,cuda,0.001,0.001,"[27, 27, 27, 27, 27, 27, 27, 27, 27, 27, 27, 27, 27, 27, 27, 27, 27, 27, 27, 27, 27, 27, 27, 27, 27, 27, 27, 27, 10]","[0.37, 0.37, 0.37, 0.37, 0.37, 0.37, 0.37, 0.37, 0.37, 0.37, 0.37, 0.37, 0.37, 0.37, 0.37, 0.37, 0.37, 0.37, 0.37, 0.37, 0.37, 0.37, 0.37, 0.37, 0.37, 0.37, 0.37, 0.37, 1.0]",RandomStructured,0.5,0.5,0.005,0.003,3.0,2.0,False,"[10, 30, 30, 30, 30, 30, 30, 30, 30, 30, 30, 30, 30, 30, 30, 30, 30, 30, 30, 30, 30, 30, 30, 30, 30, 30, 30, 30, 10]",,ModelStateDict1727407584.3424466.pt,10,1516,3588921,2024-09-27 01:49:35.054847,x86_64,43.39617776870728,-212.59468800000104,0.0,800.0,200.0,4.819631457328796,0.0760905349794238,0.0707818930041152,0.0,0.0060245393216609,1.6182551383972168,0.060672268907563,0.0638655462184873,0.0,0.008091275691986,0.0,,,,,,,,,,,0.1320338249206543,266325.0,268435.0,169968.0,0.0,1344.0,"1516/75, 75/75, 75/75, 75/75, 75/75, 75/75, 75/75, 75/75, 75/75, 75/75, 75/75, 75/75, 75/75, 75/75, 75/75, 75/75, 75/75, 75/75, 75/75, 75/75, 75/75, 75/75, 75/75, 75/75, 75/75, 75/75, 75/75, 75/75, 75/10","1516/27, 75/27, 75/27, 75/27, 75/27, 75/27, 75/27, 75/27, 75/27, 75/27, 75/27, 75/27, 75/27, 75/27, 75/27, 75/27, 75/27, 75/27, 75/27, 75/27, 75/27, 75/27, 75/27, 75/27, 75/27, 75/27, 75/27, 75/27, 75/10",63024.0,0.0
55,v0.97 - 97,0,CrossEntropy,Adam,0.000904255,1,100,MainLinear,0.000224328,27,75,ACI_grouped,300,0.2,1000,-2,3,cuda,0.001,0.001,"[18, 18, 18, 18, 18, 18, 18, 18, 18, 18, 18, 18, 18, 18, 18, 18, 18, 18, 18, 18, 18, 18, 18, 18, 18, 18, 18, 18, 10]","[0.25, 0.25, 0.25, 0.25, 0.25, 0.25, 0.25, 0.25, 0.25, 0.25, 0.25, 0.25, 0.25, 0.25, 0.25, 0.25, 0.25, 0.25, 0.25, 0.25, 0.25, 0.25, 0.25, 0.25, 0.25, 0.25, 0.25, 0.25, 1.0]",RandomStructured,0.5,0.5,0.005,0.003,3.0,2.0,False,"[10, 30, 30, 30, 30, 30, 30, 30, 30, 30, 30, 30, 30, 30, 30, 30, 30, 30, 30, 30, 30, 30, 30, 30, 30, 30, 30, 30, 10]",,ModelStateDict1727407584.3424466.pt,10,1516,3588921,2024-09-27 01:50:18.951708,x86_64,43.16520166397095,-167.87046400000145,0.0,800.0,200.0,4.819941163063049,0.0760905349794238,0.0707818930041152,0.0,0.0060249264538288,1.6195096969604492,0.060672268907563,0.0638655462184873,0.0,0.0080975484848022,0.0,,,,,,,,,,,0.1347057819366455,266325.0,268435.0,201837.0,0.0,1596.0,"1516/75, 75/75, 75/75, 75/75, 75/75, 75/75, 75/75, 75/75, 75/75, 75/75, 75/75, 75/75, 75/75, 75/75, 75/75, 75/75, 75/75, 75/75, 75/75, 75/75, 75/75, 75/75, 75/75, 75/75, 75/75, 75/75, 75/75, 75/75, 75/10","1516/18, 75/18, 75/18, 75/18, 75/18, 75/18, 75/18, 75/18, 75/18, 75/18, 75/18, 75/18, 75/18, 75/18, 75/18, 75/18, 75/18, 75/18, 75/18, 75/18, 75/18, 75/18, 75/18, 75/18, 75/18, 75/18, 75/18, 75/18, 75/10",63024.0,0.0
56,v0.97 - 97,0,CrossEntropy,Adam,0.000904255,1,100,MainLinear,0.000224328,27,75,ACI_grouped,300,0.2,1000,-2,3,cuda,0.001,0.001,"[9, 9, 9, 9, 9, 9, 9, 9, 9, 9, 9, 9, 9, 9, 9, 9, 9, 9, 9, 9, 9, 9, 9, 9, 9, 9, 9, 9, 10]","[0.12, 0.12, 0.12, 0.12, 0.12, 0.12, 0.12, 0.12, 0.12, 0.12, 0.12, 0.12, 0.12, 0.12, 0.12, 0.12, 0.12, 0.12, 0.12, 0.12, 0.12, 0.12, 0.12, 0.12, 0.12, 0.12, 0.12, 0.12, 1.0]",RandomStructured,0.5,0.5,0.005,0.003,3.0,2.0,False,"[10, 30, 30, 30, 30, 30, 30, 30, 30, 30, 30, 30, 30, 30, 30, 30, 30, 30, 30, 30, 30, 30, 30, 30, 30, 30, 30, 30, 10]",,ModelStateDict1727407584.3424466.pt,10,1516,3588921,2024-09-27 01:51:02.412657,x86_64,42.71854591369629,-179.93318399999953,0.0,800.0,200.0,5.713188171386719,0.0760905349794238,0.0707818930041152,0.0,0.0071414852142333,1.908568263053894,0.060672268907563,0.0638655462184873,0.0,0.0095428413152694,0.0,,,,,,,,,,,0.1365242004394531,266325.0,268435.0,233706.0,0.0,1848.0,"1516/75, 75/75, 75/75, 75/75, 75/75, 75/75, 75/75, 75/75, 75/75, 75/75, 75/75, 75/75, 75/75, 75/75, 75/75, 75/75, 75/75, 75/75, 75/75, 75/75, 75/75, 75/75, 75/75, 75/75, 75/75, 75/75, 75/75, 75/75, 75/10","1516/9, 75/9, 75/9, 75/9, 75/9, 75/9, 75/9, 75/9, 75/9, 75/9, 75/9, 75/9, 75/9, 75/9, 75/9, 75/9, 75/9, 75/9, 75/9, 75/9, 75/9, 75/9, 75/9, 75/9, 75/9, 75/9, 75/9, 75/9, 75/10",63024.0,0.0
